dynasty,addr_chn,region,count,x_coord,y_coord
宋,開封,北,1812,114.34333,34.785477
宋,莆田,南,1749,119.011101,25.433954000000004
宋,閩縣,南,1396,119.32157699999999,26.073953999999997
宋,晉江,南,1223,118.58990500000002,24.909641
宋,鄞縣,南,1089,121.54265600000001,29.866316
宋,永嘉,南,829,120.65322099999999,28.018291
宋,福州,南,816,119.321577,26.073954000000004
宋,建安,南,645,118.32378400000002,27.038864
宋,廬陵,南,608,114.97127499999999,27.103239000000002
宋,洛陽,北,598,112.38263000000002,34.665276
宋,臨川,南,592,116.351341,27.984781
宋,武進,南,583,119.952301,31.782784
宋,平陽,南,579,120.47529678756477,27.655679160621762
宋,吳縣,南,570,120.61862199999999,31.31271
宋,侯官,南,531,119.321577,26.073954
宋,臨海,南,511,121.120598,28.843132
宋,仙遊,南,508,118.68367004,25.364557266
宋,金華,南,507,119.649918,29.104712
宋,南城,南,499,116.627449,27.559717
宋,錢塘,南,499,120.168625,30.294124999999998
宋,長樂,南,437,119.46726264759725,25.93199705491991
宋,遂寧,南,433,105.812285,30.194462
宋,龍溪,南,409,117.653053,24.511744
宋,麗水,南,385,119.913009,28.448732
宋,福清,南,384,119.381439,25.727917
宋,長溪,南,379,119.990395,26.883463
宋,甌寧,南,364,118.32378387,27.038864136
宋,德興,南,362,117.58011600000002,28.953411
宋,婺源,南,336,117.84458900000001,29.244728
宋,龍泉,南,336,118.24181495238095,27.74833985714286
宋,吉水,南,330,115.13224800000002,27.214366999999996
宋,歸安,南,330,120.09931200000001,30.864964
宋,瑞安,南,327,120.63069099999998,27.790511999999996
宋,劍浦,南,326,118.169182,26.642173999999997
宋,邵武,南,314,117.48339800000001,27.337692000000004
宋,東陽,南,310,120.227981,29.260567
宋,嘉興,南,305,120.753204,30.767469000000002
宋,義烏,南,301,120.071625,29.300087
宋,黃巖,南,292,121.258354,28.642613
宋,奉化,南,291,121.406906,29.651656999999997
宋,臨安府,南,288,120.10839474444444,30.27096675300695
宋,崇安,南,277,118.026779,27.756025
宋,永福,南,273,118.54052346153846,25.828681516483517
宋,江陰,南,266,120.26609,31.908769999999997
宋,西安,南,266,118.867645,28.956821
宋,安岳,南,264,105.3245163,30.112699509
宋,懷安,南,262,119.22961426,26.093738556
宋,眉山,南,258,103.831459,30.050497
宋,豐城,南,248,115.78562877419354,28.19748435483871
宋,永康,南,241,120.025253,28.897268
宋,崑山,南,239,120.94823456,31.386108398
宋,山陰,南,234,120.57826199999998,30.004515
宋,常州,南,234,119.95230103,31.782783508
宋,仙居,南,233,120.49861071673818,28.976823433476397
宋,清江,南,231,115.34772836796537,28.035104467532467
宋,眉州,南,231,103.83145905,30.05050087
宋,餘姚,南,230,121.152763,30.049067
宋,南豐,南,225,116.52993,27.214306
宋,休寧,南,224,118.17577362,29.781190872
宋,樂平,南,224,117.124092,28.964994
宋,歙縣,南,220,118.433945,29.86577
宋,安福,南,216,114.608452,27.382462
宋,長安,北,216,108.906976,34.246423
宋,連江,南,215,119.53446899999999,26.198015
宋,開封府,北,214,114.34333000000001,34.785477
宋,樂清,南,207,120.95768699999999,28.130676
宋,浮梁,南,207,117.236359,29.382742
宋,新昌,南,206,120.12927504854369,29.355649669902917
宋,丹徒,南,205,119.44429016,32.206489563
宋,長興,南,205,119.901375,31.013893
宋,浦城,南,195,118.53625500000001,27.924686000000005
宋,都昌,南,194,116.189186,29.272564000000003
宋,餘干,南,193,116.681953,28.691545000000005
宋,江山,南,190,118.61593600000002,28.735312
宋,金壇,南,190,119.57061768,31.74697876
宋,建陽,南,189,118.10537,27.33988
宋,丹陽,南,187,119.56985499999999,31.995802
宋,慈溪,南,184,121.44419900000001,29.979195
宋,沙縣,南,184,117.78179200000001,26.39761
宋,新淦,南,183,115.393806,27.759735
宋,寧德,南,175,119.517273,26.661217
宋,羅源,南,175,119.54493000000001,26.490908
宋,華陽,南,173,104.077995,30.650385
宋,成都,南,171,104.077995,30.650385
宋,太和,南,169,114.894874,26.792103
宋,寧海,南,167,121.425552,29.283617
宋,南昌,南,165,113.61996193939395,26.159130472727274
宋,分寧,南,161,114.559631,29.038707999999996
宋,宜興,南,160,119.81438499999999,31.363638
宋,古田,南,159,118.78490400000001,26.601710000000004
宋,會稽,南,159,120.578262,30.004515
宋,宣城,南,158,118.74250000000002,30.946940999999995
宋,曲江,南,157,113.603417,24.810209
宋,新喻,南,156,114.931137,27.804075
宋,閩清,南,155,118.862495,26.213224
宋,永新,南,152,114.23687,26.945564
宋,蘭溪,南,152,119.47885100000002,29.204452999999997
宋,長洲,南,149,120.618622,31.31271
宋,貴溪,南,148,117.20227099999998,28.287900999999998
宋,鄱陽,南,148,116.66383300000001,28.994167
宋,烏程,南,146,120.09931200000001,30.864964000000004
宋,須城,北,139,116.282559,35.956072
宋,永豐,南,138,115.67259817391304,27.419189260869565
宋,無錫,南,135,120.297668,31.574614000000004
宋,天台,南,134,121.026558,29.138258
宋,淳安郡,未知,133,,
宋,青田,南,133,120.288155,28.143875
宋,常熟,南,132,120.733788,31.646582
宋,資州,南,130,104.84835815,29.784748077
宋,臨安,南,127,119.71658,30.318827
宋,上虞,南,126,120.973587,29.952654
宋,仁壽,南,126,104.143768,30.004446
宋,開化,南,126,118.404884,29.14485
宋,永春,南,125,118.28717,25.32579
宋,海鹽,南,124,120.932022,30.517859
宋,建昌,南,123,115.761818,29.087832
宋,興化,南,123,118.85648378048782,25.977023609756095
宋,上黨,北,122,113.103485,36.183537
宋,崇仁,南,121,116.061584,27.75564
宋,建德,南,121,118.92861309090908,29.67862761157025
宋,玉山,南,120,118.24018099999999,28.679602
宋,新建,南,117,115.89772,28.674896
宋,龍遊,南,116,117.04537003448276,29.10870496551724
宋,上饒,南,113,117.96489,28.450691
宋,浦江,南,113,119.883675,29.458708
宋,管城,北,113,113.641312,34.758076
宋,黟縣,南,113,117.930214,29.933117
宋,縉雲,南,111,120.058441,28.648392
宋,嵊縣,南,109,120.815277,29.58749
宋,安陽,北,108,114.345497,36.098343
宋,安仁,南,107,116.36764522429907,28.22871065420561
宋,德安,南,106,115.745026,29.330564
宋,合肥,南,101,117.276459,31.864456000000004
宋,宜黃,南,101,116.21018200000002,27.546391000000003
宋,淳安,南,101,118.965165,29.612287000000002
宋,武義,南,100,119.802269,28.895449
宋,海陽,南,100,116.63665799999998,23.667706
宋,餘杭,南,98,119.9406,30.27177
宋,金谿,南,96,116.77626,27.910084
宋,雍邱,北,96,114.76065999999999,34.49547
宋,惠安,南,95,118.802818,25.022077999999997
宋,祁陽,南,95,111.750727,26.579952000000002
宋,宋城,北,93,115.646072,34.447662
宋,平江府,南,93,120.618622,31.31271
宋,金堂,南,92,104.434563,30.857916
宋,鉅野,北,92,116.08870697,35.396209717
宋,德清,南,91,120.084801,30.553133
宋,慶元府,南,91,121.54265599999998,29.866316
宋,南海,南,90,113.256066,23.134624
宋,潞州,北,90,113.103485,36.183537
宋,華亭,南,90,121.227638,31.009476
宋,尤溪,南,89,118.18219,26.171848
宋,諸暨,南,89,120.22766099999998,29.713137
宋,雙流,南,89,103.92330899999999,30.579893
宋,嚴州,南,88,111.83200083749999,25.147103240499998
宋,江寧,南,87,118.76899,32.052563
宋,陽曲,北,86,112.73601500000001,38.08202
宋,崇德,南,85,120.418739,30.530447
宋,范陽,北,85,115.968147,39.487221
宋,長汀,南,85,116.34954071,25.833381653
宋,於潛,南,84,119.39478299999999,30.192015
宋,蒲江,南,84,103.502586,30.214196999999995
宋,鉛山,南,82,117.776588,28.208446
宋,零陵,南,82,111.58423,26.213489999999997
宋,祁門,南,81,117.706978,29.854147
宋,保昌,南,80,114.302086,25.118843
宋,南安,南,80,118.490440425,24.9625740875
宋,松陽,南,77,119.48534400000001,28.450748
宋,丹稜,南,76,103.512261,30.02619
宋,四川,未知,75,,
宋,星子,南,75,116.041122,29.453485999999998
宋,當塗,南,75,118.483437,31.555685
宋,青神,南,75,103.845108,29.837276000000003
宋,進賢,南,73,116.259071,28.364484999999995
宋,長沙,南,72,112.978134,28.198198
宋,高安,南,72,115.372276,28.425598
宋,衡陽,南,71,112.597038,26.901617
宋,吉州,南,70,114.97127533,27.103239059
宋,和州,南,70,118.36112213,31.714223861999997
宋,湖州,南,70,120.09931183,30.864963531
宋,寧都,南,69,116.010101,26.466515
宋,河南府,北,69,112.38262963753624,34.66527574686957
宋,番禺,南,69,113.27145026086957,23.114192463768113
宋,同安,南,68,118.144119,24.736046
宋,湖口,南,67,116.218018,29.734993
宋,寧化,南,66,116.659508,26.266445
宋,高郵,南,65,119.437332,32.79071
宋,臨邛,南,64,103.456825,30.41659
宋,鄄城,北,64,115.5583,35.61019
宋,元城,北,63,115.146522,36.275528
宋,吳江,南,63,120.637787,31.167065
宋,奉新,南,63,115.377151,28.70723
宋,樂安,南,63,115.831779,27.426289
宋,將樂,南,62,117.45501699999998,26.720821
宋,廣安軍,南,62,106.6402,30.474
宋,壽昌,南,61,119.219635,29.369589
宋,常山,南,61,118.502663,28.903732
宋,真州,南,61,119.177627,32.267544
宋,蓬州,南,61,106.36734009,31.038309097
宋,萍鄉,南,60,113.838638,27.631424
宋,贛縣,南,60,114.93248,25.847
宋,遂昌,南,60,119.26346600000001,28.587894
宋,鹽官,南,60,120.537499,30.40628
宋,江都,南,59,119.43718700000001,32.39127
宋,江陵,南,59,112.19077299999998,30.350445
宋,江華,南,57,111.67588199999999,25.113683
宋,溫州,南,57,120.6532211277193,28.018291464701758
宋,萬年,北,57,108.937189,34.317987
宋,仁和,南,55,120.168625,30.294125
宋,夏縣,北,55,111.220055,35.137451
宋,山陽,北,55,119.141106,33.502789
宋,成都府,南,55,104.0779953,30.650384903
宋,鄂州,南,54,114.30666319481482,30.573669454962964
宋,鎮江府,南,54,119.44429,32.20649
宋,富順,南,52,104.98831177000001,29.188720703
宋,小溪,南,51,105.570206,30.503918000000002
宋,明州,南,51,121.54265594,29.866315842
宋,晉原,南,51,103.672607,30.636564
宋,杭州,南,51,120.16862488,30.294124603
宋,武寧,南,51,115.099584,29.277487
宋,益都,北,51,118.478098,36.69748
宋,耀州,北,51,108.9715,34.91327
宋,茶陵,南,51,113.55217,26.801975
宋,南雄州,南,50,114.302086,25.118843
宋,彭城,北,50,117.18768300000002,34.269634
宋,桐廬,南,50,119.66493988,29.802457808999996
宋,句容,南,49,119.162735,31.946535000000004
宋,廣德,南,49,119.42018900000001,30.894686
宋,彭山,南,49,103.869247,30.200752
宋,真定,北,49,114.563645,38.14011
宋,磐石,南,49,104.848358,29.784748
宋,綿竹,南,49,104.197617,31.342484
宋,連州,南,49,112.378121,24.779701000000003
宋,道州,南,49,111.59088135,25.531356812
宋,井研,南,48,104.07743799999999,29.658509999999996
宋,大名,北,48,115.15036125,36.258776250000004
宋,無為,南,48,117.911316,31.298515
宋,綿州,南,48,104.74929809999999,31.459007263
宋,台州,南,47,121.12059784000002,28.843132019
宋,安吉,南,47,119.73822599999998,30.744599
宋,渠州,南,47,106.96224200000002,30.844326
宋,順昌,南,47,117.806282,26.797091
宋,樂昌,南,46,113.23656567391305,25.09208906521739
宋,衢州,南,46,118.86764526,28.956821442
宋,袁州,南,46,114.37588500000001,27.794265999999997
宋,內江,南,45,105.053894,29.580755
宋,射洪,南,45,105.276024,30.989159000000004
宋,永城,北,45,116.36399841000001,33.93945694
宋,海陵,南,45,119.91123999999999,32.495872
宋,蕭山,南,45,120.25893400000001,30.161488
宋,郫縣,南,45,103.888771,30.807074
宋,平江,南,44,113.57494300000002,28.709812
宋,晉陵,南,44,119.95230100000002,31.782783999999996
宋,處州,南,44,119.91300963999998,28.448732376
宋,陽翟,北,44,113.467056,34.162491
宋,饒州,南,44,116.66383362,28.994167328
宋,泰州海岸海水,北,43,120.52417,33.21192
宋,象山,南,43,121.86618,29.474428
宋,青陽,南,43,117.863052,30.636639000000002
宋,寧遠,南,42,111.80669700000001,25.254500190476193
宋,崞縣,北,42,112.751518,38.88332
宋,永興,南,42,113.91291771428571,27.542008666666668
宋,光澤,南,41,117.333252,27.539524
宋,泉州,南,41,118.58990478999999,24.909641266
宋,祥符,北,41,114.34332999999998,34.785477
宋,衡山,南,41,112.85241699999999,27.245646
宋,長子,北,41,112.873794,36.119934
宋,陽安,南,41,104.565246,30.403244000000004
宋,北海,北,40,119.10649900000001,36.702705
宋,新城,南,40,119.30249455,29.5698741
宋,襄邑,北,40,115.06597100000002,34.430504
宋,長社,北,40,113.819748,34.031391
宋,靈壽,北,40,114.36588299999998,38.30547
宋,南康,南,39,114.74516300000002,25.658571
宋,揚子,南,39,119.177627,32.267544
宋,河南,北,39,112.38263000000002,34.665276
宋,睦州,南,39,119.49885558999999,29.544481277000003
宋,弋陽,南,38,117.42131100000002,28.401876000000005
宋,昌國,南,38,122.101097,30.01516
宋,歷城,北,38,117.00148772999998,36.650131226
宋,涇縣,南,38,118.40658600000002,30.68671
宋,郪縣,南,38,105.08757,31.09462
宋,中江,南,37,104.679047,31.044277
宋,德化,南,37,117.56221921621622,26.739102216216217
宋,漳州,南,37,117.653053,24.511744
宋,潮陽,南,37,116.59406300000002,23.260954
宋,瑞州,南,37,115.37227600000001,28.425598
宋,上元,南,36,118.76899,32.052563
宋,建寧,南,36,116.5994143611111,26.991117083333332
宋,旌德,南,36,118.53877199999998,30.291025000000005
宋,濟陰,北,36,115.282862,34.990951
宋,遂安,南,36,118.738399,29.480773
宋,金鄉,北,36,116.30452699999998,35.068165
宋,宜春,南,35,114.398954,27.791904
宋,建平,南,35,119.18147300000001,31.134151
宋,江寧府,南,35,118.76898999999999,32.052563
宋,溧陽,南,35,119.486,31.430706000000004
宋,安溪,南,34,117.07143664705883,25.369243
宋,富陽,南,34,119.947754,30.053434
宋,歷陽,南,34,118.361122,31.714224000000005
宋,汝陰,南,34,115.809013,32.903057
宋,績溪,南,34,118.58410645,30.077772141
宋,襄陽,南,34,112.158699,32.026524
宋,婺州,南,33,119.6499176,29.104711533
宋,東莞,南,33,113.887895,22.63632772727273
宋,河陽,北,33,112.785721,34.840869
宋,湘陰,南,33,112.92826151515152,28.653487878787878
宋,潼川府,南,33,105.08757019,31.094619751000003
宋,閬中,南,33,105.967034,31.583159999999996
宋,偃師,北,32,112.804997,34.720623
宋,太平,南,32,118.123146,30.298552
宋,建州,南,32,118.32378388625,27.038864119
宋,浚儀,北,32,114.34333,34.785477
宋,湘鄉,南,32,112.518746,27.737248
宋,潮州,南,32,116.63665771,23.667705536
宋,耒陽,南,32,112.846886,26.41507
宋,膠水,北,32,119.94828,36.788235
宋,安陸,南,31,113.688919,31.263714
宋,永明,南,31,111.33514945161289,25.266925354838712
宋,潤州,南,31,119.44429016,32.206489563
宋,瀘川,南,31,105.437004,28.884363
宋,祁縣,北,31,112.3153,37.353817
宋,蘇州,南,31,120.61862183,31.312709808
宋,邛州,南,31,103.45682526,30.416589737
宋,鹽亭,南,31,105.376114,31.229305
宋,南充,南,30,106.105835,30.819111
宋,合州,南,30,106.25955,30.00394
宋,宛邱,北,30,114.8824,33.73398
宋,榮州,北,30,110.48323822,35.312034607
宋,興安,南,30,110.665871,25.613132
宋,萬安,南,30,114.779678,26.461771
宋,醴陵,南,30,113.494103,27.668518
宋,嘉興府,南,29,120.753204,30.767469
宋,楚丘,北,29,115.701694,34.704596
宋,樂至,南,29,105.020905,30.286826999999995
宋,虞城,北,29,115.88795300000001,34.510823
宋,南劍州,南,28,118.16918182000002,26.642173767
宋,南部,南,28,106.058586,31.359615
宋,南陵,南,28,118.332405,30.924437
宋,徽州,南,28,118.433945,29.86577
宋,新鄭,北,28,113.71908599999999,34.397324
宋,果州,南,28,106.105835,30.819111
宋,福安縣,未知,28,,
宋,紹興府,南,28,120.578262,30.004515
宋,邵陽,南,28,111.474937,27.249315
宋,鄆州,北,28,116.28256226,35.956073761
宋,如皋,南,27,120.558662,32.384022
宋,揚州,南,27,119.437187,32.39127
宋,江南,未知,27,,
宋,筠州,南,27,115.372276,28.425598000000004
宋,臨淄,北,27,118.370405,36.864015
宋,貴池,南,27,117.481834,30.654661
宋,達州,南,27,107.5001,31.22697
宋,郴州,南,27,113.02513899999998,25.802719
宋,銅陵,南,27,117.787499,30.953846
宋,剡縣,南,26,120.815277,29.58749
宋,南陽,北,26,112.535469,33.001678
宋,平樂,南,26,110.634869,24.642346999999997
宋,汲縣,北,26,114.070267,35.410385
宋,洪雅,南,26,103.151785,29.911528999999998
宋,秀州,南,26,120.753204,30.767469
宋,蓬溪,南,26,105.718852,30.775914
宋,龍川,南,26,115.186172,24.060003
宋,全椒,南,25,118.264374,32.098347
宋,太原府,北,25,112.56482699999998,37.873753
宋,建康府,南,25,118.76898999999999,32.052563
宋,東明,北,25,114.859356,34.92438
宋,柳州,南,25,109.40439599999999,24.309987999999997
宋,武康,南,25,119.964065,30.550453
宋,泰州,南,25,119.91123999999999,32.495872
宋,靖安,南,25,115.356644,28.861024999999998
宋,靜江府,南,25,110.28626251,25.280059814
宋,任城,北,24,116.57786500000002,35.410431
宋,汝陽,北,24,114.346001,33.007538
宋,泰寧,南,24,117.15911100083332,26.898485007666668
宋,西河,北,24,111.77902999999999,37.263405
宋,上猶,南,23,114.531746,25.796444
宋,信都,北,23,115.56381199999998,37.565983
宋,大庾,南,23,114.362829,25.399312
宋,桂陽,南,23,112.378121,24.779701
宋,清流,南,23,117.13805760869563,27.501232521739134
宋,漳浦,南,23,117.610733,24.117096
宋,營道,南,23,111.590881,25.531357000000003
宋,興國,南,23,115.342766,26.321701
宋,京兆府,北,22,108.94420624,34.266605377
宋,定海,南,22,121.71171600000001,29.953701
宋,漢州,南,22,104.28306580000002,30.981309891
宋,臨桂,南,22,110.286262,25.280059999999995
宋,陳留,北,22,114.524528,34.673195
宋,揭陽,南,21,116.349769,23.542976
宋,江南西路,未知,21,,
宋,淄川,北,21,117.96095600000001,36.635994
宋,湘潭,南,21,112.904414,27.704017
宋,衡州,南,21,112.59703825714286,26.901617047619045
宋,譙縣,北,21,115.77090500000001,33.879292
宋,青州,北,21,118.478098,36.69748
宋,全州,南,20,111.065003,25.931813999999996
宋,咸平,北,20,114.45907600000001,34.475006
宋,興寧,南,20,113.53427490000001,25.84072905
宋,始興,南,19,114.063148,24.945763
宋,巢縣,南,19,117.86484500000002,31.601736000000002
宋,廬江,南,19,117.28835300000001,31.253363
宋,武陵,南,19,111.6913,29.034807
宋,河東,北,19,110.332306,34.835129
宋,臨江軍,南,19,115.398987,28.015566
宋,興化軍,南,19,119.01110100000001,25.433954
宋,蕪湖,南,19,118.362618,31.334949000000005
宋,銅梁,南,19,106.026779,29.944742
宋,寧國軍節度,未知,18,,
宋,巴西,南,18,104.7676,31.464276
宋,平棘,北,18,114.772179,37.752926
宋,成武,北,18,115.875175,34.962231
宋,成紀,北,18,105.7258,34.5853
宋,撫州,南,18,116.35134125,27.984781265
宋,曲阜,北,18,116.986059,35.597553
宋,武功,北,18,108.105102,34.332054
宋,溧水,南,18,119.02286499999998,31.656557000000003
宋,濟源,北,18,112.58267212,35.092437744
宋,營山,南,18,106.565033,31.075796
宋,石照,南,18,106.259559,30.003943
宋,臨城,北,18,114.50006100000002,37.439831
宋,虔化,南,18,116.010101,26.466515
宋,西充,南,18,105.880943,31.010457999999996
宋,鄢陵,北,18,114.195343,34.107433
宋,巴陵,南,17,113.097656,29.37126
宋,新安,北,17,112.144302,34.733059
宋,昌化,南,17,119.211807,30.171944
宋,松溪,南,17,118.774612,27.528404
宋,永泰,南,17,117.36030864705882,26.50071729411765
宋,福建路,未知,17,,
宋,趙州,北,17,114.772179,37.752926
宋,鄆城,北,17,115.94113788235295,35.60533335294117
宋,鄭縣,北,17,109.759888,34.519627
宋,陽武,北,17,113.962967,35.051949
宋,雩都,南,17,115.409363,25.954086
宋,高要,南,17,112.453155,23.056921
宋,博羅,南,16,114.273606,23.172247
宋,合江,南,16,105.826729,28.812002
宋,大冶,南,16,114.962959,30.093138
宋,太康,北,16,114.85151756249999,34.0686930625
宋,定陶,北,16,115.552425,35.089468
宋,宜州,南,16,108.655884,24.49073
宋,寧國,南,16,118.977539,30.619968
宋,寶塞,北,16,115.34796,38.83195
宋,尉氏,北,16,114.18077087,34.413452148
宋,朐山,北,16,119.126012,34.582213
宋,石城,南,16,116.338944,26.328182
宋,諸城,北,16,119.403984,35.993355
宋,通遠軍,北,16,104.620308,35.575092
宋,邵武軍,南,16,117.483398,27.337692
宋,電白,南,16,111.03779987499999,22.010552999999998
宋,靜海,南,16,120.854645,32.010471
宋,順慶府,南,16,106.10583496,30.81911087
宋,內黃,北,15,114.745884,35.921836
宋,商河,北,15,117.157547,37.308677673
宋,奉符,北,15,117.126519,36.182097
宋,安豐,南,15,116.67452,32.334127
宋,寧化,北,15,112.10099800000002,38.642059
宋,寧鄉,南,15,112.55047600000002,28.2593
宋,建寧府,南,15,118.323784,27.038864
宋,德陽,南,15,104.391006,31.132372
宋,懷州,北,15,112.93698883,35.089302063
宋,新繁,南,15,104.01598399999999,30.876556
宋,榆次,北,15,112.744682,37.678467
宋,清溪,南,15,118.965165,29.612287
宋,無為軍,南,15,117.911316,31.298515
宋,蒙城,北,15,116.555748,33.268639
宋,虞鄉,北,15,110.617546,34.859409
宋,通州,南,15,120.85464500000002,32.010471
宋,釜陽,北,15,114.374245,36.359043
宋,長泰,南,15,117.750549,24.62048
宋,隆興府,南,15,115.89772,28.674896
宋,介休,北,14,111.912163,37.026474
宋,兗州,北,14,116.82369995,35.556697845
宋,分水,南,14,119.43347200000001,29.92337
宋,增城,南,14,113.82301528571428,23.345952785714285
宋,壽光,北,14,118.73851,36.879799
宋,宣化,南,14,106.86590550000001,24.995854642857143
宋,宣州,南,14,118.74250031,30.946941376
宋,崇陽,南,14,114.04383799999998,29.548801
宋,彭澤,南,14,116.551216,29.896095
宋,徐州,北,14,115.87600073,38.34089289242858
宋,政和,南,14,118.853187,27.372105
宋,桐城,南,14,116.93860600000001,31.05228
宋,河內,北,14,112.936989,35.089302
宋,海豐,南,14,115.334808,22.975712000000005
宋,渝州,南,14,106.44494629,29.590402603
宋,渠江,南,14,106.631752,30.47769
宋,濮陽,北,14,115.06886457142858,35.65802814285714
宋,龍安,南,14,104.428528,31.649504
宋,上蔡,北,13,114.226669,33.264837
宋,上高,南,13,114.92675,28.241369
宋,太湖,南,13,116.265076,30.420059
宋,新津,南,13,103.810936,30.423536
宋,昌元,南,13,105.707979,29.438777
宋,晉城,北,13,112.83915699999999,35.504318
宋,正平,北,13,111.216148,35.616409
宋,歸善,南,13,114.414981,23.089791999999996
宋,洪州,南,13,115.89772034,28.674896240000002
宋,石埭,南,13,117.94508399999998,30.374228
宋,萬泉,北,13,110.801264,35.36078
宋,郃陽,北,13,110.151016,35.242584
宋,鄰水,南,13,106.932105,30.424871
宋,信州,南,12,117.96488953,28.450691222999996
宋,夾江,南,12,103.57241800000001,29.74136
宋,富順監,南,12,104.9966,29.1883
宋,導江,南,12,103.71374099999998,31.002649
宋,并州,北,12,112.74468,37.67847
宋,廣州,南,12,113.2560656325,23.134624280583335
宋,彭州,南,12,103.94506836,30.991878510000003
宋,恭城,南,12,110.82196800000001,24.832979000000005
宋,桂州,南,12,110.28626200000001,25.280060000000002
宋,梁縣,北,12,112.837021,34.161762
宋,渤海,北,12,118.02375,37.36813
宋,潁昌府,北,12,113.81974792,34.031391144
宋,瀏陽,南,12,113.621437,28.149571999999996
宋,穀城,南,12,111.645805,32.26936
宋,臨湘,南,12,113.292869,29.588139
宋,莘縣,北,12,115.66508500000002,36.236708
宋,萊州,北,12,119.93800354,37.175430298
宋,蘄縣,北,12,117.012772,33.442562
宋,資陽,南,12,104.650192,30.122671
宋,陽朔,南,12,110.483627,24.777757999999995
宋,雍丘,北,12,114.7837,34.5527
宋,青城,南,12,103.66969999999999,30.8309
宋,饒陽,北,12,115.736023,38.245987
宋,龍巖,南,12,117.02916,25.103722
宋,大足,南,11,105.710487,29.711468
宋,宛丘,北,11,114.89159999999998,33.7331
宋,宜賓,南,11,104.6163559,28.774831772000002
宋,廣昌,南,11,116.31656700000002,26.836371999999997
宋,建昌軍,南,11,116.62744900000001,27.559717
宋,東光,北,11,116.532822,37.884556
宋,棗強,北,11,115.81653699999998,37.488137
宋,武安,北,11,114.191864,36.697582
宋,江州,南,11,115.98567963,29.722364426
宋,清湘,南,11,111.06500299999999,25.931814
宋,濟州,北,11,116.598,36.39659
宋,盂縣,北,11,113.4129715,38.090957642
宋,葉縣,北,11,113.300227,33.500148
宋,藍田,北,11,109.321556,34.153698
宋,長山,北,11,117.86491099999999,36.882379
宋,高唐,北,11,116.231,36.86162
宋,嘉禾,南,10,118.10537,27.33988
宋,太原,北,10,112.56482696999998,37.873748779
宋,安平,北,10,115.51057499999999,38.230526
宋,宜山,南,10,108.65588399999999,24.49073
宋,常寧,南,10,112.38709199999998,26.407257000000005
宋,廣陵,南,10,119.437187,32.39127
宋,應山,南,10,113.81899200000001,31.61832
宋,榮德,南,10,104.420372,29.463898
宋,永州,南,10,111.61256409,26.210338593
宋,江夏,南,10,114.306655,30.57367
宋,沅州,南,10,109.68408200000002,27.447302
宋,河中府,北,10,110.33230599999999,34.835129
宋,海門,南,10,121.692779,31.842256
宋,瀘州,南,10,105.43699646,28.88435936
宋,蒲陰,北,10,115.315086,38.412342
宋,蓬萊,北,10,120.74050200000002,37.804516
宋,蔡州,北,10,114.346,33.00754
宋,蘄水,南,10,115.252037,30.458690999999998
宋,衛州,北,10,114.0703,35.41038
宋,豐縣,北,10,116.58418299999998,34.703617
宋,遂溪,南,10,110.25089299999999,21.38298
宋,邢州,北,10,114.494263,37.066357
宋,銅山,南,10,104.93228200000001,30.767678999999998
宋,阜城,北,10,116.144707,37.868179
宋,韓城,北,10,110.437637,35.465939
宋,高麗,未知,10,,
宋,依政,南,9,103.696481,30.328339000000003
宋,信安,南,9,117.2724858888889,27.477481555555556
宋,分宜,南,9,114.693603,27.767023
宋,單父,北,9,116.07925400000002,34.797901
宋,安邱,北,9,119.19739999999999,36.42905
宋,定州,北,9,114.975044,38.520061
宋,富川,南,9,111.29557,24.526541
宋,峨眉,南,9,103.482224,29.60173
宋,廬州,南,9,117.27645874000001,31.864456177000005
宋,德慶府,南,9,111.771019,23.146791
宋,新城,北,9,115.98756399999999,39.245949
宋,新平,北,9,108.077988,35.039658
宋,梁山,南,9,107.788971,30.666655
宋,泗州,北,9,118.46811676,33.023403168
宋,泗水,北,9,117.27016099999999,35.6597
宋,泰興,南,9,119.9852221111111,32.192343888888885
宋,洹水,北,9,114.96708600000001,36.320159
宋,涪城,南,9,104.91629,31.267123
宋,淮南路,未知,9,,
宋,渭南,北,9,109.501236,34.502998
宋,濟南府,北,9,117.00148772999998,36.650131226
宋,相州,北,9,114.34549,36.098343
宋,穰縣,南,9,112.080963,32.684826
宋,繁昌,南,9,118.06960299999999,31.186507999999996
宋,聊城,北,9,116.07614199999999,36.471169
宋,莒縣,北,9,118.834419,35.581886
宋,華陰,北,9,110.089363,34.56831
宋,薊州,北,9,117.40181732000002,40.043861389
宋,鄒平,北,9,117.68444600000001,37.041858
宋,鄠縣,北,9,108.603897,34.11182
宋,閬州,南,9,105.967034,31.583160000000003
宋,陝州,北,9,111.36267853,34.656059265
宋,陵川,北,9,113.277008,35.778126
宋,隨州,南,9,113.36981964,31.715110779
宋,韋城,北,9,114.77003,35.418397
宋,飛烏,南,9,105.055901,30.633301
宋,館陶,北,9,115.32792677777778,36.53973033333333
宋,下邽,北,8,109.50959,34.729103
宋,中都,北,8,116.484373,35.728807
宋,什邡,南,8,104.174042,31.13427
宋,仙源,北,8,116.986059,35.597553
宋,光化,南,8,113.464426,31.640304
宋,六合,南,8,118.837898,32.348419
宋,南康軍,南,8,116.041122,29.453486
宋,天長,南,8,118.998154,32.690521
宋,封丘,北,8,114.40882874,35.039676666
宋,巴縣,南,8,106.558711,29.560046
宋,廣德軍,南,8,119.420189,30.894686
宋,方城,北,8,112.992508,33.260078
宋,昌樂,北,8,118.836708,36.703575
宋,武昌,南,8,114.879906,30.402718
宋,河北西路,北,8,114.56364441,38.140110016
宋,河間,北,8,116.085533,38.435699
宋,洺州,北,8,114.723068,36.701031
宋,海州,北,8,119.12601471,34.582214355
宋,海康,南,8,110.087914,20.901958
宋,清河,北,8,115.598726,37.067805
宋,溫縣,北,8,113.075463,34.938118
宋,潭州,南,8,112.978134,28.198198
宋,澧陽,南,8,111.756988,29.640152
宋,濮州,北,8,115.50356293,35.672870636
宋,犍為,南,8,103.943123,29.209244
宋,臨江,南,8,108.031578,30.298578
宋,舒城,南,8,116.938538,31.456448
宋,荊門軍,南,8,111.9927675,30.9301195
宋,蘭溪州,南,8,119.47885132,29.204452515
宋,西縣,北,8,106.60270650000001,33.1466225
宋,酸棗,北,8,114.097192,35.164454
宋,陳州,北,8,114.8824,33.73398
宋,靈川,南,8,110.38369,25.463203
宋,青澗城,北,8,110.30501,37.17646
宋,高密,北,8,119.752564,36.385406
宋,鹽城,北,8,120.13372,33.385162
宋,三水,北,7,108.32904,35.190163
宋,京山,南,7,113.116852,31.024815
宋,保寧,南,7,103.3161,31.511
宋,六安,南,7,116.494118,31.754595
宋,博平,北,7,116.01136542857144,36.616896714285716
宋,厭次,北,7,117.646891,37.295286999999995
宋,吳興郡,未知,7,,
宋,寧國府,南,7,118.74249999999999,30.946941
宋,寧陵,北,7,115.315368,34.445976
宋,彭水,南,7,108.17095947,29.292057037
宋,應天府,北,7,115.64607239,34.447662354
宋,播州,南,7,106.817406,28.138097999999996
宋,攸縣,南,7,113.34333,27.004034
宋,景陵,南,7,113.164116,30.65625
宋,曲沃,北,7,111.470024,35.641285
宋,東安,南,7,111.222092,26.332001
宋,桃源,南,7,111.477768,28.901598
宋,梓州,南,7,105.0876,31.09462
宋,樂陵,北,7,117.093374,37.824689
宋,永川,南,7,105.964344,29.234773999999998
宋,江津,南,7,106.379282,29.27299
宋,汾州,北,7,111.77902985,37.263401031
宋,滁州,南,7,118.30416107,32.316993713
宋,漢陽,南,7,114.26899,30.552242
宋,潞城,北,7,113.221146,36.335094
宋,瀛州,北,7,116.08553300000001,38.435699
宋,熙州,北,7,103.85794066999999,35.379146576
宋,瑕邱,北,7,116.72216,35.55548
宋,瑞昌,南,7,115.626966,29.648159
宋,瓊山,南,7,110.405388,19.762594
宋,盱眙,北,7,118.46811676,33.023403168
宋,硤石,北,7,111.48976428571429,34.408832857142855
宋,膚施,北,7,109.46991,36.591808
宋,臨武,南,7,112.538384,25.281508
宋,臨穎,北,7,113.9697,33.8078
宋,蜀州,南,7,103.67261,30.63656
宋,衛南,北,7,114.83506,35.554739
宋,越州,南,7,120.57826233,30.004514694
宋,通泉,南,7,105.417448,30.769575
宋,陰平,南,7,105.184,32.1964
宋,韶州,南,7,113.60341644,24.810209274000005
宋,高苑,北,7,117.959503,37.094288
宋,黃梅,南,7,115.85098,30.100052
宋,龍陽,南,7,111.969971,28.911768
宋,三原,北,6,108.798811,34.794427
宋,下蔡,南,6,116.720093,32.705585
宋,五原,北,6,107.60110000000002,37.5925
宋,亳州,北,6,115.77090454,33.879291534
宋,代州,北,6,112.94904327,39.060390472
宋,信豐,南,6,114.931076,25.378399
宋,共城,北,6,113.794144,35.458675
宋,南皮,北,6,116.69678500000002,38.037567
宋,博野,北,6,115.459084,38.457569
宋,咸寧,南,6,114.271622,29.892478999999998
宋,善化,南,6,112.978134,28.198198
宋,嘉魚,南,6,113.895576,29.975599
宋,固始,南,6,115.671104,32.18354
宋,奉節,南,6,109.566332,31.049143
宋,孝義,北,6,111.78276799999999,37.143234
宋,宜章,南,6,112.942116,25.401428
宋,寧晉,北,6,114.91539764,37.621086121
宋,平遙,北,6,112.177597,37.20726
宋,延州,北,6,109.46990967,36.591808319
宋,建安軍,南,6,119.17762699999999,32.267544
宋,掖縣,北,6,119.93800400000002,37.17543
宋,新井,南,6,105.938934,31.340229000000004
宋,新秦,北,6,110.5254,38.8771
宋,普州,南,6,105.3329,30.1123
宋,會昌,南,6,115.78302000000001,25.584330000000005
宋,東阿,北,6,116.11481500000001,36.16233366666666
宋,榮陽,北,6,113.31707999999999,34.78683
宋,樂壽,北,6,116.114899,38.190697
宋,歙州,南,6,118.4339447,29.86577034
宋,池州,南,6,117.48183440999999,30.654661179
宋,沙河,北,6,114.499619,36.936829
宋,潯州,南,6,110.071663,23.394571
宋,澶州,北,6,115.03487,35.681146
宋,瑞安府,南,6,120.65322113,28.018291473
宋,稷山,北,6,110.97882799999998,35.602161
宋,華州,北,6,109.7598877,34.519626617
宋,蒲圻,南,6,113.874611,29.708353
宋,蕩陰,北,6,114.35269165,35.925518036
宋,蘄州,南,6,115.34520000000002,30.062502
宋,蘄春,南,6,115.47425,30.30481
宋,襄垣,北,6,113.04076400000001,36.534588
宋,賓州,南,6,108.828369,23.243816
宋,酆都,南,6,107.714561,29.887396
宋,長垣,北,6,114.62228599999999,35.147162
宋,隴干,北,6,105.7378,35.524
宋,魏州,北,6,115.11642,36.418395
宋,黃岡,南,6,114.865494,30.446986999999996
宋,齊州,北,6,116.9969,36.6646
宋,龍興,北,6,113.061172,33.871128
宋,九隴,南,5,103.94506836000001,30.99187851
宋,伊陽,北,5,111.84937299999999,34.028179
宋,化城,南,5,106.7634,31.848599999999998
宋,南平軍,南,5,106.70668029999999,28.737340927
宋,原武,北,5,113.78942099999999,34.994549
宋,名山,南,5,103.09606899999999,30.094232999999996
宋,嘉定,南,5,121.249023,31.385845
宋,嘉州,南,5,103.75989999999999,29.5704
宋,城固,北,5,107.26797000000002,33.20288
宋,壁山,南,5,106.217262,29.599508000000004
宋,壽春,南,5,116.77711500000001,32.575748
宋,寧浦,南,5,109.2594,22.6792
宋,山東,未知,5,,
宋,崇寧,南,5,103.82247162000002,30.926973342999997
宋,平原,北,5,116.427864,37.156743
宋,平陰,北,5,116.448669,36.286934
宋,幽州,北,5,116.326,39.8768
宋,府州,北,5,111.0746,39.03214
宋,彰明,南,5,104.718544,31.718632000000003
宋,慶元,南,5,119.051315,27.614202
宋,懷寧,南,5,116.5672,30.630345999999996
宋,扶風,北,5,107.86849213,34.361824036
宋,新寧,南,5,107.973465,31.076944000000005
宋,新會,南,5,113.038399,22.526581
宋,新都,南,5,104.160545,30.83139
宋,昇州,南,5,118.76899,32.052563
宋,東平府,北,5,116.29917144999999,35.91034317
宋,梓潼,南,5,105.157631,31.63843
宋,武龍,南,5,107.687035,29.38442
宋,歸信,北,5,116.092705,38.97588
宋,江安,南,5,105.22387699999999,28.740458999999998
宋,沈丘,北,5,115.25605,33.071312
宋,深澤,北,5,115.19208499999999,38.184902
宋,清平,北,5,115.873886,36.79152
宋,清池,北,5,117.024101,38.209126
宋,清源,北,5,112.508995,37.557182
宋,清豐,北,5,115.05098459999999,35.9136876
宋,滎陽,北,5,113.34739685,34.783107758
宋,滕縣,北,5,117.157007,35.085022
宋,潁州,南,5,115.80901300000001,32.903057
宋,濠州,南,5,117.64022064000001,32.901634216
宋,無棣,北,5,117.401329,37.851643
宋,盧陽,南,5,109.68408200000002,27.447302
宋,盧龍,北,5,118.861953844,39.8773208016
宋,簡州,南,5,104.56524657999998,30.403244019
宋,考城,北,5,115.193667,34.681436
宋,舒州,南,5,116.56719971,30.630346298
宋,英州,南,5,113.402077,24.172937
宋,范縣,北,5,115.6297226,35.935287476
宋,蒼溪,南,5,105.93303699999998,31.743105000000003
宋,藍山,南,5,112.177765,25.372412
宋,襄城,北,5,113.472366,33.853691
宋,西安州,北,5,105.6514,36.5605
宋,通城,南,5,113.806435,29.261196
宋,連城,南,5,110.995094,22.684698
宋,遂寧府,南,5,105.812285,30.194461999999998
宋,邠州,北,5,108.07798793399999,35.03965791860001
宋,郿縣,北,5,107.79632799999999,34.478271
宋,酃縣,南,5,113.766647,26.496860000000005
宋,金明,北,5,109.317529,36.903601
宋,長壽,南,5,112.589256,31.169827000000005
宋,長林,南,5,112.128918,31.051555200000003
宋,長道,北,5,105.28257,34.020363
宋,陝西路,未知,5,,
宋,隴西,北,5,104.63560499999998,35.007137
宋,靈山,南,5,109.28741499999998,22.434591
宋,鞏縣,北,5,113.051003,34.785107
宋,項城,北,5,115.063705,33.397488
宋,龍南,南,5,114.784775,24.899044
宋,亭山,北,4,117.419782,36.786022
宋,劍川,南,4,119.12091,28.082565
宋,南流,南,4,110.145882,22.632095
宋,吉陽軍,南,4,109.166977,18.375464
宋,堂邑,北,4,115.712837,36.509737
宋,墊江,南,4,107.356194,30.323742
宋,壽州,南,4,116.7201,32.705585
宋,天水,北,4,105.501,34.2496
宋,婺源州,南,4,117.84458923,29.244728088
宋,安喜,北,4,114.975044,38.520061
宋,安德,北,4,116.578407,37.332096
宋,宗城,北,4,115.433306,36.966199
宋,宛句,北,4,115.35057,35.26215
宋,宿松,南,4,116.114197,30.151213
宋,寧州,北,4,107.9305,35.50143
宋,寶雞,北,4,107.140381,34.38187
宋,岳池,南,4,106.313347,30.644079
宋,崇安場,南,4,117.98364,27.76633
宋,巴川,南,4,106.212257,29.862469
宋,平晉,北,4,112.5187,37.83778
宋,廣都,南,4,103.976609,30.552655
宋,延陵,南,4,119.478287,31.882374
宋,德順軍,北,4,106.1312,35.617
宋,慶符,南,4,104.51911926,28.45467186
宋,慶遠府,南,4,108.65588379,24.490730286
宋,懷安軍,南,4,104.54497528,30.722631454
宋,成州,北,4,114.22921753,39.437740326
宋,承縣,北,4,117.586061,34.770003
宋,文水,北,4,112.02419281,37.436981201
宋,新政,南,4,106.29242,31.278862
宋,新明,南,4,106.432531,30.44032
宋,新興,南,4,112.225082,22.702915
宋,新鄉,北,4,113.86824799,35.309940338
宋,旭川,南,4,104.420372,29.463898
宋,曲周,北,4,115.045477,36.873618
宋,會同,南,4,109.713547,26.861492
宋,杞縣,北,4,114.774483,34.553513
宋,束鹿,北,4,115.30854797,37.84853363
宋,東鄉,南,4,107.776588,31.539232
宋,梅州,南,4,116.110497,24.315781
宋,樂安,北,4,118.400307,37.049801
宋,武岡,南,4,110.622291,26.730705
宋,武德,北,4,113.140463,35.03095
宋,武鄉,北,4,112.916267,36.826817
宋,武陟,北,4,113.36535645,35.056087494
宋,永年,北,4,114.723068,36.701031
宋,汝州,北,4,112.83702087,34.161762238
宋,江陵府,南,4,112.190773,30.350445
宋,涿州,北,4,115.96814728,39.487220764
宋,淄州,北,4,117.960956,36.635994
宋,淮陰,北,4,118.93358612,33.53131485
宋,溫江,南,4,103.830605,30.702269
宋,滄州,北,4,117.02410126,38.209125519
宋,澤州,北,4,112.839157,35.504318
宋,瀧水,南,4,111.438309,22.547064
宋,無極,北,4,114.96936,38.176727
宋,略陽,北,4,106.161308,33.332401
宋,福津,北,4,104.9498,33.4022
宋,章丘,北,4,117.467535,36.7698525
宋,翁源,南,4,114.085322,24.480482
宋,聞喜,北,4,111.217209,35.357723
宋,肥鄉,北,4,114.803101,36.552029
宋,臨河,北,4,114.7467,35.7398
宋,臨洺,北,4,114.482628,36.790363
宋,臨淮,北,4,118.468114,33.023402
宋,臨漳,北,4,114.5449,36.2449
宋,興國軍,南,4,115.209625,29.83013
宋,華原,北,4,109.01,34.9581
宋,蓨縣,北,4,116.258102,37.688007
宋,虔州,南,4,114.93247986,25.847000122
宋,襄陵,北,4,111.375427,36.013179
宋,解縣,北,4,110.855438,34.911781
宋,許州,北,4,113.81974792,34.031391144
宋,貴平,南,4,104.310712,30.148066
宋,賀州,南,4,111.658852,24.336819
宋,郾城,北,4,113.990395,33.596268
宋,鄜城,北,4,109.613263,35.571016
宋,鄰山,南,4,107.240844,30.409217
宋,重慶府,南,4,106.55870819,29.560045242
宋,鐔津,南,4,110.913522,23.378511
宋,長寧軍,南,4,104.8892,28.37927
宋,長清,北,4,116.704468,36.525183
宋,長葛,北,4,113.850494,34.229904
宋,長陽,南,4,111.191498,30.474218
宋,開州,南,4,108.41950226,31.187906265
宋,開德府,北,4,115.01371,35.705147
宋,陝西熙河,未知,4,,
宋,隨縣,南,4,113.36982,31.715105
宋,雅州,南,4,102.98436737,29.985559464
宋,雲安,南,4,108.891495,30.966854
宋,頓丘,北,4,115.15317,35.921
宋,鹿邑,北,4,115.1844,33.896342
宋,龍門,北,4,110.662392,35.576092
宋,下邑,北,3,116.121414,34.237991
宋,乘氏,北,3,115.44413000000002,35.250252
宋,乳源,南,3,113.30529,24.761463000000003
宋,乾封,北,3,117.199493,36.107609
宋,交趾,未知,3,,
宋,仁化,南,3,113.75545199999999,25.11814533333333
宋,仙井監,南,3,104.14376799999998,30.004446
宋,元氏,北,3,114.50881199999999,37.750031
宋,南陽郡,未知,3,,
宋,博州,北,3,115.98869666666667,36.44774
宋,同州,北,3,109.93900000000001,34.79724
宋,四會,南,3,112.69453400000002,23.348709
宋,大名府,北,3,115.20798633333334,36.313696666666665
宋,大興,北,3,116.36800385,39.931427002
宋,太平州,南,3,118.483437,31.555685
宋,安化,南,3,111.64777199999999,28.160977
宋,安慶府,南,3,116.904017,30.534979000000003
宋,安肅,北,3,115.65738700000001,39.019436
宋,安鄉,南,3,112.161679,29.397871
宋,宋州,北,3,115.64338,34.41840666666667
宋,定襄,北,3,112.94377100000001,38.492691
宋,密縣,北,3,113.3573,34.50299
宋,寧遠,北,3,104.885292,34.720016
宋,封川,南,3,111.509407,23.400047
宋,嶺方,南,3,108.8284,23.24382
宋,成安,北,3,114.69406099999999,36.441349
宋,施州,南,3,109.47860718,30.272260666000005
宋,昌化軍,南,3,109.341635,19.748701
宋,昌州,南,3,105.71049,29.711470000000002
宋,晉康,南,3,111.72189299999998,22.935515999999996
宋,晉陽,北,3,112.51209999999999,37.709
宋,景城,北,3,116.514412,38.286727
宋,松滋,南,3,111.714066,30.345694999999996
宋,梓州路,南,3,105.0876,31.094620000000003
宋,楚州,北,3,119.14110565,33.502788544
宋,榮澤,北,3,113.31707999999999,34.78683
宋,樂會,南,3,110.614691,19.368706
宋,橫州,南,3,109.267044,22.692956999999996
宋,欽州,南,3,108.614395,21.951426
宋,武平,南,3,116.090599,25.091483999999998
宋,歷亭,北,3,116.074,37.1955
宋,汀州,南,3,116.34954071,25.833381653
宋,江原,南,3,103.7627,30.6001
宋,沁水,北,3,112.17012800000002,35.690399
宋,沅江,南,3,112.379974,28.837835
宋,沭陽,北,3,118.77732099999999,34.134148
宋,河源,南,3,114.69146,23.736834
宋,河西,北,3,110.144776,35.217004
宋,洋州,北,3,107.54173279000001,33.221088409
宋,流江,南,3,106.962242,30.844326
宋,涇州,北,3,107.18605803999999,35.256145477
宋,涪陵,南,3,107.390961,29.702776
宋,渭州,北,3,106.55419922,35.540641785
宋,澧州,南,3,111.75698800000002,29.640152
宋,濛陽,南,3,104.01895,31.08077
宋,濰州,北,3,119.106499,36.702705
宋,火井,南,3,103.228569,30.398862999999995
宋,瓊州,南,3,110.357941,20.008165
宋,登州,南,3,112.08096313,32.684825897
宋,盩厔,北,3,108.21199,34.171139
宋,睢陽,北,3,115.646072,34.447662
宋,秦州,北,3,105.71695709,34.585472107
宋,絳州,北,3,111.21614800000002,35.616409
宋,臨沂,北,3,118.34095,35.07156
宋,臨邑,北,3,117.156952,36.927304
宋,茶陵軍,南,3,113.5521698,26.80197525
宋,萊陽,北,3,120.70584102,36.971164901
宋,蒲城,北,3,109.585121,34.955936
宋,襄州,南,3,112.15869904,32.026519775
宋,西昌,南,3,104.556282,31.548999999999996
宋,許田,北,3,114.016296,34.165859
宋,豐州,北,3,110.8014,39.3625
宋,贛州,南,3,114.93248,25.846999999999998
宋,辰州,南,3,110.39696503,28.458190918
宋,通川,南,3,107.500091,31.226969
宋,郴縣,南,3,113.02513900000001,25.802719
宋,鄭州,北,3,113.64131164999999,34.758075714
宋,金城,北,3,113.182381,39.560173
宋,鎮戎軍,北,3,106.172912,35.868216
宋,關隸,南,3,119.099968,27.242640000000005
宋,隆慶府,南,3,105.46331787000001,32.033401489
宋,隰州,北,3,110.930649,36.687626
宋,雒縣,南,3,104.283066,30.981309999999997
宋,青苑,北,3,115.34796,38.83195
宋,靖州,南,3,109.70957700000001,26.575192
宋,馮翊,北,3,109.9481,34.7968
宋,魚陽,北,3,117.15976,40.19804
宋,鳳翔府,北,3,107.38591766,34.522518158
宋,鴈門,北,3,113.0374,39.09017
宋,黃州,南,3,114.86549377,30.446989059
宋,黔陽,南,3,109.811852,27.195128999999998
宋,上林,南,2,108.591141,23.442163
宋,下邳,北,2,117.886884,34.118265
宋,交州,未知,2,,
宋,京畿路,未知,2,,
宋,保安軍,北,2,108.7773,36.8229
宋,光州,南,2,115.04457855,32.130302429
宋,冤句,北,2,115.238642,35.053291
宋,北平,北,2,115.123581,38.833225
宋,南宮,北,2,115.366998,37.365629
宋,南恩州,南,2,111.958946,21.845419
宋,博白,南,2,109.971413,22.275869
宋,博興,北,2,118.127701,37.135395
宋,咸陽,北,2,108.70994568,34.339054108
宋,商州,北,2,109.9324646,33.86989212
宋,商水,北,2,114.595726,33.537884
宋,嚴道,南,2,102.984367,29.985556
宋,堯山,北,2,114.698692,37.339809
宋,壽安,北,2,112.165222,34.512718
宋,壽陽,北,2,113.1687088,37.8867836
宋,夏津,北,2,116.001677,36.949275
宋,大安軍,南,2,106.05381,32.951767
宋,太平,北,2,111.274063,35.813309
宋,宕州,北,2,104.36540222,33.790802002
宋,定城,南,2,115.044579,32.130302
宋,定安,北,2,107.9395,35.5011
宋,定遠,南,2,117.67569,32.530247
宋,宜城,南,2,112.260132,31.710701
宋,宜祿,北,2,107.789322,35.20544
宋,宿州,北,2,116.9713974,33.642368317
宋,宿遷,北,2,118.297058,33.958302
宋,密州,北,2,119.40398407,35.993354797
宋,寶豐,北,2,113.061172,33.871128
宋,山陰,北,2,112.94273376,39.440437317
宋,岐山,北,2,107.62709,34.439636
宋,岑溪,南,2,111.043003,22.9186745
宋,崇寧軍節度,未知,2,,
宋,崇慶府,南,2,103.8024292,30.590648651
宋,平凉,北,2,106.554199,35.540639
宋,平城,北,2,113.096759,37.393684
宋,平定軍,北,2,113.622269,37.802036
宋,平州,北,2,118.8719,39.8763
宋,府谷,北,2,111.0746,39.03214
宋,廣南,未知,2,,
宋,廣濟,南,2,115.591202,30.136482
宋,建德府,南,2,119.49885559,29.544481277
宋,彭原,北,2,107.6067,35.7187
宋,恩州,北,2,115.624107,37.073032
宋,慈利,南,2,111.121712,29.426342
宋,應城,南,2,113.569679,30.946003
宋,懷戎,北,2,115.7318,40.3499
宋,懷集,南,2,112.179237,23.912186
宋,成都府路,南,2,104.0779953,30.650384903
宋,招信,南,2,118.2123,32.9504
宋,敘州,南,2,104.6163559,28.774831772
宋,新吳,南,2,115.255379,28.741196
宋,易州,北,2,115.493477,39.349037
宋,昭化,南,2,105.706589,32.331715
宋,普城,南,2,105.64903,31.77668
宋,普安,南,2,105.463318,32.033401
宋,朝城,北,2,115.474886,36.067375
宋,杜陵,南,2,111.627403,21.750427
宋,桂陽軍,南,2,112.725929,25.74197
宋,棣州,北,2,117.5478,37.62398
宋,樂平,北,2,113.57386,37.59565
宋,武邑,北,2,115.890663,37.805992
宋,永樂,北,2,110.547371,34.623436
宋,江南東路,未知,2,,
宋,沂州,北,2,118.39524078,35.197975159
宋,河北東路,未知,2,,
宋,河北路,未知,2,,
宋,河南道,未知,2,,
宋,河東路,北,2,112.56482697,37.873752594
宋,河陰,北,2,113.530823,34.940456
宋,泉江,南,2,114.505661,26.327883
宋,泰和,南,2,114.88768768,26.791921616
宋,洛川,北,2,109.558853,35.867161
宋,洪都,南,2,108.19492,29.39857
宋,淮陽軍,北,2,117.886884,34.118265
宋,深州,北,2,115.582257,37.869494
宋,湞陽,南,2,113.53072,24.18237
宋,滎澤,北,2,113.5344162,34.874362946
宋,漢川,南,2,113.8252,30.7661
宋,漢源,南,2,102.617798,29.585054
宋,潼川府路,未知,2,,
宋,澠池,北,2,111.766312,34.765198
宋,火山軍,北,2,111.21982574,39.169818878
宋,燕山府,北,2,116.368,39.93143
宋,狄道,北,2,103.857941,35.379147
宋,琅琊,南,2,108.8834,23.1733
宋,白馬,北,2,114.543465,35.564453
宋,百丈,南,2,103.257194,30.190763
宋,益昌,南,2,105.706589,32.331715
宋,益陽,南,2,112.335289,28.597809
宋,監利,南,2,112.900253,29.815758
宋,真寧,北,2,108.2406,35.3521
宋,真陽,南,2,114.371459,32.780492
宋,石首,南,2,112.406464,29.72431
宋,禹城,北,2,116.651192,36.94436
宋,程鄉,南,2,116.110497,24.315781
宋,終南,北,2,108.3722,34.1522
宋,絳縣,北,2,111.561325,35.489243
宋,羅江,南,2,104.512505,31.303993
宋,膠西,北,2,119.6023445,36.364540000000005
宋,臨朐,北,2,118.54163,36.510247
宋,臨涇,北,2,107.2058,35.6837
宋,臨清,北,2,115.490311,36.858692
宋,臨濮,北,2,115.371315,35.47596
宋,興元府,北,2,107.03518677,33.07648468
宋,芮城,北,2,110.688294,34.697308
宋,荊湖北路,未知,2,,
宋,荔浦,南,2,110.391197,24.496014
宋,華亭,北,2,106.651955,35.218842
宋,華池,北,2,108.26154,36.02541
宋,融州,南,2,109.248543,25.065443
宋,西城,南,2,109.02697,32.693626
宋,觀城,北,2,115.376282,35.944084
宋,解州,北,2,110.855438,34.911781
宋,通利軍,北,2,114.59687042,35.684265137
宋,通義,南,2,103.831459,30.050497
宋,連山,南,2,112.078331,24.770006
宋,遂州,南,2,105.5702,30.50392
宋,邯鄲,北,2,114.472038,36.593475
宋,邵州,南,2,111.474937,27.249315
宋,郢州,南,2,112.58925629,31.169830322
宋,鄜州,北,2,109.24881744,35.546348572
宋,鄧城,南,2,112.099823,32.088126
宋,金州,南,2,105.00285,30.20353
宋,金水,南,2,104.544979,30.722632
宋,鉅鹿,北,2,115.022843,37.212341
宋,鎮州,未知,2,,
宋,閿鄉,北,2,110.441903,34.58722
宋,陸澤,北,2,115.59734,37.9445
宋,陽穀,北,2,115.895768,36.230215
宋,隆州,南,2,105.967,31.58316
宋,階州,北,2,104.92927551,33.39484024
宋,雲中,北,2,113.296387,40.092838
宋,霍丘,南,2,116.2607,32.33855
宋,靈璧,北,2,117.551811,33.545761
宋,香山,南,2,113.373604,22.52581
宋,馬平,南,2,109.404396,24.309988
宋,馬邑,北,2,112.609909,39.353565
宋,高平,北,2,112.919586,35.792057
宋,高郵軍,南,2,119.437332,32.79071
宋,鬱林,南,2,109.608444,23.099092
宋,鬱林州,南,2,110.1459,22.6321
宋,鹽山,北,2,117.31308,38.1894
宋,黃縣,北,2,120.482676,37.659418
宋,黎陽,北,2,114.48593,35.64447
宋,黔州,南,2,108.171,29.29206
宋,[未詳],未知,1,,
宋,上京路,未知,1,,
宋,中印度,未知,1,,
宋,中山州,北,1,114.975044,38.520061
宋,中山府,北,1,114.97503662,38.520061493
宋,中牟,北,1,114.058685,34.731582
宋,丹陽郡,未知,1,,
宋,乾德,南,1,111.623817,32.462707
宋,京東西路,未知,1,,
宋,京東路,未知,1,,
宋,京西路,北,1,112.38263,34.66528
宋,任丘,北,1,116.1002,38.7069
宋,伊闕,北,1,112.395023,34.397707
宋,伏虞,南,1,106.736878,31.419634
宋,來安,南,1,118.426872,32.452389
宋,來賓,南,1,109.276381,23.681311
宋,保定,南,1,111.341637,21.493204
宋,保定軍,北,1,116.3813,39.0026
宋,修武,北,1,113.434837,35.231197
宋,僰道,南,1,104.6721,28.7926
宋,儀隴,南,1,106.403679,31.526846
宋,儋州,南,1,109.34163666,19.748701096
宋,兩浙東路,未知,1,,
宋,兩浙西路,未知,1,,
宋,公安,南,1,112.226486,30.057533
宋,冀寧路,未知,1,,
宋,冀州,北,1,115.563812,37.565983
宋,冠氏,北,1,115.435004,36.472101
宋,利州,南,1,105.83299255,32.443889618
宋,劍州,南,1,105.46331787,32.033401489
宋,化州,南,1,110.625313,21.654028
宋,北流,南,1,110.347519,22.714184
宋,千乘,北,1,118.400307,37.049801
宋,南寧羈縻州,南,1,106.65612,25.966
宋,南平,南,1,106.823404,29.517663
宋,南浦,南,1,108.373596,30.812864
宋,南溪,南,1,104.97201538,28.847984314
宋,南漳,南,1,111.844727,31.781881
宋,南義州,南,1,111.08516,22.90829
宋,南華,北,1,115.233656,35.376454
宋,南頓,北,1,114.836701,33.444226
宋,同谷,北,1,105.7391,33.7434
宋,含山,南,1,118.103004,31.720116
宋,吳川,南,1,110.682602,21.350586
宋,唐州,南,1,112.832519,32.697708
宋,單州,北,1,116.0885,34.797
宋,均州,南,1,111.16557312,32.668151855
宋,城父,北,1,115.992537,33.63886
宋,堂陽,北,1,115.238747,37.528547
宋,壽春府,南,1,116.777115,32.575748
宋,夏州,北,1,108.91805267,37.598716736
宋,大城,北,1,116.621887,38.695866
宋,大寧監,南,1,109.62246704,31.406133652
宋,大昌,南,1,109.796951,31.273739
宋,大邑,南,1,103.523041,30.584782
宋,天竺,未知,1,,
宋,天興,北,1,107.385918,34.522518
宋,太原郡,北,1,112.38793945,37.728626251
宋,夷陵,南,1,111.287125,30.704227
宋,奉化州,南,1,121.40690613,29.651657104
宋,奉化郡,未知,1,,
宋,始興,北,1,125.13991,45.8852
宋,姚安路軍民總管府,未知,1,,
宋,威遠,南,1,104.659195,29.524572
宋,孟州,北,1,112.78279877,34.903179169
宋,安化,北,1,107.876,36.00517
宋,安吉州,南,1,120.099312,30.864964
宋,安定郡,未知,1,,
宋,安次,北,1,116.6421,39.54152
宋,安泰,南,1,105.48499,31.12128
宋,安義,南,1,108.82509,31.01159
宋,安西,北,1,104.60437,35.82225
宋,安豐軍,南,1,116.777115,32.575748
宋,安邑,北,1,111.042419,35.062
宋,定胡,北,1,110.80104,37.551552
宋,宜倫,南,1,109.341635,19.748701
宋,宜川,北,1,110.164879,36.045174
宋,容城,北,1,115.814532,39.188702
宋,容州,南,1,110.551033,22.863588
宋,寶鼎,北,1,110.483235,35.312033
宋,封州,南,1,111.509407,23.400047
宋,屯留,北,1,112.882446,36.321949
宋,岢嵐軍,北,1,111.56995392,38.703971863
宋,岳州,南,1,113.09765625,29.371259689
宋,岳陽,北,1,111.916923,36.282902
宋,崑山州,南,1,120.94823456,31.386108398
宋,嶧縣,北,1,117.586061,34.770003
宋,常熟州,南,1,120.73378754,31.64658165
宋,平山,北,1,114.193924,38.252403
宋,平泉,南,1,104.644997,30.351139
宋,平陸,北,1,111.113324,34.802203
宋,平陽府,北,1,111.515434,36.078037
宋,康州,南,1,111.77101898,23.146791458
宋,廉州,南,1,109.19004,21.670145
宋,廣信軍,北,1,115.536308,39.048157
宋,廣寧,北,1,121.78659821,41.595165253
宋,廣平,北,1,114.7231,36.70103
宋,延安府,北,1,109.46990967,36.591808319
宋,建安,北,1,122.54701,40.62047
宋,建昌州,南,1,115.76181793,29.087831497
宋,弘道,南,1,111.590881,25.531357
宋,德安府,南,1,114.055684,30.580962
宋,德州,北,1,116.28740692,37.451641083
宋,德平,北,1,116.95788,37.463477
宋,忻州,北,1,112.73120117,38.39855957
宋,惠州,南,1,114.414981,23.089792
宋,慶州,北,1,107.876,36.00516
宋,慶陽府,北,1,107.87602234,36.0051651
宋,應州,北,1,113.1824,39.56017
宋,懷仁,北,1,119.088387,34.89666
宋,成都路,南,1,104.07800293,30.650379181
宋,房州,南,1,110.734031,31.989837
宋,括蒼,南,1,119.935697,28.448505
宋,振武,北,1,111.87379,40.31809
宋,文州,南,1,107.22505951,24.214408875
宋,文昌,南,1,110.773739,19.759297
宋,新州,南,1,112.2250824,22.702915192
宋,新蔡,南,1,114.973915,32.751263
宋,方義,南,1,105.570206,30.503918
宋,昆明,南,1,102.71035004,25.045913696
宋,昌國州,南,1,122.10109711,30.015159607
宋,易水,北,1,115.46042,38.86465
宋,昭平,南,1,110.803612,24.169123
宋,昭武軍節度,未知,1,,
宋,晉寧軍,北,1,110.49559784,38.023292542
宋,普寧,南,1,110.551033,22.863588
宋,普康,南,1,105.381355,29.939726
宋,曲陽,北,1,114.690201,38.621449
宋,曹州,北,1,115.44412994,35.25025177
宋,會寧府,北,1,127.31478,44.14726
宋,會州,北,1,104.397159,36.277947
宋,朔州,北,1,112.42152405,39.308067322
宋,東海,北,1,119.22583,34.569824
宋,林慮,北,1,113.812805,36.068802
宋,栗亭,北,1,105.9624,33.8138
宋,梧州,南,1,111.30857086,23.48690033
宋,棗陽,南,1,112.756599,32.132023
宋,棘道,南,1,104.27067,28.78553
宋,楚州海岸海水,北,1,119.99086,34.08535
宋,榮經,南,1,102.83731842,29.795326233
宋,樂安郡,未知,1,,
宋,橫山,南,1,119.03703,30.15814
宋,檀州,北,1,116.8504,40.3707
宋,欒城,北,1,114.614873,37.884437
宋,武岡軍,南,1,110.622291,26.730705
宋,武林,南,1,110.581725,23.514658
宋,武連,南,1,105.282806,31.893951
宋,歸化,南,1,117.1591,26.89849
宋,歸化州,北,1,115.0611,40.6097
宋,永嘉,未知,1,,
宋,永寧軍,北,1,115.459084,38.457569
宋,永平監,南,1,116.9,29.0
宋,永昌,南,1,103.68188,31.05199
宋,永正,南,1,119.19054,32.41732
宋,永濟,北,1,115.407806,36.65789
宋,永睦,南,1,107.208092,31.269159
宋,江油,南,1,104.824837,32.198132
宋,江陰軍,南,1,120.26609,31.90877
宋,汴梁路,未知,1,,
宋,汶陽,北,1,116.48437,35.72881
宋,沂水,北,1,118.623947,35.791027
宋,沔州,北,1,106.1613,33.3324
宋,河東道,未知,1,,
宋,河間府,北,1,116.085533,38.435699
宋,泌陽,南,1,112.832519,32.697708
宋,泰和,北,1,115.57604,33.30994
宋,洛容,南,1,109.486641,24.552677
宋,洪洞,北,1,111.682915,36.259399
宋,洺水,北,1,115.29866,37.278063
宋,淮安,北,1,119.141106,33.502789
宋,淮安州,北,1,119.141106,33.502789
宋,淮陽郡,未知,1,,
宋,清江郡,未知,1,,
宋,清澗,北,1,110.125702,37.096619
宋,清苑,北,1,115.50209,38.855701
宋,渠陽,南,1,109.709577,26.575192
宋,湖廣,未知,1,,
宋,湯溪,南,1,119.399979,29.048876
宋,滇陽,南,1,113.53072,24.18237
宋,滑州,北,1,114.6254,35.62207
宋,漁陽,北,1,117.401817,40.043865
宋,潛江,南,1,112.785475,30.486321
宋,潯陽,南,1,115.985679,29.722364
宋,濟陽,北,1,117.763388,36.993642
宋,濱州,北,1,117.96530914,37.47833252
宋,濱州海岸海水,北,1,117.96530914,37.47833252
宋,烏江,南,1,118.45504,31.857315
宋,燕,未知,1,,
宋,獲鹿,北,1,114.307724,38.083111
宋,王屋,北,1,112.252682,35.138582
宋,珍州,南,1,107.42495,28.645601
宋,瑕縣,北,1,116.822527,35.555646
宋,瑞金,南,1,116.024681,25.872566
宋,甄城,北,1,115.51314,35.55385
宋,登封,北,1,113.02462,34.455818
宋,白水,北,1,109.587059,35.181622
宋,盈川,南,1,119.172379,29.034788
宋,益州,南,1,104.0779953,30.650384903
宋,相如,南,1,106.475188,31.041688
宋,真定府,北,1,114.563645,38.14011
宋,真源,北,1,115.481361,33.860767
宋,石康,南,1,109.333618,21.772965
宋,石泉,北,1,108.253456,33.043373
宋,石泉軍,南,1,104.3257,31.8933
宋,碭山,北,1,116.340248,34.427879
宋,磁州,北,1,114.374245,36.359043
宋,福安,南,1,119.646772,27.088657
宋,福寧州,南,1,119.99039459,26.883462906
宋,福州路,南,1,119.32157898,26.073953629
宋,秀容,北,1,112.731201,38.398563
宋,穎陽,北,1,112.7446,34.417
宋,符離,北,1,116.971397,33.642368
宋,綏德城,北,1,110.39963,37.5289
宋,經城,北,1,115.323797,37.164564
宋,羅山,南,1,114.52224,32.202374
宋,義寧,南,1,110.063301,25.375401
宋,義興,南,1,119.814385,31.363638
宋,耒陽州,南,1,112.84688568,26.41506958
宋,胙城,北,1,114.3515,35.24676
宋,臨津,北,1,116.70301,37.802975
宋,臨渙,北,1,116.547142,33.69017
宋,臨潼,北,1,109.21272278,34.368350983
宋,臨賀,南,1,111.658852,24.336819
宋,興仁府,北,1,115.3967,35.0056
宋,興道,北,1,107.541725,33.221088
宋,舞陽,北,1,113.739014,33.442303
宋,茂名,南,1,110.853813,21.919214
宋,荊南節度,未知,1,,
宋,荊湖南路,未知,1,,
宋,莫州,北,1,116.090484,38.707668
宋,華北平原/中原,未知,1,,
宋,萊蕪,北,1,117.798503,36.311319
宋,萬州,南,1,108.37359619,30.812864304
宋,萬載,南,1,114.449379,28.111526
宋,蒲縣,北,1,111.096802,36.415764
宋,蒼梧,南,1,111.308571,23.486898
宋,蕭縣,北,1,116.923967,34.205476
宋,藤州,南,1,110.904282,23.373119
宋,虢州,北,1,110.865379,34.527512
宋,蜀,未知,1,,
宋,融水,南,1,109.248543,25.065443
宋,衛縣,北,1,114.291763,35.608707
宋,衡水,北,1,115.628646,37.7177
宋,衡水,未知,1,,
宋,褒信,南,1,114.985428,32.555969
宋,西和州,北,1,105.28257,34.020363
宋,西寧州,北,1,101.7839,36.60886
宋,西州回鶻,北,1,87.2027,41.56221
宋,西平,北,1,113.95687,33.384105
宋,許昌,北,1,114.016296,34.165859
宋,諸暨州,南,1,120.22766113,29.713136673
宋,豫章,南,1,115.89772,28.674896
宋,貝州,北,1,115.59873199,37.067810059
宋,貴縣,南,1,109.608444,23.099092
宋,贊皇,北,1,114.376983,37.662655
宋,趙郡,未知,1,,
宋,輝州,北,1,113.79414368,35.458675385
宋,迴樂,北,1,106.52084,37.94462
宋,通山,南,1,114.503822,29.597151
宋,通江,南,1,107.245957,31.925125
宋,邕州,南,1,108.312073,22.806145
宋,郟城,北,1,113.203407,33.972053
宋,鄧州,南,1,112.08096313,32.684825897
宋,酇縣,北,1,116.108948,33.959118
宋,金朝,未知,1,,
宋,鐵州,未知,1,,
宋,長子,未知,1,,
宋,長江,南,1,105.424927,30.637562
宋,關中,未知,1,,
宋,陜縣,北,1,111.37833,34.63614
宋,陝縣,北,1,111.1583,34.794
宋,陝西陝西,未知,1,,
宋,陵水,南,1,110.068644,18.485669
宋,陽城,北,1,112.417999,35.490593
宋,陽山,南,1,112.638267,24.485014
宋,陽春,南,1,111.940079,22.440176
宋,隰川,北,1,111.026703,36.830696
宋,隴城,北,1,105.8908,34.5528
宋,雄州,北,1,116.092705,38.97588
宋,雞澤,北,1,114.854042,36.874634
宋,雷州,南,1,110.087914,20.901958
宋,雷澤,北,1,115.668274,35.406515
宋,霍邑,北,1,111.728081,36.563824
宋,靈丘,北,1,114.229218,39.437744
宋,靈州,北,1,105.471185,37.587566
宋,靈石,北,1,111.776215,36.842152
宋,靈臺,北,1,107.61630249,35.071903229
宋,青城,北,1,117.69149,37.187836
宋,順安軍,北,1,115.919899,38.682152
宋,順政,北,1,106.161308,33.332401
宋,順陽,南,1,111.532448,32.748891
宋,高州,南,1,111.003499,22.016524
宋,魏城,南,1,104.960625,31.554518
宋,魚臺,北,1,116.46536255,34.936798096
宋,魯國,未知,1,,
宋,魯山,北,1,112.901939,33.737118
宋,鳳州,北,1,106.62294,33.945248
宋,鹽州,北,1,107.5918,37.59266
宋,鹽泉,南,1,105.107102,31.416164
宋,麟州,北,1,110.4722,38.95184
宋,麻陽,南,1,109.641142,27.70653
宋,黃巖州,南,1,121.25835419,28.642612457
宋,黎城,北,1,113.380028,36.504337
宋,龍城,南,1,109.24989,24.538637
宋,龍岡,北,1,114.494263,37.066357
宋,龍州,南,1,104.8248,32.19813
宋,龍水,南,1,104.562273,29.956463
元,真定,北,196,114.563645,38.14011
元,廬陵,南,162,114.971275,27.103239
元,大都路,北,152,116.06542969000002,39.807792664
元,金華,南,147,119.649918,29.104712
元,錢塘,南,145,120.168625,30.294124999999998
元,臨川,南,144,116.35134099999999,27.984781
元,吳縣,南,139,120.618622,31.312710000000003
元,浦江,南,134,119.883675,29.458708
元,東陽,南,116,120.227981,29.260567
元,義烏,南,115,120.071625,29.300087
元,東平路,北,112,116.29917145,35.910339355
元,休寧,南,111,118.17577362,29.781190872
元,婺源州,南,108,117.84458923,29.244728088000002
元,歙縣,南,107,118.433945,29.86577
元,鄞縣,南,106,121.54265600000001,29.866316
元,槁城,北,96,114.834183,38.036713
元,金谿,南,91,116.77626,27.910084
元,鄱陽,南,84,116.663833,28.994167
元,崑山州,南,83,120.94823456,31.386108398
元,安陽,北,81,114.34549700000001,36.098343
元,吉水州,南,78,115.132248,27.214367
元,大名路,北,78,115.21836089999998,36.309688568
元,汴梁路,未知,78,,
元,大興,北,76,116.36800384999998,39.931427002
元,杭州路,南,76,120.16862487999998,30.294124603
元,西域,未知,76,,
元,鎮江路,南,74,119.44429016,32.206489563
元,天台,南,73,121.026558,29.138258
元,永嘉,南,69,120.65322100000002,28.018291
元,蘭溪州,南,69,119.47885132,29.204452515
元,平陽州,南,65,120.55644226,27.675718307
元,宣城,南,64,118.7425,30.946941
元,豐城,南,64,115.785782,28.197754
元,黃巖州,南,62,121.25835419,28.642612457
元,江陰州,南,60,120.26609039,31.908769608
元,清江,南,60,114.2149126,28.4669046
元,清河,北,58,119.00459617241378,33.6467806724138
元,濟南路,北,57,117.011,36.64919999999999
元,臨海,南,57,121.120598,28.843132
元,諸暨州,南,55,120.22766113,29.713136673
元,和寧路,未知,54,,
元,奉化州,南,52,121.40690613,29.651657104
元,益都路,北,52,118.47827148,36.687919617
元,嘉興路,南,51,120.75320435,30.767469406
元,廣平路,北,51,114.72306824,36.701030731
元,彰德路,北,50,114.3548,36.0976
元,莆田,南,50,119.011101,25.433954
元,高唐,北,50,116.23099999999998,36.86162
元,貴溪,南,49,117.202271,28.287901000000005
元,丹徒,南,47,119.44429015319149,32.20648958159575
元,崇仁,南,47,116.061584,27.755639999999996
元,永康,南,46,120.025253,28.897268
元,永清,北,46,116.49060799999998,39.32571
元,哈剌火州,未知,44,,
元,奉元路,北,44,108.93718719000002,34.317985535
元,麗水,南,44,119.913009,28.448732000000003
元,餘姚州,南,43,121.15276337,30.049066543999995
元,南城,南,42,116.627449,27.559717
元,太原路,北,42,112.56482696999998,37.873752594
元,寧晉,北,41,114.91539764,37.621086121
元,會稽,南,40,120.578262,30.004515000000005
元,績溪,南,40,118.58410645,30.077772141000004
元,保定路,北,39,115.50209045,38.855701447
元,河間路,北,39,116.08553313999998,38.435699463
元,淳安,南,39,118.96516499999998,29.612287
元,湖州路,南,39,120.09931183,30.864963531
元,長洲,南,39,120.618622,31.31271
元,上饒,南,38,117.96489000000001,28.450691
元,仙居,南,37,120.56913602702701,28.93940108108108
元,慈溪,南,37,121.44419899999998,29.979195
元,松江府,南,37,121.22763823999999,31.009475708000004
元,河南府路,北,37,112.38262939,34.665275574
元,高麗,未知,36,,
元,常熟州,南,35,120.73378754,31.64658165
元,晉寧州,南,35,102.74320984,24.703119278
元,洛陽,北,35,112.38263,34.665276
元,章丘,北,35,117.46158000000001,36.75417
元,長安,北,35,108.906976,34.246423
元,安仁,南,34,116.903259,28.40443
元,桐廬,南,34,119.66493988,29.802457809
元,定興,北,33,115.774193,39.269592
元,歷城,北,33,117.00148773,36.650131226
元,烏程,南,33,120.099312,30.864964
元,福州路,南,32,119.32157898,26.073953629
元,縉雲,南,32,120.058441,28.648392
元,新喻州,南,31,114.9311,27.80408
元,祁門,南,31,117.706978,29.854147
元,進賢,南,31,116.259071,28.364485
元,金壇,南,31,119.57061768,31.74697876
元,吳江州,南,30,120.63778687,31.167064667
元,龍興路,南,30,115.89772034,28.67489624
元,慶元路,南,29,121.54265594,29.866315842
元,陵川,北,29,113.277008,35.778126
元,德興,南,28,117.580116,28.953411
元,無錫州,南,28,120.29766846,31.574613571000004
元,龍泉,南,28,118.46158871428572,27.831896142857143
元,大同路,北,27,113.29638672,40.092838287
元,安福州,南,27,114.60845184,27.382461548
元,晉江,南,27,118.589905,24.909640999999997
元,渾源州,北,27,113.68489837999999,39.69633102400001
元,萊陽,北,27,120.70584100000002,36.971165
元,處州路,南,27,119.91300964,28.448732376
元,開封,北,27,114.34333,34.785477
元,龍溪,南,27,117.653053,24.511744
元,上虞,南,26,120.97358699999998,29.952654
元,河西,南,26,102.639282,24.141741
元,海鹽州,南,26,120.93202209,30.517858505
元,濮州,北,26,115.50356293000002,35.672870636
元,天山,北,25,88.55770000000001,42.24193999999999
元,安喜,北,25,114.975044,38.520061
元,永新州,南,25,114.23686981,26.94556427
元,義州,北,25,121.24302673,41.53939437900001
元,南昌,南,24,115.89772,28.674896
元,崇德州,南,24,120.41873932,30.530447006
元,河內,北,24,112.936989,35.089302
元,集慶路,南,24,118.76898955999998,32.052562714
元,宛平,北,23,116.36800016739129,39.93142986965217
元,富州,南,23,115.35380852695653,27.999941037826087
元,台州路,南,22,121.12059784000002,28.843132019
元,崇明州,南,22,121.73243712999998,31.606826782
元,常州路,南,22,119.95230103,31.782783508
元,建安,南,22,118.32378399999999,27.038864
元,潞州,北,22,113.103485,36.183537
元,茶陵州,南,22,113.5521698,26.80197525
元,蕩陰,北,22,114.35269165,35.925518036
元,解州,北,22,111.113324,34.802203
元,松陽,南,21,119.485344,28.450748000000004
元,汲縣,北,21,114.07026699999999,35.410385
元,福寧州,南,21,119.99039458999998,26.883462906
元,紹興路,南,21,120.57826232999999,30.004514694
元,華亭,南,21,121.227638,31.009476
元,太和州,南,20,114.89487457,26.792102813999996
元,江西行中書省,未知,20,,
元,順德路,北,20,114.4942627,37.066360474
元,中山府,北,19,114.97503661999998,38.520061493
元,南豐州,南,19,116.52993011,27.214305877999998
元,吉水,南,19,115.132248,27.214366999999996
元,宜興州,南,19,119.81438446,31.363637924
元,揚州路,南,19,119.43718718999999,32.391269684
元,河東,北,19,110.332306,34.835129
元,溧陽州,南,19,119.48600005999998,31.430706024000003
元,瑞安州,南,19,120.63069152999998,27.790512085
元,長興州,南,19,119.90137482,31.013893127000003
元,閩縣,南,19,119.32157699999999,26.073954
元,須城,北,19,116.299171,35.910343
元,高安,南,19,115.37227600000001,28.425598
元,高郵府,南,19,119.43733215000002,32.790710449
元,建昌州,南,18,115.76181793,29.087831497
元,渭南,北,18,109.501236,34.502998
元,溫州路,南,18,120.65322112999999,28.018291473
元,餘干州,南,18,116.68195343,28.691545486000003
元,南宮,北,17,115.366998,37.365629
元,四川行中書省,未知,17,,
元,崇安,南,17,118.026779,27.756025
元,襄陵,北,17,111.396492,36.023994
元,青田,南,17,120.288155,28.143875
元,合肥,南,16,117.276459,31.864456
元,懷孟路,未知,16,,
元,清苑,北,16,115.50209,38.855701
元,濟寧路,北,16,116.57787323,35.410430908
元,獲鹿,北,16,114.307724,38.083111
元,長清,北,16,116.722055,36.551817
元,大名,北,15,115.13826,36.24564
元,平陽,南,15,115.3361,26.386552666666667
元,房山,北,15,115.98471832,39.710479736
元,新淦州,南,15,115.3938,27.75974
元,樂清,南,15,120.957687,28.130676
元,當塗,南,15,118.483437,31.555685
元,祥符,北,15,114.34333,34.785477
元,蒲城,北,15,109.585121,34.955936
元,鞏昌府,北,15,104.63560486,35.007137299
元,高平,北,15,112.919586,35.792057
元,信州路,南,14,117.96488953000001,28.450691223
元,定海,南,14,121.711716,29.953701
元,山東東西道宣慰司,未知,14,,
元,弋陽,南,14,117.42131099999999,28.401875999999998
元,曲阜,北,14,116.986059,35.597553
元,榆次,北,14,112.744682,37.678467
元,樂平州,南,14,117.1240921,28.964994431
元,洺水,北,14,115.29866,37.27806300000001
元,范陽,北,14,115.968147,39.487221
元,鄒平,北,14,117.72535,36.884702
元,開化,南,14,118.404884,29.14485
元,霸州,北,14,116.39524841,39.101539612
元,光山,南,13,114.89877299999999,32.009701
元,冠州,北,13,115.43623352,36.473129272
元,堂邑,北,13,115.774849,36.487839
元,定襄,北,13,112.943771,38.492691
元,定遠,南,13,115.923214,32.189109615384616
元,寧都州,南,13,116.01010132,26.466514587
元,晉城,北,13,112.83915699999999,35.504318
元,東昌路,北,13,115.98869324,36.447738647
元,汶上,北,13,116.484373,35.728807
元,濮陽,北,13,115.01371,35.705147
元,無極,北,13,114.96936,38.176727
元,聞喜,北,13,111.217209,35.357723
元,華亭,北,13,106.65195500000002,35.218842
元,華陰,北,13,110.08936300000002,34.56831
元,衛輝路,北,13,114.07026672,35.410385132
元,許州,北,13,113.81974792,34.031391144
元,鄧州,南,13,112.08096313,32.684825897
元,靈壽,北,13,114.365883,38.30547
元,三原,北,12,108.926292,34.619747
元,上元,南,12,118.76898999999999,32.052563
元,丹陽,南,12,119.569855,31.995802
元,句容,南,12,119.162735,31.946535
元,宣德,北,12,113.11134338,40.37184906
元,寧海,南,12,121.425552,29.283617000000003
元,平江州,南,12,113.57494354,28.709812164
元,惠安,南,12,118.802818,25.022078000000004
元,成都路,南,12,104.07800292999998,30.650379181
元,曲沃,北,12,111.47002400000001,35.641285
元,柏鄉,北,12,114.68058,37.49469
元,樂安,北,12,118.400307,37.049801
元,武陟,北,12,113.36535645,35.056087494
元,汝州,北,12,112.83702087,34.161762238
元,浦城,南,12,118.536255,27.924685999999998
元,海寧州,南,12,120.53749847,30.406280518
元,涇陽,北,12,108.837563,34.533337
元,眉州,南,12,103.83145904999999,30.050500869999997
元,稷山,北,12,110.97882799999998,35.602161
元,衢州路,南,12,118.86764526,28.956821441999995
元,遼陽路,未知,12,,
元,齊河,北,12,116.779442,36.70007
元,大寧路,北,11,119.13629999999999,41.578
元,宜黃,南,11,116.21018200000002,27.546391000000003
元,富陽,南,11,119.94775400000002,30.053433999999996
元,常山,南,11,118.502663,28.903732
元,平定州,北,11,113.62226867999999,37.802036285
元,徐州,北,11,117.18768311,34.269634247
元,徽州路,南,11,118.4339447,29.865770339999997
元,恩州,北,11,116.07292938,37.213150024
元,成都,南,11,104.077995,30.650384999999996
元,昌國州,南,11,122.10109711,30.015159607
元,棗強,北,11,115.718079,37.50264
元,樂安,南,11,115.831779,27.426289
元,欒城,北,11,114.61831136363638,37.884559090909086
元,河中府,北,11,110.33230591,34.835128784
元,泰州,南,11,119.91123965454545,32.49587245272727
元,濟陰,北,11,115.44413,35.250252
元,臨汾,北,11,111.515434,36.078037
元,莘縣,北,11,115.665085,36.236708
元,行唐,北,11,114.543609,38.43607
元,邵武路,南,11,117.48339843999999,27.337692260999997
元,鄆城,北,11,115.93501300000001,35.605061
元,陝西行中書省,未知,11,,
元,元城,北,10,115.218359,36.30969
元,北庭,北,10,89.2812,44.1865
元,嵊縣,南,10,120.815277,29.587489999999995
元,建德,南,10,118.5131504,29.776363000000003
元,晉陵,南,10,119.952301,31.782784
元,歸安,南,10,120.09931200000001,30.864963999999997
元,永豐,南,10,116.8120385,27.880292000000004
元,洪洞,北,10,111.68291500000001,36.259399
元,浮梁州,南,10,117.23635864,29.382741928
元,淄川,北,10,117.96095599999998,36.635994
元,清州,北,10,116.82543181999999,38.580711365
元,渤海,北,10,118.02375000000002,37.36813
元,滄州,北,10,117.02410126,38.209125519
元,滿城,北,10,115.31562,38.947723
元,濬州,北,10,114.54429999999999,35.66838
元,瀏陽州,南,10,113.62143707,28.149572372
元,穎州,南,10,115.809,32.90306
元,蕭山,南,10,120.258934,30.161488
元,襄陽路,南,10,112.15869904000002,32.026519775
元,邢臺,北,10,114.494263,37.066357
元,釜陽,北,10,114.374245,36.359043
元,長沙,南,10,112.978134,28.198198
元,餘杭,南,10,119.94059999999999,30.271769999999997
元,高陵,北,10,109.080475,34.533325
元,鼓城,北,10,115.035423,38.032494
元,上黨,北,9,113.103485,36.183537
元,修武,北,9,113.434837,35.231197
元,分水,南,9,119.433472,29.923369999999995
元,咸寧,北,9,108.937189,34.317987
元,單父,北,9,116.07925400000002,34.797901
元,嘉興,南,9,120.753204,30.767469
元,固始,南,9,115.67110399999999,32.18354
元,婺州路,南,9,119.64991760000001,29.104711533
元,宿州,北,9,116.97139740000001,33.642368317
元,平棘,北,9,114.772179,37.752926
元,平江路,南,9,120.61862183,31.312709808000005
元,懷慶路,北,9,112.9462,35.0886
元,新建,南,9,115.89772,28.674896000000004
元,新泰,北,9,117.755882,35.90966
元,晉州,北,9,115.03542328,38.032489777
元,曹州,北,9,115.44412993999998,35.25025177
元,柘城,北,9,115.296463,34.076611
元,武安,北,9,114.191864,36.697582
元,江寧,南,9,118.76899,32.052563
元,沂州,北,9,118.39524078,35.197975159
元,淶水,北,9,115.707802,39.391743
元,白馬,北,9,114.543465,35.564453
元,穰縣,南,9,112.080963,32.684826
元,蒲圻,南,9,113.87461100000002,29.708353000000002
元,藍田,北,9,109.321556,34.153698
元,象山,南,9,121.86618000000001,29.474428000000003
元,鄄城,北,9,115.56439,35.58325
元,陽城,北,9,112.417999,35.490593
元,青陽,南,9,117.863052,30.636638999999995
元,代州,北,8,112.94904327,39.060390472
元,內邱,北,8,114.5119,37.295
元,同州,北,8,109.939,34.79724
元,太和,南,8,114.894874,26.792103
元,奉化郡,未知,8,,
元,奉聖州,北,8,115.2247,40.3759
元,安豐,南,8,116.67452,32.334127
元,完州,北,8,115.12358093,38.833221436
元,容城,北,8,115.865715,39.051655
元,將樂,南,8,117.455017,26.720821
元,德清,南,8,120.084801,30.553133
元,新安,北,8,113.563266375,36.305105125
元,東明,北,8,115.127876,35.166267
元,樂陵,北,8,117.108464,37.557559
元,江山,南,8,118.615936,28.735312
元,淄州路,未知,8,,
元,淮安路,北,8,119.14110565,33.502788544
元,滕州,北,8,117.06571198,35.067378998
元,澤州,北,8,112.839157,35.504318
元,番禺,南,8,113.256066,23.134624
元,秀容,北,8,112.731201,38.398563
元,絳州,北,8,111.216148,35.616409
元,翼城,北,8,111.708443,35.738762
元,聊城,北,8,115.987486,36.446715
元,蒲陰,北,8,115.315086,38.412342
元,諸暨,南,8,120.227661,29.713137
元,遂昌,南,8,119.263466,28.587894
元,邯鄲,北,8,114.472038,36.593475
元,郟縣,北,8,113.203407,33.972053
元,鉅野,北,8,116.08870697,35.396209717
元,陽曲,北,8,112.564827,37.873753
元,饒州路,南,8,116.66383362,28.994167328
元,黟縣,南,8,117.930214,29.933117
元,亳州,北,7,115.77090454000002,33.879291534
元,仁和,南,7,120.168625,30.294125
元,內鄉,北,7,111.83859300000002,33.050232
元,冀州,北,7,115.56381226,37.565979004
元,分宜,南,7,114.69360300000001,27.767023
元,南鄭,北,7,107.035187,33.076485
元,台州,北,7,113.2592,38.71918
元,吉州,北,7,110.6751709,36.095630646
元,察合台汗國,未知,7,,
元,寧德,南,7,119.517273,26.661217
元,寶坻,北,7,117.302422,39.725895
元,山陰,南,7,120.578262,30.004515
元,延平路,南,7,118.16918182000002,26.642173767
元,建陽,南,7,118.10537,27.33988
元,張掖,北,7,100.40263,38.96341
元,新昌,南,7,120.902107,29.494654
元,昆明,南,7,102.71035004,25.045913695999996
元,易州,北,7,115.49347687,39.349040985
元,束鹿,北,7,115.38535309,38.00688171400001
元,東莞,南,7,113.84625242857143,22.76006757142857
元,林州,北,7,113.81280518000001,36.06880188
元,永年,北,7,114.723068,36.701031
元,汝寧府,北,7,114.34600067,33.007541656
元,河東山西道宣慰司,未知,7,,
元,潞縣,北,7,116.72346,39.903560000000006
元,狄道,北,7,103.857941,35.379147
元,睢陽,北,7,115.646072,34.447662
元,碭山,北,7,116.340248,34.427879
元,磁州,北,7,114.374245,36.359043
元,福清州,南,7,119.38143920999998,25.727916718
元,膠州,北,7,120.00730133,36.30002594
元,臨城,北,7,114.500061,37.43983099999999
元,華州,北,7,109.7598877,34.519626617
元,蔚州,北,7,114.56905365,39.84054184
元,西安,南,7,118.867645,28.956821
元,輝州,北,7,113.79414368,35.458675385
元,通州,北,7,116.65880585,39.90592193599999
元,金鄉,北,7,116.304527,35.068165
元,銅鞮,北,7,112.698982,36.757431
元,長泰,南,7,117.750549,24.620480000000004
元,隴西,北,7,104.63560500000001,35.007137
元,雲內州,北,7,111.4313,40.6098
元,中牟,北,6,114.05868500000001,34.731582
元,京兆府,北,6,108.94420624000001,34.266605377
元,任邱,北,6,116.09048462,38.707668304
元,保定,北,6,116.366257,39.006218
元,保德州,北,6,111.07948303,39.01240921
元,信都,北,6,115.563812,37.565983
元,南豐,南,6,116.52993,27.214306000000004
元,吉安路,南,6,114.97127532999998,27.103239059
元,堅州,北,6,113.28534698,39.176879883
元,大理路,南,6,100.16444397,25.6978302
元,大都河間等路,北,6,116.3779,39.9306
元,太谷,北,6,112.55276499999998,37.425507
元,奉化,南,6,121.406906,29.651657
元,安平,北,6,115.510575,38.230526
元,安肅州,北,6,115.65738677999998,39.019435883
元,寧州,北,6,107.9305,35.50143
元,延安路,北,6,109.4699,36.59181
元,建康路,南,6,118.76898999999999,32.05256
元,懷仁,北,6,113.103211,39.820141
元,懷來,北,6,115.606673,40.303869
元,成州,北,6,114.22921752999999,39.437740326
元,攸州,南,6,113.34333038,27.004034042
元,文安,北,6,116.464562,38.864807
元,新城,北,6,115.987564,39.245949
元,新城,南,6,118.3190915,28.633916
元,新會,南,6,113.03839899999998,22.526581000000004
元,星子,南,6,116.04112200000002,29.453486
元,曲陽,北,6,114.690201,38.621449
元,武昌,南,6,114.879906,30.402718000000004
元,歸德府,北,6,115.60745239,34.385051727
元,永新,南,6,114.23687,26.945564
元,汝陽,北,6,114.346001,33.007538
元,江夏,南,6,114.30665500000002,30.573670000000003
元,海州海岸海水,南,6,120.53749847,30.406280518
元,海陵,南,6,119.91124,32.495872
元,涇縣,南,6,118.406586,30.68671
元,涿州,北,6,115.96814728,39.487220764
元,深州,北,6,115.628646,37.7177
元,清豐,北,6,115.11003899999999,35.908768
元,湘潭州,南,6,112.91126250999999,27.872697830000003
元,溧水州,南,6,119.02286529999999,31.656557083
元,澄城,北,6,109.93044300000001,35.190914
元,濟陽,北,6,117.210236,36.971943
元,福州,南,6,119.321577,26.073954
元,肥鄉,北,6,114.80310100000001,36.552029
元,襄城,北,6,113.47236600000001,33.853691
元,西河,北,6,111.77902999999999,37.263405
元,趙州,北,6,114.772179,37.752926
元,邳州,北,6,117.87731934,34.119205475
元,銅陵,南,6,117.78749899999998,30.953846
元,錦州,北,6,121.13530730999999,41.112857819
元,長子,北,6,112.87379400000002,36.119934
元,長樂,南,6,119.518837,25.959837000000004
元,開州,北,6,115.00592804,35.754283905
元,陝州,北,6,111.36267853,34.656059265
元,黃巖,南,6,121.258354,28.642613
元,龍巖,南,6,117.02916,25.103722
元,上都路,北,5,116.19800000000001,42.3994
元,下邑,北,5,116.121414,34.237991
元,下邳,北,5,117.87731899999999,34.119205
元,兗州,北,5,116.82369995000002,35.556697845
元,博野,北,5,115.459084,38.457569
元,唐縣,北,5,114.969154,38.741493
元,壺關,北,5,113.199623,36.113499
元,如皋,南,5,120.558662,32.384022
元,婺源,南,5,117.844589,29.244728
元,安豐路,南,5,116.77711487000002,32.575748444
元,密縣,北,5,113.35510867999999,34.512301491200006
元,富平,北,5,109.16156800000002,34.754429
元,屯留,北,5,112.882446,36.321949
元,川州,北,5,121.0414,42.1369
元,巢縣,南,5,117.86484500000002,31.601736
元,廬州路,南,5,117.27645874,31.864456177
元,弘州,北,5,114.18469999999999,40.142
元,扶溝,北,5,114.381271,34.060081
元,扶風,北,5,107.86849213,34.361824036
元,新樂,北,5,114.78760500000001,38.395042
元,朝城,北,5,115.57859800000001,36.055676
元,朝邑,北,5,110.122513,34.789036
元,杞縣,北,5,114.774483,34.553513
元,東阿,北,5,116.25103900000002,36.165921
元,桓州,北,5,115.95340000000002,42.2588
元,棣州,北,5,117.54780000000001,37.62398
元,樂平,南,5,117.12409199999999,28.964994
元,檀州,北,5,116.8504,40.3707
元,江州路,南,5,115.98567963,29.722364426000002
元,江都,南,5,119.437187,32.39127
元,江陵,南,5,112.190773,30.350445
元,汾西,北,5,111.56272900000002,36.650539
元,河間,北,5,116.08553299999998,38.435699
元,河陰,北,5,113.505955,34.947515
元,濠州,南,5,117.64022064000001,32.901634216
元,灤州,北,5,118.75231171,39.739654541
元,猗氏,北,5,110.77403999999999,35.147945
元,真陽,南,5,114.371459,32.780492
元,臨清,北,5,115.696384,36.828105
元,舒城,南,5,116.938538,31.456448
元,蒙城,北,5,116.555748,33.268639
元,蠡州,北,5,115.57469940000001,38.490058899
元,衡山,南,5,112.85241700000002,27.245646
元,豐縣,北,5,116.58418299999998,34.703617
元,貴池,南,5,117.481834,30.654660999999997
元,越州,南,5,103.87190000000001,25.29938
元,遼東行中書省,未知,5,,
元,邛州,南,5,103.45682526,30.416589737
元,郃陽,北,5,110.151016,35.242584
元,鄒縣,北,5,116.96727000000001,35.402763
元,鄠縣,北,5,108.603897,34.11182
元,鄭州,北,5,113.64131165,34.758075714
元,醴陵州,南,5,113.49410248,27.668518066
元,靖安,南,5,115.356644,28.861025
元,韓城,北,5,110.437637,35.465939
元,高陽,北,5,115.91989900000002,38.682152
元,魚臺,北,5,116.46536254999998,34.936798096
元,黃岡,南,5,114.86549399999998,30.446987
元,黃陂,南,5,114.36559300000002,30.875669
元,齊東,北,5,117.622918,36.991348
元,京山,南,4,113.116852,31.024815
元,偃師,北,4,112.804997,34.720623
元,元氏,北,4,114.508812,37.750031
元,內黃,北,4,114.897377,35.953903
元,全州路,南,4,111.06500244,25.931810379
元,南樂,北,4,115.197624,36.077473
元,南海,南,4,113.256066,23.134624
元,南陵,南,4,118.332405,30.924437
元,即墨,北,4,120.450409,36.382107
元,同安,南,4,118.144119,24.736046
元,和州,南,4,118.36112213,31.714223862
元,嘉祥,北,4,116.342979,35.400688
元,太康,北,4,114.856377,34.063873
元,安南國,未知,4,,
元,宛邱,北,4,114.8824,33.73398
元,宜春,南,4,114.375885,27.794266
元,崇德,南,4,120.418739,30.530447
元,巴陵,南,4,113.097656,29.37126
元,平山,北,4,114.193924,38.252403
元,平遙,北,4,112.177597,37.20726
元,廬江,南,4,117.288353,31.253363
元,建州,未知,4,,
元,建平,南,4,119.181473,31.134151
元,德平,北,4,116.95788,37.463477
元,息州,南,4,114.72908783,32.342430115
元,慈利州,南,4,111.12171173,29.42634201
元,掖縣,北,4,119.938004,37.17543
元,於潛,南,4,119.394783,30.192015
元,施州,南,4,109.47860718,30.272260666
元,昌平,北,4,116.2237,40.2221
元,景州,北,4,116.532822,37.884556
元,東光,北,4,116.532822,37.884556
元,東勝州,北,4,110.00063324,39.81627655
元,松溪,南,4,118.774612,27.528404
元,柳城,南,4,109.244456,24.532463
元,樂亭,北,4,118.918282,39.424881
元,樂平,北,4,113.6968,37.608364
元,武寧,南,4,113.388382,29.584533
元,武彊,北,4,115.85923,37.99443
元,武進,南,4,119.952301,31.782784
元,沔陽府,南,4,113.23660278,30.189540863
元,沙河,北,4,114.499619,36.936829
元,泗州,北,4,118.46811676,33.023403168
元,泰安州,北,4,117.12718964,36.188999176
元,洧川,北,4,113.850494,34.229904
元,浮梁,南,4,117.236359,29.382742
元,海陽,南,4,116.636658,23.667706
元,清流,南,4,116.81414,26.163521
元,潼川府,南,4,105.08757019,31.094619751
元,濱州,北,4,117.96530914,37.47833252
元,烏思藏納里速古魯孫等三路宣慰使司都元帥府,未知,4,,
元,無為州,南,4,117.91131592,31.29851532
元,燕南河北道宣慰司,未知,4,,
元,百丈,南,4,103.257194,30.190763
元,盧龍,北,4,118.861954,39.877323
元,睢州,北,4,115.06597137,34.430503845
元,綿州,南,4,104.7492981,31.459007263
元,臨桂,南,4,110.286262,25.28006
元,臨武,南,4,112.538384,25.281508
元,臨沂,北,4,118.34095,35.07156
元,臨穎,北,4,113.9697,33.8078
元,臨邑,北,4,116.859324,37.190325
元,興國,南,4,115.342766,26.321701
元,般陽路,北,4,117.9696,36.6429
元,良鄉,北,4,116.13558197,39.741252899
元,萬載,南,4,114.449379,28.111526
元,蕭縣,北,4,116.923967,34.205476
元,蘄州路,南,4,115.34519958,30.0625
元,蘄春,南,4,115.3452,30.062502
元,蘭陽,北,4,114.859356,34.92438
元,虞城,北,4,115.904617,34.519341
元,衡陽,南,4,112.597038,26.901617
元,襄垣,北,4,113.040764,36.534588
元,豫章郡,未知,4,,
元,趙城,北,4,111.675247,36.390411
元,都昌,南,4,116.189186,29.272564
元,鄢陵,北,4,114.195343,34.107433
元,長山,北,4,117.864911,36.882379
元,長汀,南,4,116.349541,25.833382
元,開平,北,4,116.198,42.3994
元,陽穀,北,4,115.774289,36.11476
元,霍州,北,4,111.72808075,36.5638237
元,青城,北,4,117.69149,37.187836
元,餘姚,南,4,121.152763,30.049067
元,魏縣,北,4,114.830896,36.235814
元,上高,南,3,114.92675000000001,28.241369000000002
元,下邽,北,3,109.50959,34.729103
元,乳源,南,3,113.30529,24.761463000000003
元,交城,北,3,112.156273,37.544411
元,光州,南,3,115.04457855,32.130302429
元,光澤,南,3,117.333252,27.539524
元,全椒,南,3,118.26437400000002,32.098347
元,公安,南,3,112.22648599999998,30.057532999999996
元,北京路,未知,3,,
元,博興州,北,3,118.12770081000001,37.135398865
元,原住民部落領地,未知,3,,
元,古田,南,3,115.77318833333334,26.108979333333334
元,固安州,北,3,116.30117035,39.435630798
元,壽張,北,3,115.84855699999999,36.014387
元,壽昌,南,3,119.219635,29.369589
元,威州,北,3,114.15242004,38.103668213
元,安吉,南,3,119.693134,30.707222
元,安慶路,南,3,117.0346756,30.512294769000004
元,安西,北,3,104.60437,35.82225
元,宜興,南,3,119.81438166666668,31.363639333333335
元,寧州,南,3,114.5596,29.03871
元,寧都,南,3,116.010101,26.466515
元,寧鄉,北,3,111.188125,37.339596
元,尤溪,南,3,118.18219,26.171848
元,平原,北,3,116.427864,37.156743
元,平陰,北,3,116.448669,36.286934
元,廣平,北,3,114.936844,36.480518
元,廣德路,南,3,119.42018890000001,30.894685745
元,忻州,北,3,112.73120117,38.39855957
元,應州,北,3,113.18239999999999,39.56017
元,懷遠,南,3,117.196414,32.965703
元,成安,北,3,114.69406099999999,36.441349
元,播州軍民安撫司,南,3,106.9316,27.69562
元,政和,南,3,118.853187,27.372105
元,文昌,南,3,110.77373900000002,19.759297
元,文水,北,3,112.02419281,37.436981201
元,新河,北,3,115.246506,37.529594
元,新都,南,3,104.160545,30.83139
元,易縣,北,3,115.493477,39.349037
元,曲周,北,3,114.949653,36.779305
元,朐山,北,3,119.126012,34.582213
元,望江,南,3,116.674332,30.123537
元,林慮,北,3,113.81280499999998,36.068802
元,武邑,北,3,115.890663,37.805992
元,武鄉,北,3,112.916267,36.826817
元,歸信,北,3,116.09270499999998,38.97588
元,江州,南,3,115.98567963,29.722364426
元,江東,未知,3,,
元,河陽,北,3,112.783773,34.882409
元,海康,南,3,110.087914,20.901958
元,海鹽,南,3,120.932022,30.517859
元,淮東道宣慰司,未知,3,,
元,清平,北,3,116.076569,36.75478
元,湖州,南,3,120.09931182999999,30.864963531
元,澧陽,南,3,111.75698800000002,29.640152
元,燕京,未知,3,,
元,獲嘉,北,3,113.660217,35.268127
元,玉山,南,3,118.240181,28.679602
元,瑞金,南,3,116.024681,25.872565999999996
元,登封,北,3,113.02461999999998,34.455818
元,白水,北,3,109.587059,35.181622
元,真定路,北,3,114.56364441,38.140110016
元,祁縣,北,3,112.3153,37.353817
元,膠西,北,3,120.007301,36.300026
元,臨晉,北,3,110.551643,35.097809
元,臨漳,北,3,114.54042,36.256685
元,臨潼,北,3,109.2217,34.3679
元,興元路,北,3,107.03518677,33.07648468
元,興化,南,3,119.14928666666667,28.058459666666664
元,范縣,北,3,115.6297226,35.935287476
元,萊州,北,3,119.93800354,37.175430298
元,葉縣,北,3,113.345528,33.623302
元,葭州,北,3,110.49559784,38.023292542
元,蓋州,北,3,122.3695,40.3967
元,蓮城,南,3,116.74573500000001,25.708454
元,蘇州,南,3,102.3284,28.9477
元,虹縣,北,3,117.878876,33.478375
元,衡州路,南,3,112.59703827,26.90161705
元,襄邑,北,3,115.065971,34.430504
元,西華,北,3,114.524445,33.793056
元,贊皇,北,3,114.376983,37.662655
元,遂安,南,3,118.738399,29.480773
元,遂州,北,3,115.53630829000001,39.048160553
元,遷安,北,3,118.716316,39.999717
元,鉛山州,南,3,117.77658844,28.208446503
元,鍾離,南,3,117.66609999999999,32.9023
元,關中,未知,3,,
元,陳州,北,3,114.8824,33.73398
元,陳留,北,3,114.52452799999999,34.673195
元,雄州,北,3,116.09269714,38.975879669
元,雷州路,南,3,110.08791351,20.901958466
元,霑化,北,3,117.80175780999998,37.68321991
元,靈璧,北,3,117.551811,33.545761
元,鞏縣,北,3,113.051003,34.785107
元,順州,北,3,116.65140000000001,40.1268
元,飛狐,北,3,114.68877400000001,39.354015
元,館陶,北,3,115.406581,36.656869
元,高郵,南,3,119.43733200000001,32.79071
元,魯山,北,3,112.90193900000001,33.737118
元,鹽城,北,3,120.13372,33.385162
元,鹽山,北,3,117.31308,38.1894
元,龍遊,南,3,103.75155639999998,29.570690155000005
元,三河,北,2,117.076118,39.982788
元,上杭,南,2,116.417839,25.053339
元,上蔡,北,2,114.226669,33.264837
元,中部,北,2,109.263817,35.589474
元,交河,北,2,116.285118,38.017044
元,仁壽,南,2,104.143768,30.004446
元,介休,北,2,111.912163,37.026474
元,信陽州,南,2,114.06924438,32.131118774
元,全寧路,北,2,119.0292,42.9335
元,全州,南,2,111.065003,25.931814
元,別失八里宣慰司,北,2,89.2812,44.1865
元,北海,北,2,119.106499,36.702705
元,南和,北,2,114.687309,36.999573
元,南平,南,2,118.169182,26.642174
元,南康,南,2,114.745163,25.658571
元,南雄路,南,2,114.30208588,25.118843079
元,原武,北,2,113.789421,34.994549
元,台州,南,2,121.12059784,28.843132019
元,合州,南,2,106.259554815,30.003941245
元,同官,北,2,109.07422638,35.133014679
元,吳江,南,2,120.637787,31.167065
元,哈剌和林,未知,2,,
元,唐山,北,2,114.698692,37.339809
元,商水,北,2,114.595726,33.537884
元,商河,北,2,117.157547,37.308677673
元,單州,北,2,116.10065,34.74188
元,嘉定州,南,2,121.24902344,31.385845184
元,嘉魚,南,2,113.895576,29.975599
元,增城,南,2,113.829155,23.292559
元,壽春,南,2,116.777115,32.575748
元,夏縣,北,2,111.220055,35.137451
元,天長,南,2,118.998154,32.690521
元,太和,北,2,115.608963,33.16544
元,奉新,南,2,115.377151,28.70723
元,威寧,北,2,113.8954,41.1017
元,安岳,南,2,105.3245163,30.112699509
元,安福,南,2,114.608452,27.382462
元,安西路,未知,2,,
元,安邱,北,2,119.1974,36.42905
元,定陶,北,2,115.552425,35.089468
元,宜都,南,2,111.457916,30.392385
元,宜陽,北,2,112.165222,34.512718
元,富庶,北,2,119.8746,41.3809
元,寧夏府路,北,2,106.27397156,38.466972351
元,封邱,北,2,114.40882874,35.039676666
元,尉氏,北,2,114.18077087,34.413452148
元,山陽,北,2,119.141106,33.502789
元,岳州路,南,2,113.09765625,29.371259689
元,崇寧,南,2,103.82247162,30.926973343
元,崑山,南,2,120.94823456,31.386108398
元,崞州,北,2,112.75151825,38.883319855
元,嶧州,北,2,117.58605957,34.770004272
元,常熟,南,2,120.733788,31.646582
元,平晉,北,2,112.566277,37.736397
元,廣州路,南,2,113.25606537,23.134624481
元,廣靈,北,2,114.276054,39.763554
元,建康府,南,2,118.76899,32.052563
元,建昌,南,2,115.761818,29.087832
元,彭山,南,2,103.869247,30.200752
元,德慶路,南,2,111.77101898,23.146791458
元,應城,南,2,113.569679,30.946003
元,懷安,南,2,119.22961426,26.093738556
元,懷寧,南,2,117.034676,30.512295
元,撫州路,南,2,116.35134125,27.984781265
元,新寧,南,2,107.973465,31.076944
元,新平,北,2,108.077988,35.039658
元,旌德,南,2,118.538772,30.291025
元,昌化,南,2,119.211807,30.171944
元,昌黎,北,2,119.166412,39.706974
元,會川,北,2,116.825432,38.580715
元,杭州,南,2,120.16862488,30.294124603
元,楚丘,北,2,115.701694,34.704596
元,正平,北,2,111.216148,35.616409
元,武功,北,2,108.105102,34.332054
元,武城,北,2,115.886307,37.14809
元,武岡,南,2,110.622291,26.730705
元,武清,北,2,116.945816,39.510274
元,武義,南,2,119.802269,28.895449
元,武陵,南,2,111.6913,29.034807
元,永城,北,2,116.36399841,33.93945694
元,永壽,北,2,108.043968,34.812748
元,永安,南,2,119.0474475,27.408620499999998
元,江陰,南,2,120.26609,31.90877
元,池陽,北,2,108.83756,34.53334
元,汾州,北,2,111.77902985,37.263401031
元,沈丘,北,2,115.25605,33.071312
元,河津,北,2,110.662392,35.576092
元,泉州,南,2,118.58990479,24.909641266
元,泉州路,南,2,118.58990479,24.909641266
元,泌陽,南,2,112.832519,32.697708
元,泗水,北,2,117.270161,35.6597
元,泰和,南,2,114.89487457,26.792102814
元,泰興,南,2,120.016167,32.160381
元,淇州,北,2,114.19436646,35.606449127
元,深澤,北,2,115.192085,38.184902
元,湖口,南,2,116.218018,29.734993
元,湘鄉州,南,2,112.51874542,27.737247467
元,滑州,北,2,114.6254,35.62207
元,滕縣,北,2,117.157007,35.085022
元,漢州,南,2,104.2830658,30.981309891
元,漢陽府,南,2,114.26898956,30.552240372
元,漷州,北,2,116.65880585,39.905921936
元,澧州路,南,2,111.75698853,29.640151978
元,濟州,北,2,116.598,36.39659
元,烏江,南,2,118.45504,31.857315
元,無錫,南,2,120.297668,31.574614
元,玉田,北,2,117.754776,39.883671
元,瑞州,未知,2,,
元,瓊山,南,2,110.357941,20.008165
元,甘泉,北,2,109.344574,36.278626
元,登州,南,2,112.08096313,32.684825897
元,盂州,北,2,113.4225,38.0904
元,盱眙,北,2,118.4953,33.01474
元,真州,南,2,119.17762756,32.267543793
元,睢寧,北,2,117.94442,33.899052
元,石樓,北,2,110.826668,36.995705
元,祁州,北,2,115.315086,38.412342
元,禹城,北,2,116.651192,36.94436
元,秦州,北,2,105.71695709,34.585472107
元,程鄉,南,2,116.110497,24.315781
元,管城,北,2,113.641312,34.758076
元,管州,北,2,111.94010925,38.357658386
元,羅江,南,2,104.512505,31.303993
元,羅源,南,2,119.54493,26.490908
元,羅田,南,2,115.390396,30.790346
元,耒陽州,南,2,112.84688568,26.41506958
元,臨安,南,2,119.71658,30.318827
元,舞陽,北,2,113.586899,33.432571
元,莒州,北,2,118.83441925,35.581886292
元,華容,南,2,112.559288,29.518757
元,萬泉,北,2,110.801264,35.36078
元,蒲臺,北,2,118.02375031,37.36812973
元,蕪湖,南,2,118.362618,31.334949
元,蘄水,南,2,115.252037,30.458691
元,蘆山,南,2,102.926735,30.15958
元,蘭溪,南,2,119.478851,29.204453
元,衡水,北,2,115.628646,37.7177
元,衢州,南,2,118.86764526,28.956821442
元,袁州路,南,2,114.37588501,27.794265747
元,裕州,北,2,112.99250793,33.26007843
元,觀城,北,2,115.376282,35.944084
元,豐州,北,2,107.9624,40.93678
元,費縣,北,2,117.964623,35.265209
元,贛州,南,2,114.93248,25.847
元,贛縣,南,2,114.93248,25.847
元,通安州,南,2,100.23597717,26.874629974
元,通海,南,2,102.755607,24.106072
元,連江,南,2,119.534469,26.198015
元,遂寧州,南,2,105.812285,30.194462
元,遂溪,南,2,110.250893,21.38298
元,邠州,北,2,108.07798767,35.039661407
元,邢州,北,2,114.4942627,37.066360474
元,邵武,南,2,117.483398,27.337692
元,鄂州路,南,2,114.30666351,30.573669434
元,鄆州,北,2,116.28256226,35.956073761
元,鄜州,北,2,109.24881744,35.546348572
元,醴泉,北,2,108.416565,34.489967
元,長垣,北,2,114.917006,35.266031
元,長壽,南,2,112.589256,31.169827
元,長林,南,2,112.198418,31.028728
元,長興,南,2,119.901375,31.013893
元,開元路,未知,2,,
元,陵州,北,2,116.28620148,37.45066452
元,陽武,北,2,113.962967,35.051949
元,隨州,南,2,113.36981964,31.715110779
元,隰川,北,2,111.026703,36.830696
元,隰州,北,2,111.02670288,36.830696106
元,雞澤,北,2,114.874496,36.924026
元,離石,北,2,111.135178,37.510105
元,雲陽州,南,2,108.89149475,30.966854095
元,零陵,南,2,111.612564,26.210339
元,靜安,北,2,115.582257,37.869494
元,靜江路,南,2,110.2945,25.2792
元,順天路,北,2,115.50209045,38.855701447
元,順昌,南,2,117.806282,26.797091
元,順聖,北,2,114.5913,40.2264
元,饒陽,北,2,115.736023,38.245987
元,高密,北,2,119.752564,36.385406
元,高邑,北,2,114.611526,37.604755
元,鳳翔府,北,2,107.38591766,34.522518158
元,鹿邑,北,2,115.481361,33.860767
元,黃州路,南,2,114.86549377,30.446989059
元,黃梅,南,2,115.934936,30.079201
元,黎城,北,2,113.380028,36.504337
元,龍南,南,2,114.784775,24.899044
元,龍山,北,2,119.7228,40.9393
元,三水,北,1,108.32904,35.190163
元,上都大都等處,北,1,116.3779,39.9306
元,中江,南,1,104.679047,31.044277
元,中興路,南,1,112.19077301,30.350439072
元,乾州,北,1,108.23560333,34.53030014
元,五河,北,1,117.879116,33.132603
元,井陘,北,1,114.017784,38.006161
元,什邡,南,1,104.174042,31.13427
元,仁壽郡,未知,1,,
元,仙游,南,1,118.68367,25.364557
元,仙遊,南,1,118.68367004,25.364557266
元,任城,北,1,116.577865,35.410431
元,伏羌,北,1,105.329079,34.739437
元,來安,南,1,118.426872,32.452389
元,侯官,南,1,119.321577,26.073954
元,信安,南,1,118.502663,28.903732
元,儀真,南,1,119.177627,32.267544
元,六合,南,1,118.837898,32.348419
元,六安州,南,1,116.49411774,31.754594803
元,利州,南,1,105.83299255,32.443889618
元,利津,北,1,118.255593,37.49131
元,北流,南,1,110.347519,22.714184
元,南京,南,1,118.76898956,32.052562714
元,南充,南,1,106.105835,30.819111
元,南安,南,1,118.537849,24.953764
元,南康軍,南,1,116.041122,29.453486
元,南皮,北,1,116.696785,38.037567
元,南頓,北,1,114.836701,33.444226
元,博山,未知,1,,
元,博平,北,1,116.110229,36.586896
元,合水,北,1,108.11610413,36.018047333
元,名山,南,1,103.096069,30.094233
元,吐蕃道宣慰司,未知,1,,
元,含山,南,1,118.103004,31.720116
元,吳川,南,1,110.682602,21.350586
元,吳興郡,未知,1,,
元,吳郡,未知,1,,
元,咸寧,南,1,114.271622,29.892479
元,咸平府,北,1,124.1283,42.6294
元,嘉定,南,1,121.249023,31.385845
元,嚴州,南,1,119.498856,29.544481
元,垣曲,北,1,111.87706,35.096607
元,城固,北,1,107.26797,33.20288
元,壽陽,北,1,113.1687088,37.8867836
元,夏津,北,1,116.001677,36.949275
元,大城,北,1,116.621887,38.695866
元,大定,北,1,119.00238,41.64163
元,大賚,未知,1,,
元,太倉,南,1,121.1076,31.4496
元,太平,北,1,111.274063,35.813309
元,太平,南,1,118.123146,30.298552
元,奉先,北,1,115.84486,39.70774
元,姚州,南,1,101.26670837,25.512069702
元,威州,南,1,103.3107,31.54915
元,婁煩,北,1,111.84446,38.09666
元,孟州,北,1,112.78279877,34.903179169
元,安化,南,1,111.644722,28.141174
元,安塞,北,1,109.317529,36.903601
元,安東州,北,1,119.26123047,33.766372681
元,安鄉,南,1,112.167397,29.40868
元,宜君,北,1,109.113106,35.397278
元,宜川,北,1,110.164879,36.045174
元,宣寧,北,1,113.111343,40.371845
元,宣平,北,1,114.6625,40.6806
元,宿松,南,1,116.114197,30.151213
元,密州,北,1,119.40398407,35.993354797
元,富川,南,1,111.29557,24.526541
元,寧化,南,1,116.659508,26.266445
元,寧津,北,1,116.792801,37.649857
元,寧鄉,南,1,112.550476,28.2593
元,山丹州,北,1,101.087959,38.781105
元,岐山,北,1,107.62709,34.439636
元,岳陽,北,1,111.916923,36.282902
元,峨眉,南,1,103.482224,29.60173
元,崇陽,南,1,114.043838,29.548801
元,常寧州,南,1,112.38709259,26.40725708
元,平谷,北,1,115.52934,39.66521
元,平陸,北,1,111.113324,34.802203
元,平陽府,北,1,111.515434,36.078037
元,廣信軍,北,1,115.536308,39.048157
元,廣宗,北,1,115.146057,37.0681
元,廣州,南,1,113.25606537,23.134624481
元,廣昌,南,1,116.316567,26.836372
元,廣西路,南,1,103.7707,24.5314
元,廣陵郡,未知,1,,
元,廬州,南,1,117.27645874,31.864456177
元,延長,北,1,110.00874329,36.583702087
元,建德路,南,1,119.49885559,29.544481277
元,彭澤,南,1,116.551216,29.896095
元,徐溝,北,1,112.508995,37.557182
元,循州,南,1,115.18617249,24.060003281
元,德安,南,1,115.745026,29.330564
元,徽州,南,1,118.433945,29.86577
元,忠州,南,1,108.0316,30.29858
元,惠州,北,1,118.594,40.9238
元,慈利,南,1,111.121712,29.426342
元,慶元,南,1,119.051315,27.614202
元,慶都,北,1,115.133423,38.705265
元,慶陽府,北,1,107.87602234,36.0051651
元,應天府,北,1,115.64607239,34.447662354
元,應山,南,1,113.818992,31.61832
元,成武,北,1,115.875175,34.962231
元,成紀,北,1,105.7258,34.5853
元,撫州,南,1,116.35134125,27.984781265
元,文登,北,1,122.056686,37.193062
元,新喻,南,1,114.931137,27.804075
元,新繁,南,1,104.015984,30.876556
元,新鄉,北,1,113.86824799,35.309940338
元,新鄭,北,1,113.719086,34.397324
元,日照,北,1,119.54641,35.393181
元,昌州,南,1,105.71049,29.71147
元,昌邑,北,1,119.4,36.85567
元,晉原,南,1,103.672607,30.636564
元,曲江,南,1,113.603417,24.810209
元,曲靖路,南,1,103.79677582,25.495843887
元,會同,南,1,109.713547,26.861492
元,朔州,北,1,112.42152405,39.308067322
元,松滋,南,1,111.714066,30.345695
元,桂東,南,1,113.914322,25.991592
元,桃源,南,1,111.477768,28.901598
元,桃源州,南,1,111.47776794,28.901597977
元,桐城,南,1,116.938606,31.05228
元,梁縣,北,1,112.837021,34.161762
元,梓潼,南,1,105.157631,31.63843
元,棲霞,北,1,120.827072,37.302383
元,榆社,北,1,112.963661,37.070942
元,榮陽,北,1,113.31708,34.78683
元,樂昌,南,1,113.346794,25.134874
元,歙州,南,1,118.4339447,29.86577034
元,武岡軍,南,1,110.622291,26.730705
元,武州,北,1,115.05114746,40.610363007
元,武平,南,1,116.09059906,25.09148407
元,武康,南,1,119.964065,30.550453
元,歸化,南,1,102.7432,24.70312
元,永和,北,1,110.633484,36.761459
元,永嘉郡,未知,1,,
元,永平路,北,1,118.8719,39.8763
元,永德,北,1,120.42354,41.18068
元,永春,南,1,118.28717,25.32579
元,永福,南,1,118.934105,25.867622
元,汀州路,南,1,116.34954071,25.833381653
元,江南,未知,1,,
元,江浙行中書省,未知,1,,
元,江西道宣慰司,未知,1,,
元,池州路,南,1,117.48183441,30.654661179
元,沁州,北,1,112.69898224,36.75743103
元,沙縣,南,1,117.781792,26.39761
元,河南行中書省,未知,1,,
元,泰和,北,1,115.57604,33.30994
元,泰寧,南,1,117.159111,26.898485
元,洛川,北,1,109.558853,35.867161
元,浙東道宣慰司,未知,1,,
元,浮山,北,1,111.842438,35.967442
元,海寧,南,1,120.537499,30.40628
元,海門,南,1,121.692779,31.842256
元,涇州,北,1,107.18605804,35.256145477
元,淮西,未知,1,,
元,淮陰,北,1,118.93358612,33.53131485
元,清水,南,1,108.51065826,31.360929489
元,清池,北,1,117.024101,38.209126
元,清源,北,1,112.508995,37.557182
元,渠州,南,1,106.96224,30.84433
元,湖南行中書省,未知,1,,
元,湖州府,南,1,120.09931183,30.864963531
元,湘陰州,南,1,112.8802948,28.676210403
元,溫州,南,1,120.65322113,28.018291473
元,溫縣,北,1,113.075463,34.938118
元,溫陽,北,1,116.63694,40.53252
元,滁州,南,1,118.30416107,32.316993713
元,滋陽,北,1,116.822527,35.555646
元,漁陽,北,1,117.401817,40.043865
元,漳州路,南,1,117.65305328,24.511743546
元,漳浦,南,1,117.610733,24.117096
元,潛山,南,1,116.5672,30.630346
元,潮陽,南,1,116.594063,23.260954
元,澂江路,南,1,102.91121674,24.673196793
元,澄邁,南,1,110.112246,19.958356
元,澠池,北,1,111.766312,34.765198
元,濟南王部,未知,1,,
元,濟源,北,1,112.58267212,35.092437744
元,濰州,北,1,119.106499,36.702705
元,無棣,北,1,117.401329,37.851643
元,營州,北,1,116.085533,38.435699
元,牟平,北,1,121.587731,37.376553
元,獻州,北,1,116.11489868,38.190700531
元,玉沙,南,1,113.236603,30.189541
元,瑞安,南,1,120.630691,27.790512
元,瓊州,南,1,110.35794067,20.008165359
元,甌寧,南,1,118.32378387,27.038864136
元,當陽,南,1,111.787117,30.831511
元,白登,北,1,113.818184,40.286655
元,益津,北,1,116.405,39.1007
元,益陽州,南,1,112.335289,28.597808838
元,監利,南,1,112.900253,29.815758
元,盧氏,北,1,111.040916,34.052612
元,相州,北,1,114.34549,36.098343
元,眉山,南,1,103.831459,30.050497
元,睦州,南,1,119.49885559,29.544481277
元,石城,北,1,118.30086,39.7117
元,石埭,南,1,117.945084,30.374228
元,石州,北,1,111.13517761,37.510108948
元,石門,南,1,111.373611,29.588543
元,福安,南,1,119.646772,27.088657
元,福山,北,1,121.260529,37.493282
元,福建行中書省,未知,1,,
元,穀城,南,1,111.645805,32.26936
元,端氏,北,1,112.519913,35.675182
元,紹興府,南,1,120.57826233,30.004514694
元,絳縣,北,1,111.561325,35.489243
元,綏寧,南,1,110.026772,26.491054
元,羅山,南,1,114.353657,32.1376
元,耀州,北,1,108.9715,34.91327
元,肅寧,北,1,115.83181,38.431767
元,肥城,北,1,116.766968,36.189663
元,胙城,北,1,114.3515,35.24676
元,膠水,北,1,119.94828,36.788235
元,臨州,北,1,111.05235291,38.147018433
元,臨朐,北,1,118.54163,36.510247
元,臨江路,南,1,115.39898682,28.015565872
元,臨淄,北,1,118.287529,36.809605
元,臨湘,南,1,113.292869,29.588139
元,興中府,北,1,119.75601,40.75494
元,興和路,北,1,114.7229,41.1549
元,興平,北,1,108.482605,34.298721
元,茶陵,南,1,113.55217,26.801975
元,荊門州,南,1,112.19841766,31.028730392
元,華原郡,北,1,108.97146606,34.913269043
元,華陽,南,1,104.0779953,30.650384903
元,萊蕪,北,1,117.660569,36.204097
元,萬安,南,1,114.779678,26.461771
元,葛城,北,1,115.81755,38.875374
元,蒙陰,北,1,117.928375,35.713753
元,蒲縣,北,1,111.096802,36.415764
元,蓨縣,北,1,116.258102,37.688007
元,蔡州,北,1,114.346,33.00754
元,藤州,南,1,110.90428162,23.373119354
元,處州,南,1,119.91300964,28.448732376
元,西平,北,1,113.95687,33.384105
元,西涼州,北,1,102.6438,37.9272
元,諸城,北,1,119.403984,35.993355
元,譙縣,北,1,115.770905,33.879292
元,豐潤,北,1,118.134895,39.827602
元,贛州路,南,1,114.93247986,25.847000122
元,通州,南,1,120.854645,32.010471
元,通渭,北,1,105.056137,35.694199
元,通許,北,1,114.459076,34.475006
元,連州,南,1,112.37812042,24.779701233
元,道州路,南,1,111.59088135,25.531356812
元,遠安,南,1,111.607788,31.120785
元,遵化,北,1,117.957985,40.184448
元,遼山,北,1,113.36811,37.07428
元,遼州,北,1,113.36811,37.07428
元,遼陽,北,1,123.167984,41.26585
元,邱縣,北,1,115.15681458,36.713916779
元,邵陽,南,1,111.474937,27.249315
元,郢州,南,1,112.58925629,31.169830322
元,郪縣,南,1,105.08757,31.09462
元,郾城,北,1,113.990395,33.596268
元,鄉寧,北,1,110.832985,35.973175
元,鄖縣,南,1,110.813988,32.83374
元,重慶路,南,1,106.55651855,29.561239243
元,金城,北,1,113.182381,39.560173
元,金華府,南,1,119.6499176,29.104711533
元,鉅鹿,北,1,115.022843,37.212341
元,長社,北,1,113.819748,34.031391
元,長葛,北,1,113.850494,34.229904
元,開封府,北,1,114.34333,34.785477
元,閩清,南,1,118.862495,26.213224
元,閬中,南,1,105.967034,31.58316
元,閬州,南,1,105.967034,31.58316
元,陽信,北,1,117.576309,37.640835
元,陽翟,北,1,113.467056,34.162491
元,隆平,北,1,114.766044,37.35228
元,階州,北,1,104.92927551,33.39484024
元,雅州,南,1,102.98436737,29.985559464
元,雩都,南,1,115.409363,25.954086
元,雲中,北,1,113.296387,40.092838
元,雲南行中書省,未知,1,,
元,雲夢,南,1,113.746399,31.025822
元,雲州,北,1,115.7182,41.083
元,電白,南,1,111.003499,22.016524
元,霍丘,南,1,116.2607,32.33855
元,霍邑,北,1,111.728081,36.563824
元,靈丘,北,1,114.229218,39.437744
元,靈仙,北,1,114.5789,39.8399
元,靈寶,北,1,110.94149,34.684616
元,靖州,南,1,109.709577,26.575192
元,韶州路,南,1,113.60341644,24.810209274
元,順寧府,南,1,99.910980225,24.591810226
元,順慶路,南,1,106.08072662,30.79899025
元,餘干,南,1,116.682,28.69155
元,饒州府,南,1,116.66383362,28.994167328
元,香河,北,1,116.995972,39.765232
元,馬邑,北,1,112.609909,39.353565
元,高唐州,北,1,116.23100281,36.861621857
元,高苑,北,1,117.959503,37.094288
元,鳳翔,北,1,107.385918,34.522518
元,鶴慶路,南,1,100.17928314,26.559419632
元,麻城,南,1,115.108574,31.216593
元,黃池,南,1,118.6075,31.3088
元,黃縣,北,1,120.482676,37.659418
元,龍陽州,南,1,111.9699707,28.91176796
明,莆田,南,2089,119.011101,25.433954
明,餘姚,南,1982,121.15276300074672,30.04906699907972
明,歙縣,南,1417,118.43394499788285,29.865770002399437
明,晉江,南,1415,118.589905,24.909640999999997
明,南昌,南,1147,115.89772000148214,28.674896001046207
明,鄞縣,南,1102,121.5426559989655,29.866315997275866
明,武進,南,1055,119.95230100014219,31.78278399766825
明,山陰,南,964,120.57826200308091,30.004514997143154
明,崑山,南,962,120.94823456,31.386108398
明,閩縣,南,960,119.321577,26.073954
明,華亭,南,942,121.227638,31.009476000000003
明,豐城,南,939,115.785782,28.197754
明,吳縣,南,936,120.618622,31.31271
明,安福,南,893,114.608452,27.382462
明,慈溪,南,882,121.444199,29.979195
明,長洲,南,838,120.618622,31.31271
明,無錫,南,784,120.2976680017602,31.574613998358416
明,海鹽,南,781,120.93202200172855,30.517858990492957
明,會稽,南,767,120.57826200516297,30.004514995212517
明,常熟,南,731,120.733788,31.646582
明,仁和,南,666,120.16862499963966,30.294124998807806
明,泰和,南,650,114.89487456999998,26.792102814
明,吉水,南,639,115.1322479998748,27.21436699986385
明,錢塘,南,621,120.1686249969082,30.294124989771337
明,內江,南,606,105.05389400006601,29.58075500038614
明,上海,南,598,121.48676299999998,31.224426997558524
明,南海,南,541,113.256066,23.134624
明,臨川,南,520,116.351341,27.984781
明,吳江,南,517,120.637787,31.167065
明,漳浦,南,506,117.610733,24.117096
明,嘉興,南,504,120.753204,30.767469
明,臨海,南,494,121.12059799967611,28.843132000038462
明,平湖,南,469,121.0123440007676,30.70421999961194
明,婺源,南,458,117.84458900200873,29.244728000768557
明,祥符,北,435,114.34333,34.785477
明,巴縣,南,433,106.55870819,29.560045242
明,富順,南,413,104.98831177,29.188720703
明,上虞,南,410,120.97358700048781,29.952653998597558
明,南充,南,402,106.080727,30.798986
明,秀水,南,389,120.75320400089974,30.767469001043697
明,蘭溪,南,387,119.478851,29.204453000000004
明,長樂,南,385,119.4985648077922,25.949999145454544
明,進賢,南,376,116.25907100186171,28.36448499886702
明,麻城,南,375,115.03138189634667,31.181108264586666
明,順德,南,371,113.25392099999999,22.84786
明,休寧,南,367,118.17577362,29.781190872
明,固始,南,367,115.671104003515,32.18354000281199
明,烏程,南,365,120.09931199906849,30.864963997430134
明,廬陵,南,361,114.971275,27.103239
明,福清,南,352,119.38143900059659,25.727916999198865
明,江陰,南,344,120.26609000340116,31.908769996581395
明,新建,南,331,115.89772000205438,28.67489600145015
明,黃岡,南,322,114.86549399928572,30.44698700047205
明,貴溪,南,316,117.202271,28.287901
明,宣城,南,315,118.74250000098414,30.94694100119365
明,龍溪,南,315,117.653053,24.511744
明,永豐,南,314,117.96293816560511,28.346032044585986
明,江都,南,314,119.43718700060509,32.39126999899363
明,新淦,南,306,115.393806,27.759735
明,宜興,南,301,119.81438498159469,31.363638006392026
明,番禺,南,300,113.25606600000002,23.134624
明,歸安,南,293,120.099312,30.864963999999997
明,太倉州,南,292,121.09863280999998,31.451000214
明,金谿,南,290,116.77625999999998,27.910084
明,定州,北,289,114.97504424999998,38.520061493
明,永嘉,南,278,120.65322100000002,28.018291
明,海寧,南,278,120.53749899999998,30.406280000000002
明,黟縣,南,275,117.9302139977091,29.93311699715273
明,丹徒,南,272,119.44429,32.20649
明,侯官,南,271,119.32157700730627,26.073953998630994
明,蕭山,南,270,120.25893400037037,30.161487992203703
明,永新,南,268,114.23687,26.945564
明,浮梁,南,266,117.236359,29.382742
明,嘉定,南,264,121.249023,31.385844999999996
明,東陽,南,260,120.227981,29.260567
明,任邱,北,259,116.09048462,38.707668304
明,同安,南,259,118.144119,24.736046
明,蒲州,北,258,115.91989899,38.682151794
明,鄱陽,南,254,116.6638330048819,28.994167002582678
明,新昌,南,253,119.32895105328062,29.211700519383403
明,洛陽,北,251,112.38263,34.665276
明,東莞,南,249,113.749817,23.046623
明,咸寧,北,247,108.937189,34.317987
明,大興,北,234,116.36800385,39.931427002
明,金華,南,234,119.649918,29.104712
明,新喻,南,232,114.931137,27.804075
明,桐城,南,232,116.93860600336207,31.05228000550862
明,蘇州府,南,232,120.61862183,31.312709808
明,陽曲,北,230,112.564827,37.873753
明,山陽,北,228,119.14110599846491,33.502788998
明,涇縣,南,226,118.406586,30.68671
明,合肥,南,222,117.276459,31.864456
明,金壇,南,219,119.57061768,31.74697876
明,萬安,南,218,114.779678,26.461771000000002
明,上元,南,216,118.76898999185185,32.0525629947037
明,淳安,南,214,118.96516500000001,29.612287000000002
明,瀘州,南,214,105.43699646,28.88435936
明,祁門,南,214,117.70697799925233,29.854146999799063
明,黃巖,南,213,121.258354,28.642613
明,江陵,南,211,112.19077300004739,30.350444999023697
明,益都,北,209,118.478098,36.69748
明,義烏,南,209,120.07162499999998,29.300087
明,浦江,南,207,119.883675,29.458708
明,溧陽,南,205,119.486,31.430706000000004
明,涇陽,北,203,108.837563,34.533337
明,定遠,南,199,114.38883280904523,31.870193271356786
明,江寧,南,199,118.76898999778894,32.05256299856281
明,南安,南,196,118.537849,24.953764
明,信陽,南,194,114.069244,32.131119
明,海陽,南,189,116.636658,23.667706
明,開州,北,188,115.00592804,35.754283905
明,永年,北,187,114.72306800128342,36.7010309985615
明,當塗,南,187,118.48343699775401,31.555685000229946
明,南城,南,186,116.62744900000001,27.559717
明,掖縣,北,186,119.938004,37.17543
明,武功,北,184,108.105102,34.332054
明,江夏,南,184,114.306655,30.573669999999996
明,永康,南,183,120.02525300163934,28.897268001612023
明,嘉善,南,181,120.91722100077348,30.843824004276247
明,宛平,北,180,116.36800385,39.931427002
明,句容,南,179,119.162735,31.946535
明,安州,北,179,115.81816885407821,38.87564828578771
明,德州,北,179,116.28740692,37.451641083
明,高安,南,177,115.372276,28.425598
明,仙居,南,175,120.73346,28.852207
明,新城,北,175,117.25026538857142,37.763160417142856
明,惠安,南,174,118.80281800000002,25.022078
明,安邑,北,173,111.04241900248554,35.062000001589595
明,濱州,北,173,117.96530914000002,37.47833252
明,歷城,北,170,117.00148772999998,36.650131226
明,清江,南,167,115.32808434131736,28.042592263473054
明,宜賓,南,166,104.6163559,28.774831772
明,杞縣,北,166,114.774483,34.553513
明,澤州,北,165,112.83915709939393,35.50431823556363
明,蒲圻,南,165,113.874611,29.708353
明,三原,北,163,108.92629242,34.61975090678528
明,建安,南,163,118.323784,27.038864000000004
明,樂平,南,161,117.124092,28.964994
明,泰州,南,161,119.91123962000002,32.495872498
明,西安,南,157,118.867645,28.956821
明,奉新,南,156,115.37715100314104,28.707229997525644
明,德清,南,156,120.084801,30.553133
明,光山,南,154,114.89877299999999,32.009701
明,濟寧州,北,154,116.57786559999998,35.410430908
明,諸暨,南,154,120.22766100253246,29.713136993629867
明,石首,南,153,112.40646399751635,29.72430999948366
明,曹州,北,151,115.44412994,35.25025177
明,京山,南,150,113.116852,31.024815
明,蘄水,南,149,115.25203699999999,30.458691
明,通州,北,149,116.65880585000001,39.905921936
明,長垣,北,149,114.68272400000001,35.19836
明,壽光,北,146,118.73850999999999,36.879799
明,全州,南,145,111.06500244,25.931814194
明,懷安,南,144,119.22961426,26.093738556
明,安陽,北,143,114.34549700090908,36.098342999272724
明,武陵,南,143,111.6913,29.034807
明,公安,南,142,112.226486,30.057533000000003
明,開化,南,142,118.404884,29.144849999999998
明,瓊山,南,141,110.357941,20.008165
明,南京,南,140,118.76898956,32.052562714
明,上饒,南,139,117.96489,28.450691
明,青陽,南,136,117.863052,30.636639
明,東平州,北,134,116.29917145,35.910339355
明,臨汾,北,134,111.515434,36.078037
明,丹陽,南,133,119.569855,31.995801999999998
明,長安,北,133,108.906976,34.246423
明,太和,南,132,100.164444,25.69783
明,潮陽,南,132,116.594063,23.260954
明,萊陽,北,132,120.705841,36.971165
明,內鄉,北,131,111.83859299641222,33.05023199949619
明,南昌府,南,131,115.89772034,28.67489624
明,遂寧,南,131,105.812285,30.194462
明,代州,北,130,112.94904327,39.060390472
明,鄧州,南,130,112.08096313,32.684825897
明,臨清,北,129,115.701523,36.846214
明,合州,南,128,106.25955963,30.00394249
明,華容,南,128,112.559288,29.518757
明,餘干,南,128,116.682,28.69155
明,高郵州,南,126,119.43733215,32.790710449
明,大同,北,125,113.296387,40.092838
明,固安,北,124,116.30117099475807,39.43563099837097
明,縉雲,南,124,120.058441,28.648391999999998
明,長治,北,124,113.1128,36.1829
明,沔陽州,南,123,113.23660278,30.189540863
明,涿州,北,121,115.96814728,39.487220764
明,天台,南,120,121.02655799933333,29.138257999833336
明,太平,南,120,120.4652302265,28.895934373833335
明,嵊縣,南,120,120.81527700083332,29.58749000068333
明,新會,南,120,113.038399,22.526581
明,建德,南,119,118.48415905882354,29.783183058823532
明,陽城,北,119,112.417999,35.490593
明,光州,南,118,115.04457855,32.130298615
明,同州,北,118,109.939,34.79724
明,文安,北,118,116.464562,38.864807
明,臨桂,南,118,110.286262,25.28006
明,長興,南,118,119.901375,31.013893
明,南陽,北,117,112.535469,33.001678
明,奉化,南,117,121.406906,29.651657
明,景陵,南,117,113.16411599999999,30.65625
明,麗水,南,115,119.913009,28.448732
明,朝邑,北,113,110.122513,34.789036
明,甌寧,南,113,118.32378387,27.038864136
明,巴陵,南,112,113.097656,29.37126
明,德化,南,110,116.12844960000001,29.452201481818182
明,樂清,南,109,120.957687,28.130676
明,涪州,南,109,107.39096069,29.702775954999996
明,弋陽,南,107,117.421311,28.401876
明,懷寧,南,107,117.0346759962617,30.51229499784112
明,曲沃,北,106,111.470024,35.641285
明,孝感,南,105,113.91035498885715,30.92622199565714
明,常山,南,105,118.502663,28.903732
明,洪洞,北,105,111.682915,36.259399
明,銅梁,南,105,106.04174800000001,29.852438
明,德興,南,103,117.580116,28.953411
明,東安,南,103,111.222092,26.332001
明,灤州,北,103,118.75231171,39.739654541
明,黃梅,南,103,115.934936,30.079201000000005
明,即墨,北,102,120.450409,36.382107
明,新野,南,102,112.358429,32.524872
明,汝陽,北,102,114.346001,33.007538
明,泰興,南,102,120.016167,32.160381
明,崇陽,南,101,114.04383800990098,29.548801008356435
明,樂安,南,101,115.83177899999998,27.426289
明,安邱,北,100,119.1974,36.42905
明,安肅,北,99,115.657387,39.019436
明,揭陽,南,99,116.349769,23.542976000000003
明,潛江,南,99,112.8929590178788,30.420951995242422
明,高平,北,99,112.919586,35.792057
明,渭南,北,98,109.501236,34.502998
明,石州,北,98,111.13517760999999,37.510108948
明,錦衣衛,北,98,116.36800000000001,39.93143
明,眉州,南,97,103.83145905,30.05050087
明,宜春,南,95,114.37588499999998,27.794266
明,寧海,南,95,121.425552,29.283617000000003
明,應城,南,95,113.569679,30.946003
明,清苑,北,94,115.50190405861703,38.854646606191494
明,蒲城,北,94,109.58512100159575,34.95593600459575
明,寧州,北,93,111.46491505376345,36.88327106451613
明,榆次,北,92,112.744682,37.678467
明,安仁,南,91,116.50374119780221,28.21788230769231
明,平陰,北,91,116.4486690141758,36.28693399667033
明,昌邑,北,91,119.39997863999999,36.855667114
明,膠州,北,91,120.00730133,36.30002594
明,蘄州,南,91,115.34519958,30.062501907
明,績溪,南,90,118.58410645,30.077772141
明,嘉魚,南,89,113.895576,29.975599
明,扶溝,北,89,114.381271,34.060081
明,海澄,南,89,117.851143,24.411411
明,淄川,北,89,117.96095599999998,36.635994
明,滄州,北,89,116.86196899,38.30899819373033
明,沁水,北,88,112.17012799999999,35.690399
明,龍游,南,88,119.172379,29.034787999999995
明,諸城,北,87,119.403984,35.993355
明,霸州,北,87,116.39524841,39.101539612
明,漢陽,南,86,114.26899,30.552242
明,定興,北,85,115.77419299776471,39.26959200335294
明,崇德,南,85,120.418739,30.530447
明,桂陽,南,85,113.679718,25.551720000000003
明,汲縣,北,85,114.070267,35.410385
明,汶上,北,85,116.484373,35.728807
明,無為州,南,84,117.91131591999999,31.29851532
明,鈞州,北,84,113.46705627,34.162490845
明,高陽,北,84,115.7742,38.688908
明,鳳陽,南,84,117.537746,32.865348
明,南豐,南,83,116.52993,27.214306
明,章丘,北,83,117.46158,36.75417
明,衡陽,南,83,112.597038,26.901617000000005
明,襄陽,南,83,112.15869900000001,32.026524
明,長泰,南,83,117.750549,24.62048
明,寶應,北,82,119.3100430040244,33.23594699579269
明,崇仁,南,82,116.061584,27.755640000000003
明,攸縣,南,82,113.34332999999998,27.004034000000004
明,湘陰,南,82,112.880295,28.67621
明,睢州,北,82,115.06597137,34.430503845
明,興國州,南,82,115.20962523999998,29.830129623000005
明,長壽,南,82,112.58925629,31.169826507999996
明,平原,北,81,116.42786399999999,37.156743
明,滑縣,北,81,114.543465,35.564453
明,興化,南,81,119.73888879012347,32.03564712345679
明,夏邑,北,80,116.121414,34.237991
明,江津,南,80,106.25296,29.281506999999998
明,龍泉,南,80,115.54409202500001,26.722686449999998
明,唐縣,南,79,112.83251900670885,32.697708001645566
明,廣德州,南,79,119.4201889,30.894685745000004
明,曲周,北,79,114.949653,36.779305
明,武城,北,79,115.886307,37.14809
明,蒙陰,北,79,117.92837500000002,35.713753
明,湖口,南,78,116.218018,29.734993000000003
明,舒城,南,78,116.93853799999998,31.456448
明,許州,北,77,113.81974792,34.031391144
明,長清,北,77,116.722055,36.551817
明,定海,南,76,121.71683943565789,29.95450966588158
明,息縣,南,76,114.72908799552631,32.342430003026315
明,東阿,北,76,116.2510212368421,36.21078678947369
明,浦城,南,76,118.53625500000001,27.924685999999998
明,羅山,南,76,114.52224,32.202374
明,曹縣,北,75,115.539452,34.827587
明,臨淮,北,75,118.46811400000001,33.023402
明,鉛山,南,75,117.776588,28.208446
明,靈寶,北,75,110.94149,34.684616
明,南宮,北,74,115.36717459351351,37.365541496594595
明,博羅,南,73,114.273606,23.172247
明,桐鄉,南,73,120.54274000000001,30.641678
明,襄城,北,72,113.472366,33.853691
明,資縣,南,72,104.848358,29.784747999999997
明,閬中,南,72,105.967034,31.583160000000003
明,儀封,北,71,114.940864,34.819366
明,寶坻,北,71,117.30242199394365,39.725894998985915
明,溫江,南,71,103.830605,30.702269
明,貴池,南,71,117.481834,30.654661
明,永興,南,70,113.114944,26.133934
明,忻州,北,69,112.73120117,38.398563385
明,景州,北,69,116.25810242,37.688007355
明,鳳翔,北,69,107.385918,34.522518
明,儀真,南,68,119.177627,32.267544
明,元城,北,68,115.14652200764706,36.27552799932353
明,太康,北,68,114.856377,34.063873
明,平陽,南,68,120.556442,27.675718
明,臨安,南,68,119.721283,30.231056
明,蠡縣,北,68,115.57469999117649,38.49006299579412
明,裕州,北,68,112.99250793,33.26007843
明,安縣,南,67,104.428528,31.649504
明,廣濟,南,67,115.591202,30.136482
明,華州,北,67,109.7598877,34.519626617
明,湘潭,南,66,112.911263,27.872698
明,盩厔,北,66,108.21199,34.171139
明,陽信,北,66,117.576309,37.640835
明,新城,南,65,117.56262761538461,27.913948230769233
明,臨潼,北,65,109.21286089107691,34.368344044800004
明,靖安,南,65,115.356644,28.861025
明,延津,北,64,114.194687,35.142761
明,槁城,北,64,114.834183,38.036713
明,江浦,南,64,118.6176,32.064869
明,真定,北,64,114.563645,38.14011
明,薊州,北,64,117.40181732,40.043861389
明,趙州,北,64,114.77217865,37.752929688
明,連江,南,64,119.534469,26.198015
明,遂昌,南,64,119.263466,28.587894
明,餘杭,南,64,119.9406,30.27177
明,黃陂,南,64,114.36559299937501,30.875669007484372
明,冠縣,北,63,115.435004,36.472101
明,咸寧,南,63,114.271622,29.892479
明,成都,南,63,104.077995,30.650385
明,滁州,南,63,118.30416107,32.316993713
明,道州,南,63,111.59088135,25.531356812
明,恩縣,北,62,116.27578735,37.151123047
明,淅川,南,62,111.380468,32.982345
明,潛山,南,62,116.5672,30.630346
明,獻縣,北,62,116.114899,38.190697
明,臨邑,北,62,116.85934328080646,37.19034090133871
明,華亭,北,62,106.651955,35.218842
明,遂安,南,62,118.738399,29.480773
明,東光,北,61,116.532822,37.884556
明,濰縣,北,61,119.106499,36.702705
明,華陰,北,61,110.089363,34.56831
明,象山,南,61,121.86618,29.474428
明,邯鄲,北,61,114.472038,36.593475
明,長沙,南,61,112.978134,28.198198
明,魏縣,北,61,114.928261,36.357582
明,大庾,南,60,114.362829,25.399312
明,建昌,南,60,115.761818,29.087832
明,忠州,南,60,108.03157806,30.298578262
明,綿州,南,60,104.7492981,31.459007263
明,遵化,北,60,117.957985,40.184448
明,溧水,南,59,119.02286500000001,31.656556999999996
明,玉山,南,59,118.240181,28.679602000000003
明,上高,南,58,114.92675,28.241369
明,商丘,北,58,115.64340671655172,34.44334218806897
明,桐廬,南,58,119.66493988,29.802457809
明,榆林衛,北,58,109.75387,38.29471
明,聞喜,北,58,111.217209,35.357723
明,仙遊,南,57,118.68367003999998,25.364557266
明,如皋,南,57,120.55866201438596,32.38402199154386
明,新都,南,57,104.160545,30.83139
明,江山,南,57,118.615936,28.735312
明,潼川州,南,57,105.08757019,31.094619750999996
明,徐州,北,56,117.18768311,34.269634247
明,德平,北,56,116.95788,37.463477
明,新安,北,56,113.76597557142857,36.52968314285714
明,昌平,北,56,116.2237,40.2221
明,深州,北,56,115.54886627,38.011730194
明,解州,北,56,110.85543823,34.911781311
明,蘭陽,北,55,114.81012,34.826515
明,鍾祥,南,55,112.58925629,31.169826508
明,高唐州,北,55,116.23100281000002,36.861621857
明,合江,南,54,105.826729,28.812002
明,壽州,南,54,116.77711487,32.575748444
明,招遠,北,54,120.388382,37.35215
明,獲嘉,北,54,113.660217,35.268127
明,高密,北,54,119.752564,36.385406
明,寧州,南,53,114.11474000113206,28.858970323056603
明,星子,南,53,116.04112200000002,29.453486
明,華陽,南,53,104.077995,30.650385
明,黃縣,北,53,120.48267600000001,37.659418
明,易州,北,52,115.49347687,39.34903717
明,絳州,北,52,111.21614837269232,35.61640929619231
明,聊城,北,52,115.987486,36.446715
明,南平,南,51,118.169182,26.642174
明,堂邑,北,51,115.774849,36.487839
明,容城,北,51,115.865715,39.051655
明,寧都,南,51,116.010101,26.466515
明,屯留,北,51,112.88244600000002,36.321949
明,巢縣,南,51,117.864845,31.601736
明,成安,北,51,114.694061,36.441349
明,泌陽,南,51,113.30010582313726,32.72217245556863
明,陵縣,北,51,116.57720300000001,37.331113
明,馬平,南,51,109.40439600000002,24.309988000000004
明,南部,南,50,106.05858600000002,31.359615000000005
明,新蔡,南,50,114.97391500200001,32.7512629933
明,杭州府,南,50,120.16862487999998,30.294124603
明,汝州,北,50,112.83702087,34.161758423
明,阜城,北,50,116.144707,37.868179
明,雄縣,北,50,116.09270499999998,38.97588
明,寧陽,北,49,116.79001617,35.764396667
明,廣昌,南,49,116.31656699999999,26.836372
明,懷遠,南,49,117.196414,32.965703
明,樂安,北,49,118.400307,37.049801
明,猗氏,北,49,110.7740400044898,35.1479450082449
明,紹興府,南,49,120.57826233,30.004514694
明,肥鄉,北,49,114.803101,36.552029
明,茶陵州,南,49,113.5521698,26.80197525
明,陵川,北,49,113.27700799999998,35.778126
明,青城,北,49,117.69149000000002,37.187836
明,高要,南,49,112.45315500000001,23.056921
明,高陵,北,49,109.080475,34.533325
明,歸善,南,48,114.402401,23.091892
明,永清,北,48,116.490608,39.32571
明,河內,北,48,112.936989,35.089302
明,濮州,北,48,115.50356293,35.672870636
明,霑化,北,48,117.80175780999998,37.68321991
明,乾州,北,47,108.23560333,34.53030014
明,分宜,南,47,114.693603,27.767023
明,大名,北,47,115.13826,36.24564
明,安定,北,47,104.94254923404256,35.67483019148936
明,泗州,北,47,118.46811676,33.023403168
明,滕縣,北,47,117.157007,35.085022
明,繁昌,南,47,118.194275,31.090563
明,遷安,北,47,118.716316,39.999717
明,郟縣,北,47,113.20340699999998,33.972053
明,鄆城,北,47,115.935013,35.605061
明,上蔡,北,46,114.259353,33.267239
明,全椒,南,46,118.2643739952174,32.09834699369565
明,安岳,南,46,105.3245163,30.112699509000002
明,彭澤,南,46,116.551216,29.896095
明,東明,北,46,115.088844,35.298492
明,武寧,南,46,115.09962137173912,29.277162000065218
明,臨穎,北,46,113.93392,33.85149
明,井研,南,45,104.077438,29.65851
明,單縣,北,45,116.07925399999999,34.797901
明,壽張,北,45,115.848557,36.014387
明,文登,北,45,122.056686,37.193062
明,武昌,南,45,114.87990599999999,30.402718
明,澧州,南,45,111.75698853,29.640151978
明,磁州,北,45,114.37425232,36.359039307
明,邵武,南,45,117.48339800000001,27.337692
明,鎮海衛,南,45,118.36578835555557,24.89398931111111
明,魚臺,北,45,116.46536255,34.936798096
明,增城,南,44,113.829155,23.292558999999997
明,大冶,南,44,114.962959,30.093138
明,旌德,南,44,118.53877200000001,30.291025
明,濟陽,北,44,117.210236,36.971943
明,韓城,北,44,110.437637015,35.46593898036363
明,三河,北,43,117.076118,39.982788
明,交河,北,43,116.285118,38.017044
明,南鄭,北,43,107.03518700000001,33.076485
明,富陽,南,43,119.94775399999999,30.053434
明,州衛,未知,43,,
明,故城,北,43,116.124138,37.380794
明,榮縣,南,43,104.42037199999999,29.463897999999997
明,永川,南,43,105.964344,29.234774
明,河間,北,43,116.08553300325582,38.43569901076744
明,耀州,北,43,108.97146606000001,34.913269043
明,膚施,北,43,109.46990999999998,36.591808
明,臨朐,北,43,118.54162999999998,36.510247
明,西平,北,43,113.95687,33.384105
明,夏縣,北,42,111.22005499999999,35.137451
明,夷陵州,南,42,111.28711700000001,30.704229355
明,威縣,北,42,115.259262,36.974178
明,孝義,北,42,111.782768,37.143234
明,崇慶州,南,42,103.67260742,30.636564255
明,從化,南,42,113.581101,23.555426
明,沅陵,南,42,110.396965,28.458190999999996
明,稷山,北,42,110.978828,35.602161
明,項城,北,42,114.8383816904762,33.21378945238095
明,中江,南,41,104.67904700000001,31.044276999999997
明,信豐,南,41,114.931076,25.378399
明,和州,南,41,118.36112213000001,31.714223861999997
明,寧遠,南,41,111.938683,25.598452
明,岐山,北,41,107.6270900109756,34.439636005609756
明,汾州,北,41,111.77902984999999,37.263401031
明,沂水,北,41,118.623947,35.791027
明,潞州,北,41,113.10349236243901,36.18354018087805
明,監利,南,41,112.90025300000002,29.815758
明,祁陽,南,41,111.855896,26.591692
明,襄垣,北,41,113.040764,36.534588
明,鄢陵,北,41,114.195343,34.107433
明,任縣,北,40,114.68073999999999,37.126076
明,博野,北,40,115.459084,38.457569
明,安平,北,40,115.51057499999999,38.230526
明,寧德,南,40,119.517273,26.661217
明,平和,南,40,117.017235,24.253103
明,河南衛,北,40,112.479018,34.685133
明,清澗,北,40,110.125702,37.096619
明,濬縣,北,40,114.54429999999999,35.66838
明,西安府,北,40,108.94420624,34.266605377
明,雲夢,南,40,113.746399,31.025821999999998
明,冀州,北,39,115.56381226,37.565982819
明,四會,南,39,112.69453399999999,23.348709
明,朝城,北,39,115.57859800000001,36.055676
明,清流,南,39,116.89055133333332,26.479083717948715
明,鎮平,南,39,116.17018127,24.651355743
明,零陵,南,39,111.61256399999999,26.210339
明,青田,南,39,120.288155,28.143875000000005
明,饒平,南,39,116.822929,23.982491
明,唐縣,北,38,114.969154,38.741493
明,曲阜,北,38,116.98605900000001,35.597553
明,海豐,北,38,117.601212,37.740623
明,瑞安,南,38,120.63069100000001,27.790512
明,福建布政司,未知,38,,
明,茂名,南,38,110.853813,21.919214
明,都昌,南,38,116.18918600263159,29.27256399826316
明,陳州,北,38,114.88245108210528,33.73398197621052
明,三水,南,37,112.828033,23.17675
明,商城,南,37,115.40705899999999,31.803518
明,孟津,北,37,112.70713700000002,34.811684
明,安化,北,37,107.876,36.00517
明,寧縣,南,37,114.55963100000001,29.038708
明,晉州,北,37,115.03542328,38.032493591
明,棗陽,南,37,112.75659899999998,32.132023
明,盱眙,北,37,118.4953,33.01474
明,翼城,北,37,111.70844299162161,35.738761997351354
明,蓬萊,北,37,120.7405014,37.804515839
明,遼州,北,37,113.36811066,37.074279785
明,靈璧,北,37,117.551811,33.545761
明,順義,北,37,116.6414032,40.127552032
明,南溪,南,36,104.97201538,28.847984313999998
明,太平,北,36,111.274063,35.813309
明,安陸,南,36,113.688919,31.263714
明,寧鄉,北,36,111.188125,37.339596
明,平度州,北,36,119.94828033000002,36.788230896
明,桃源,南,36,111.477768,28.901597999999996
明,棗強,北,36,115.71807900000002,37.50264
明,海州,北,36,119.14528656,34.570053101
明,葉縣,北,36,113.345528,33.623302
明,蔚州,北,36,114.56905365000001,39.84054184
明,贛縣,南,36,114.93248,25.847
明,醴泉,北,36,108.416565,34.489967
明,陝州,北,36,111.1572592036111,34.788030836666664
明,宜都,南,35,111.457916,30.392385
明,嵩縣,北,35,112.087547,34.147213
明,平峪,北,35,115.52934,39.66521
明,河津,北,35,110.697807,35.587402
明,蓬溪,南,35,105.708626,30.776373
明,鄭州,北,35,113.64131165,34.758075714
明,齊東,北,35,117.622918,36.991348
明,內黃,北,34,114.897377,35.953903
明,吳橋,北,34,116.503739,37.606762
明,寧晉,北,34,114.91539764,37.621086121
明,山陰,北,34,112.942734,39.440437
明,岳池,南,34,106.313347,30.644079
明,新鄉,北,34,113.86824799,35.309940338
明,昌黎,北,34,119.166412,39.706974
明,漢川,南,34,113.828697,30.648508
明,獲鹿,北,34,114.307724,38.083111
明,盧龍,北,34,118.861954,39.877323
明,祁縣,北,34,112.31529999970587,37.35381699958823
明,肅寧,北,34,115.83181,38.431767
明,蘇州衛,南,34,120.62835499999998,31.305107999999997
明,虞城,北,34,115.904617,34.519341
明,達州,南,34,107.5001,31.226970000000005
明,隴州,北,34,106.85295868,34.891407013
明,鹽山,北,34,117.22554,38.055328
明,來安,南,33,118.426872,32.452389
明,望江,南,33,116.674332,30.123537
明,武清,北,33,116.945816,39.510274
明,蕩陰,北,33,114.35269165,35.925518036
明,長汀,南,33,116.349541,25.833382
明,大同中屯衛,未知,32,,
明,太原,北,32,112.56482697,37.873748779
明,太湖,南,32,116.265076,30.420059
明,崞縣,北,32,112.751518,38.88332
明,懷仁,北,32,113.103211,39.820141
明,新鄭,北,32,113.719086,34.397324
明,榮昌,南,32,105.596313,29.412771
明,樂平,北,32,113.6968,37.608364
明,武安,北,32,114.191864,36.697582
明,清源,北,32,112.508995,37.557182
明,茶陵,南,32,113.5521698,26.80197525
明,蕪湖,南,32,118.362618,31.334949
明,襄陵,北,32,111.396492,36.023994
明,西充,南,32,105.880943,31.010458
明,青神,南,32,103.845108,29.837276
明,交城,北,31,112.156273,37.544411
明,嘉興府,南,31,120.75320435,30.767469406
明,寶雞,北,31,107.140381,34.38187
明,應山,南,31,113.792595,31.74132
明,文水,北,31,112.02419281,37.436981201
明,杭州右衛,南,31,120.175656,30.260103
明,柏鄉,北,31,114.68058,37.49469
明,米脂,北,31,110.183258,37.760258
明,贛榆,北,31,119.088387,34.896660000000004
明,邠州,北,31,108.07798767,35.039661407
明,銅陵,南,31,117.787499,30.953846
明,陳留,北,31,114.524528,34.673195
明,雩都,南,31,115.409363,25.954086
明,雲和,南,31,119.563759,28.112402
明,兗州府,北,30,116.82369995,35.55670166
明,南召,北,30,112.71274567,33.445316315
明,壺關,北,30,113.199623,36.113499
明,壽昌,南,30,119.219635,29.369589
明,峽江,南,30,115.147278,27.553688
明,建寧,南,30,116.832527,26.832491
明,建陽,南,30,118.10537,27.33988
明,文昌,南,30,110.75589800000002,19.620953
明,東昌府,北,30,115.98869324,36.447738647
明,東鄉,南,30,115.42065986666668,28.649235866666668
明,松滋,南,30,111.714066,30.345695
明,石埭,南,30,117.945084,30.374228
明,福山,北,30,121.260529,37.493282
明,鄒平,北,30,117.72535,36.884702
明,太倉衛,南,29,121.119434,31.44651
明,完縣,北,29,115.123581,38.833225
明,宜山,南,29,108.655884,24.49073
明,林縣,北,29,113.812805,36.068802
明,永城,北,29,116.36399841,33.93945694
明,永州衛,南,29,111.612387,26.218205
明,狄道,北,29,103.857941,35.379147
明,詔安,南,29,117.174904,23.705355
明,陽朔,南,29,110.48362699999998,24.777758
明,齊河,北,29,116.779442,36.70007
明,上杭,南,28,116.417839,25.053339
明,原武,北,28,113.78942100000002,34.994549
明,大足,南,28,105.71048699999999,29.711468
明,松陽,南,28,119.4853439975,28.45074801585714
明,永福,南,28,116.69561,25.646148
明,沂州,北,28,118.39524078,35.197975159
明,渠縣,南,28,106.96224199999999,30.844326
明,湯溪,南,28,119.399979,29.048876
明,漳平,南,28,117.40403,25.289463
明,考城,北,28,115.282944,34.795628
明,隴西,北,28,104.63560500000001,35.007137
明,靖江,南,28,120.263184,32.014404
明,順天府,北,28,116.3679964925,39.93143068075
明,高淳,南,28,118.861511,31.32163
明,鹽城,北,28,120.13372,33.385162
明,龍陽,南,28,111.969971,28.911768
明,仁壽,南,27,104.143768,30.004446
明,偃師,北,27,112.804997,34.720623
明,六合,南,27,118.83789800000001,32.348419
明,南靖,南,27,117.505692,24.572994
明,唐山,北,27,114.69869201185185,37.339809015481485
明,大河衛,北,27,119.14457,33.526625
明,太谷,北,27,112.552765,37.425507
明,夾江,南,27,103.572418,29.74136
明,安溪,南,27,118.181251,25.060591
明,射洪,南,27,105.27602400000002,30.989159
明,應州,北,27,113.18240000000002,39.56017
明,清河,北,27,117.19845755555555,35.391391
明,確山,南,27,114.019905,32.807674
明,簡縣,南,27,104.565246,30.403244
明,莘縣,北,27,115.665085,36.236708
明,蒼梧,南,27,111.308571,23.486898
明,衡州衛,南,27,112.6055,26.9007
明,邵陽,南,27,111.47493700000001,27.249315
明,醴陵,南,27,113.494103,27.668518
明,長寧,南,27,105.57899248148149,28.059507564814815
明,長山,北,27,117.864911,36.882379
明,館陶,北,27,115.407806,36.65789
明,香山,南,27,113.373604,22.52581
明,鳳陽府,南,27,117.53774261,32.865348816
明,咸陽,北,26,108.70994568,34.339054108
明,定襄,北,26,112.943771,38.492691
明,密雲,北,26,116.84046173,40.371482849
明,富平,北,26,109.16156798807694,34.754428994769235
明,廬江,南,26,117.288353,31.253363
明,揚州衛,南,26,119.441487,32.396494
明,束鹿,北,26,115.30854797,37.84853363
明,桃源,北,26,118.654595,33.68589
明,永昌衛,北,26,101.85631353846155,38.24777746153846
明,淶水,北,26,115.707802,39.391743000000005
明,臨漳,北,26,114.60707899999998,36.341301
明,興寧,南,26,113.400673,25.969877
明,通山,南,26,114.5038220126923,29.597150992423078
明,金州,南,26,109.017,32.70456
明,鹿邑,北,26,115.481361,33.860767
明,京師,北,25,116.36799621999998,39.931430817
明,博興,北,25,118.127701,37.135395
明,崇安,南,25,118.026779,27.756025
明,嶧縣,北,25,117.58606100000002,34.770003
明,新河,北,25,115.246506,37.529594
明,杭州前衛,南,25,120.175656,30.260103
明,桐柏,南,25,113.393021,32.370747
明,榆社,北,25,112.96366099999999,37.070942
明,洪雅,南,25,103.369705,29.912813
明,滋陽,北,25,116.822527,35.555646
明,漢州,南,25,104.2830658,30.981309891000002
明,潁州,南,25,115.80901,32.90306
明,臨城,北,25,114.500061,37.439831
明,藍田,北,25,109.321556,34.153698
明,融縣,南,25,109.24854299999998,25.065443000000002
明,通許,北,25,114.45907600000001,34.475006
明,郾城,北,25,113.990395,33.596268
明,靈壽,北,25,114.365883,38.30547
明,中牟,北,24,114.026253,34.732094
明,保定府,北,24,115.50209045000001,38.855701447
明,含山,南,24,118.103004,31.720116
明,孝豐,南,24,119.54862200541668,30.585386011500002
明,廣平,北,24,114.936844,36.480518
明,武邑,北,24,115.890663,37.805992
明,永平衛,北,24,118.86195,39.87732
明,沁州,北,24,112.69898224,36.75743103
明,涿鹿左衛,北,24,115.947782,39.484999
明,淇縣,北,24,114.19436646000001,35.606449127
明,渾源州,北,24,113.68489838,39.696331024
明,盂縣,北,24,113.41297149999998,38.090957642
明,羅田,南,24,115.390396,30.790346
明,莒州,北,24,118.83441925,35.581886292
明,陽武,北,24,113.962967,35.051949
明,青縣,北,24,116.82543200000002,38.580715
明,高苑,北,24,117.959503,37.094288
明,大竹,南,23,107.20349999999999,30.736879999999996
明,宿州,北,23,116.9713974,33.642368317
明,寧國,南,23,118.977539,30.619968
明,欒城,北,23,114.65269500000001,37.88578
明,永寧,北,23,111.65340402086956,34.385807003217394
明,永平府,北,23,118.86195374,39.877319336
明,沭陽,北,23,118.77732100000001,34.134148
明,淮安衛,北,23,119.144138,33.507852
明,濠州,南,23,117.64022064000001,32.901634216
明,益陽,南,23,112.335289,28.597809000000005
明,禹州,南,23,111.16557312,32.668151855
明,綏德衛,北,23,110.25407,37.50098
明,耒陽,南,23,112.846886,26.41507
明,興平,北,23,108.482605,34.298721
明,萬泉,北,23,110.80126399999999,35.36078
明,蘭縣,北,23,103.847138,36.047031
明,遼東都指揮使司,未知,23,,
明,邢臺,北,23,114.494263,37.066357
明,郴州,南,23,113.02513884999999,25.802719116
明,閩清,南,23,118.862495,26.213223999999997
明,交趾,未知,22,,
明,博平,北,22,116.11022900000002,36.586896
明,天長,南,22,118.99815400000001,32.690521
明,太原右衛,北,22,112.56483000000001,37.87375
明,安居,南,22,105.4603,30.342500000000005
明,常州府,南,22,119.95230103,31.782783508
明,平遙,北,22,112.177597,37.20726
明,平陽府,北,22,111.51542664,36.078041077
明,建平,南,22,119.181473,31.134151
明,成都左護衛,未知,22,,
明,昆明,南,22,102.71035004,25.045913696
明,昌樂,北,22,118.836708,36.703575
明,武昌府,南,22,114.30666351,30.573669434
明,河源,南,22,114.69145998454546,23.736833980545455
明,涇州,北,22,107.35533900181818,35.325507067136364
明,滿城,北,22,115.31562,38.947723
明,漷縣,北,22,116.65880585,39.905921936
明,犍為,南,22,103.99073599999998,29.139262
明,盧溪,南,22,110.154221,28.280029
明,良鄉,北,22,116.13558196999999,39.741252899
明,荊門州,南,22,112.19841766,31.028730392
明,長沙衛,南,22,112.978384,28.19247
明,井陘,北,21,114.13748899999999,38.03413
明,保安,北,21,109.515953,37.172073
明,南康,南,21,114.745163,25.658571
明,吉州,北,21,110.67517089999998,36.095630646
明,夏津,北,21,116.001677,36.949275
明,寧陵,北,21,115.315368,34.445976
明,岳州衛,南,21,113.096804,29.380683000000005
明,武鄉,北,21,112.91626701904764,36.826816979
明,浙江布政司,未知,21,,
明,穎州,南,21,115.809,32.90306
明,胙城,北,21,114.3515,35.24676
明,蒙城,北,21,116.55574799999998,33.268639
明,蒼溪,南,21,105.933037,31.743104999999996
明,輝縣,北,21,113.794144,35.458675
明,鄰水,南,21,106.91963199999998,30.335321
明,馬邑,北,21,112.609909,39.353565
明,亳州,北,20,115.77090453999999,33.879291534
明,利津,北,20,118.255593,37.49131
明,南樂,北,20,115.19762399999999,36.077473
明,太原府,北,20,112.56482696999998,37.873748779
明,孟縣,北,20,112.782799,34.903179
明,寧波府,南,20,121.54265594,29.866315842
明,武定州,南,20,102.39831543,25.535848618
明,臨武,南,20,112.538384,25.281508
明,興化衛,南,20,119.02721999999999,25.434749
明,資陽,南,20,104.65019200000002,30.122671000000004
明,賓州,南,20,108.82836913999999,23.24382019
明,隆慶州,南,20,105.46331787,32.033401489
明,雙流,南,20,103.92330899999999,30.579893
明,鞏縣,北,20,113.051003,34.785107
明,龍巖,南,20,117.02916,25.103722
明,信陽衛,南,19,114.06924,32.13112
明,劍州,南,19,105.46331787,32.033401489
明,商河,北,19,117.15754699999998,37.308677673
明,城固,北,19,107.32794189,33.157131195
明,墊江,南,19,107.356194,30.323741999999996
明,太醫院,未知,19,,
明,安陸衛,南,19,112.58592099999998,31.168994000000005
明,宿遷,北,19,118.297058,33.958302
明,寧夏衛,北,19,106.261898,38.478739
明,武強,北,19,115.85923,37.994431
明,武陟,北,19,113.36535645,35.056087494
明,河間府,北,19,116.08553314,38.435699463
明,涉縣,北,19,114.191864,36.697582
明,清平,北,19,116.076569,36.75478
明,潞州衛,北,19,113.10349,36.18354
明,肥城,北,19,116.766968,36.189663
明,興國,南,19,115.342766,26.321701
明,荊州衛,南,19,112.211248,30.347992
明,虹縣,北,19,117.878876,33.478375
明,衡山,南,19,112.85241700000002,27.245646
明,郃陽,北,19,110.15101599999998,35.242584
明,重慶衛,南,19,106.583763,29.561701
明,靜海,北,19,116.91908300000001,38.934357
明,黔陽,南,19,109.811852,27.195128999999998
明,什邡,南,18,104.174042,31.13427
明,安東,北,18,119.26123100000001,33.766373
明,宜川,北,18,110.164879,36.045174
明,延安衛,北,18,109.4699,36.59181
明,揚州府,南,18,119.43718719,32.391269684
明,日照,北,18,119.54641,35.393181
明,景寧,南,18,119.643166,27.974432
明,東湖,南,18,111.28712463,30.704227448
明,松江府,南,18,121.22763824,31.009475708
明,桂林中衛,南,18,110.291229,25.281529
明,永定,南,18,116.72075699999999,24.720377
明,洛川,北,18,109.558853,35.867161
明,海豐,南,18,115.334808,22.975712
明,海門,南,18,121.692779,31.842256000000003
明,淳化,北,18,108.570091,34.808723
明,清遠,南,18,113.022133,23.720728
明,登州府,北,18,120.74050140000001,37.804519653
明,禹城,北,18,116.65125852944445,36.94441545977779
明,秦州,北,18,105.71695709,34.585472107
明,萊蕪,北,18,117.660569,36.204097
明,西安前衛,北,18,108.94421,34.26661
明,趙城,北,18,111.675247,36.390411
明,雲南,南,18,100.558983,25.479092
明,高邑,北,18,114.61152599999998,37.604755
明,合浦,南,17,109.19004,21.670145
明,嘉祥,北,17,116.34297902529411,35.40068801005882
明,大埔,南,17,116.68544,24.517746
明,宿松,南,17,116.114197,30.151213
明,封邱,北,17,114.40882874,35.039676666
明,峨眉,南,17,103.482224,29.60173
明,平定州,北,17,113.62226868,37.802036285
明,桂林右衛,南,17,110.291229,25.281529
明,桂林府,南,17,110.28626251,25.280059814
明,桂陽州,南,17,112.37812042,24.779701233
明,永安,南,17,117.361435,25.965034
明,永春,南,17,118.28717,25.32579
明,澠池,北,17,111.766312,34.765198
明,玉田,北,17,117.754776,39.883671
明,白水,北,17,109.587059,35.181622
明,福安,南,17,119.646772,27.088657
明,羅江,南,17,104.512505,31.303993
明,達縣,南,17,107.500091,31.226969
明,郯城,北,17,118.3344574,34.618133545
明,鎮江府,南,17,119.44429016,32.206489563
明,饒陽,北,17,115.73602299705883,38.24598699635294
明,黃州衛,南,17,114.878923,30.437640000000002
明,大同府,北,16,113.29638672,40.092838287
明,威遠,南,16,104.659195,29.524572
明,宜章,南,16,112.942116,25.401428
明,山東布政司,未知,16,,
明,平凉,北,16,106.685661,35.535847
明,平樂,南,16,110.634869,24.642347
明,府谷,北,16,111.0746,39.03214
明,廣寧左衛,北,16,121.7866,41.59517
明,懷慶衛,北,16,114.063884,35.401783
明,曲陽,北,16,114.690201,38.621449
明,棲霞,北,16,120.827072,37.302383
明,樂亭,北,16,118.918282,39.424881
明,永寧衛,南,16,105.436366,28.168324
明,沛縣,北,16,116.926948,34.737995
明,河曲,北,16,111.219826,39.169819
明,潁州衛,南,16,115.815715,32.883653
明,盧氏,北,16,111.040916,34.052612
明,范縣,北,16,115.6297226,35.935287476
明,藍山,南,16,112.177765,25.372412
明,酆都,南,16,107.714561,29.887396
明,隨州,南,16,113.36981964,31.715110779
明,霍丘,南,16,116.2607,32.33855
明,麟遊,北,16,107.81314087,34.683944702
明,五河,北,15,117.879116,33.132603
明,化州,南,15,110.62531281,21.654027939
明,南皮,北,15,116.696785,38.037567
明,南陵,南,15,118.33240499999998,30.924437
明,南陽府,北,15,112.53546906,33.001678467
明,吉安府,南,15,114.97127533,27.103239059
明,嘉定州,南,15,103.7515564,29.570690155
明,大城,北,15,116.621887,38.695866
明,尤溪,南,15,118.18219,26.171848
明,嵐縣,北,15,111.5699,38.70397
明,彭縣,南,15,103.945068,30.991879
明,應天府,南,15,118.76898956,32.052562714
明,成都中衛,南,15,104.065006,30.663023
明,松溪,南,15,118.774612,27.528404
明,梁山,南,15,107.788971,30.666655
明,榮澤,北,15,113.31708,34.78683
明,橫州,南,15,109.26703644,22.692960739
明,武功左衛,未知,15,,
明,汜水,北,15,113.213858,34.848579
明,河陰,北,15,113.42737000000001,34.893752
明,洋縣,北,15,107.541725,33.221088
明,溫州府,南,15,120.65322113,28.018291473
明,澄海,南,15,116.768043,23.463154
明,睢陽衛,未知,15,,
明,興濟,北,15,116.893753,38.471256
明,芮城,北,15,110.688294,34.697308
明,費縣,北,15,117.964623,35.265209
明,金華府,南,15,119.6499176,29.104711533
明,鎮原,北,15,107.19680786,35.683887482
明,靈臺,北,15,107.61630249,35.071903229
明,青州府,北,15,118.47827148,36.687919617
明,分水,南,14,119.43347200000001,29.92337
明,南和,北,14,114.687309,36.999573
明,吳川,南,14,110.682602,21.350586
明,垣曲,北,14,111.87706,35.096607
明,大理衛,南,14,100.16444,25.69783
明,宜陽,北,14,112.165222,34.512718
明,寧遠衛,北,14,120.712731,40.622539
明,崇明,南,14,121.811735,31.689385999999995
明,延安府,北,14,109.46990967,36.591808319
明,政和,南,14,118.853187,27.372105
明,榮河,北,14,110.483235,35.312033
明,淮安府,北,14,119.14110565,33.502788544
明,潞城,北,14,113.221146,36.335094
明,潼關衛,北,14,110.27365,34.59881
明,瀏陽,南,14,113.621437,28.149572
明,祁州,北,14,115.31508636,38.412338257
明,臨晉,北,14,110.55164302642856,35.09780898842857
明,興化府,南,14,119.01110077,25.433954239
明,蘄州衛,南,14,115.34056,30.060717
明,西寧衛,北,14,101.78394,36.60886
明,通州,南,14,120.8546449057143,32.010471147428575
明,金堂,南,14,104.317185,30.860479
明,青浦,南,14,121.10775757,31.144771576
明,黎城,北,14,113.380028,36.504337
明,中部,北,13,109.263817,35.589474
明,保定,北,13,116.366257,39.006218
明,修武,北,13,113.434837,35.231197
明,元氏,北,13,114.508812,37.750031
明,六安州,南,13,116.49411774,31.754594803
明,南漳,南,13,111.844727,31.781881
明,南陽衛,南,13,112.541675,32.996905
明,天津衛,北,13,117.19225,39.145165
明,太和,北,13,115.608963,33.16544
明,安陸州,南,13,112.5893,31.169829999999997
明,宣化,南,13,108.312073,22.806145
明,容縣,南,13,110.55103299999999,22.863588
明,崑山州,南,13,120.94823456,31.386108398
明,平陸,北,13,111.113324,34.802203
明,德安,南,13,115.745026,29.330564
明,德州衛,北,13,116.2862,37.45066
明,惠州府,南,13,114.38943481,23.09031105
明,扶風,北,13,107.86849213000002,34.361824036
明,柘城,北,13,115.296463,34.076611
明,武岡州,南,13,110.62229156,26.730705261
明,永壽,北,13,108.043968,34.812748
明,沔陽衛,南,13,113.224375,30.197584
明,滁州衛,南,13,118.308197,32.315839
明,瑞昌,南,13,115.65448,29.685339
明,絳縣,北,13,111.561325,35.489243
明,義州衛,北,13,121.24236399999998,41.53398
明,萬載,南,13,114.449379,28.111526
明,薊州衛,北,13,117.40182000000001,40.04387
明,金州衛,北,13,121.712632,39.094965
明,鉅鹿,北,13,115.022843,37.212341
明,長子,北,13,112.873794,36.119934
明,陽穀,北,13,115.77428899999998,36.11476
明,靈川,南,13,110.38369000000002,25.463203
明,靈石,北,13,111.776215,36.842152
明,介休,北,12,111.912163,37.026474
明,南京錦衣衛,南,12,118.76898999999999,32.05256
明,和順,北,12,113.56687900000001,37.331421
明,宜城,南,12,112.260132,31.710701
明,宜黃,南,12,116.21018199999999,27.546391
明,寧津,北,12,116.792801,37.649857
明,尉氏,北,12,114.18077087,34.413452148
明,慶元,南,12,119.051315,27.614201999999995
明,慶陽衛,北,12,107.87602,36.00517
明,懷柔,北,12,116.62561035,40.312084198
明,成縣,北,12,105.73031615999999,33.743564606
明,成都後衛,南,12,104.065006,30.663023
明,撫寧,北,12,119.230164,39.88467
明,武康,南,12,119.964065,30.550453
明,江西布政司,未知,12,,
明,沙縣,南,12,117.781792,26.39761
明,海康,南,12,110.087914,20.901958
明,深澤,北,12,115.192085,38.184902
明,湘鄉,南,12,112.51874600000001,27.737248000000005
明,潁上,南,12,116.25250419583334,32.6385695325
明,珙縣,南,12,107.42495000000001,28.645601
明,石康,南,12,109.333618,21.772965
明,臨洮府,北,12,103.85794067,35.379146576
明,萍鄉,南,12,113.838638,27.631424
明,蘭溪州,南,12,119.47885132,29.204452515
明,衡水,北,12,115.70572699999998,37.726162
明,豐潤,北,12,118.13489499999999,39.827602
明,通江,南,12,107.24595700000002,31.925124999999998
明,遂平,北,12,113.9891129875,33.147838966083334
明,金鄉,北,12,116.304527,35.068165
明,鉅野,北,12,116.08870697000002,35.396209717
明,陳州衛,北,12,114.890241,33.731724
明,雲陽,南,12,108.891495,30.966854
明,順德府,北,12,114.4942627,37.066360474
明,魯山,北,12,112.90193900000001,33.737118
明,鳳翔府,北,12,107.38591766,34.522518158
明,黃安,南,12,114.615723,31.287647000000003
明,南陽中護衛,南,11,112.539941,32.994974
明,壽陽,北,11,113.1687088,37.8867836
明,大名府,北,11,115.21836090000001,36.309688568
明,定安,南,11,110.31812,19.70247
明,密州,北,11,119.40398406999999,35.993354797
明,寧波衛,南,11,121.549088,29.871007
明,平南,南,11,110.39473700000002,23.54998
明,平山衛,北,11,115.98869,36.44774
明,廣信府,南,11,117.96488953,28.450691223
明,彭山,南,11,103.869247,30.200752
明,晉府儀衛司,未知,11,,
明,泰安州,北,11,117.12718964,36.188999176
明,洧川,北,11,113.982956,34.288132
明,涿鹿中衛,北,11,115.96814999999998,39.48722
明,湖廣布政司,未知,11,,
明,潁川衛,南,11,115.814755,32.887656
明,登封,北,11,113.02462,34.455818
明,竹谿,南,11,109.70951799999999,32.333389
明,綦江,南,11,106.63931273999998,29.025259018
明,英德,南,11,113.402077,24.172937
明,襄陽衛,南,11,112.148531,32.019468
明,邱縣,北,11,115.15681458,36.713916779
明,雅州,南,11,102.98436736999999,29.985559464
明,保昌,南,10,114.302086,25.118843
明,光化,南,10,111.623817,32.462707
明,吉水州,南,10,115.132248,27.214367
明,商水,北,10,114.59572599999998,33.537884
明,大同右衛,北,10,112.34358,40.16037
明,大田,南,10,117.83682300000001,25.692293
明,安吉,南,10,119.683556,30.720936000000002
明,寧羌衛,南,10,106.25432,32.81963
明,寧鄉,南,10,112.550476,28.259300000000003
明,平鄉,北,10,114.918419,36.980137
明,建水州,南,10,102.82231140000002,23.624551773
明,房縣,南,10,110.72714999999998,32.058971
明,敘南衛,南,10,104.61636000000001,28.77483
明,武義,南,10,119.802268998,28.8954489685
明,歸德州,北,10,115.60745,34.38505
明,永明,南,10,111.33644899999999,25.276974
明,沅州,南,10,109.68408202999998,27.447301864999996
明,泰寧,南,10,117.15911099999998,26.898485
明,灌陽,南,10,111.144691,25.488653
明,睢寧,北,10,117.94442,33.899052
明,程鄉,南,10,116.11049699999998,24.315781
明,臨安衛,南,10,102.82332900000002,23.615228
明,臨淄,北,10,118.28752899999999,36.809605
明,興州左屯衛,北,10,117.100551,40.140696
明,英山,南,10,115.66944900000001,30.742138
明,荊州右衛,南,10,112.211248,30.347991999999998
明,萬縣,南,10,108.37359599999999,30.812864
明,蒙古,未知,10,,
明,通城,南,10,113.806435,29.261196
明,邵武府,南,10,117.48339844,27.337692261
明,鄖縣,南,10,110.813988,32.83374
明,開封府,北,10,114.34333,34.785477
明,順昌,南,10,117.80628199999998,26.797091
明,高縣,南,10,104.55654144,28.392288208000004
明,上猶,南,9,114.53174600000001,25.796444
明,保定中衛,北,9,115.50209000000001,38.8557
明,均州,南,9,111.16557312,32.668151855
明,太和州,南,9,114.89487457000001,26.792102814
明,安遠,南,9,115.391724,25.138239
明,宣府前衛,北,9,115.062525,40.614296
明,廣寧衛,北,9,121.7866,41.59517
明,延慶州,北,9,115.96835,40.45969
明,彰德衛,北,9,114.386196,36.098363
明,德陽,南,9,104.391006,31.132372
明,徽州,北,9,106.08666992,33.777549744
明,徽州府,南,9,118.43394470000001,29.86577034
明,新安,南,9,113.91857899999998,22.545151
明,於潛,南,9,119.39478300000002,30.192015
明,柳城,南,9,109.260117,24.527336
明,樂昌,南,9,113.346794,25.134874
明,歸德衛,北,9,115.60745,34.38505
明,海寧衛,南,9,120.948507,30.515496
明,漢中府,北,9,107.03518677,33.07648468
明,營山,南,9,106.565033,31.075796
明,福州府,南,9,119.32157897999998,26.073953629
明,綿竹,南,9,104.197617,31.342484
明,臨山衛,南,9,120.98797,30.155108
明,舞陽,北,9,113.586899,33.432571
明,襄陽護衛,未知,9,,
明,貴州衛,南,9,106.70911,26.58078
明,鄒縣,北,9,116.96727,35.402763
明,鄠縣,北,9,108.603897,34.11182
明,酃縣,南,9,113.766647,26.49686
明,閿鄉,北,9,110.732063,34.591431
明,陝西行都指揮使司,未知,9,,
明,雞澤,北,9,114.87449599999998,36.924026
明,黃巖州,南,9,121.25835419000002,28.642612457
明,南京留守後衛,南,8,118.76899,32.05256
明,台州府,南,8,121.12059784,28.843132019
明,同官,北,8,109.07422638,35.133014679
明,安化,南,8,111.644722,28.141174
明,寶豐,北,8,113.061172,33.871128
明,山海衛,北,8,119.755879,40.008409
明,巴東,南,8,110.404533,31.030022
明,平山,北,8,114.193924,38.252403
明,平陽州,南,8,120.55644226,27.675718307
明,廣東布政司,未知,8,,
明,德慶州,南,8,111.77101898,23.146791458
明,振武衛,北,8,112.94904,39.06039
明,新化,南,8,111.294724,27.748905
明,新寧,南,8,108.239575875,30.49811425
明,東流,南,8,116.911415,30.213217
明,桂平,南,8,110.071663,23.394571
明,梧州守禦千戶所,未知,8,,
明,武昌左衛,南,8,114.302506,30.542175
明,汝寧府,北,8,114.34600067,33.007541656
明,江油,南,8,104.776527,31.882812
明,沔陽兵備道,未知,8,,
明,沙河,北,8,114.351807,36.884628
明,泉州府,南,8,118.58990479,24.909641266
明,淮安海岸海水,北,8,119.14110565,33.502788544
明,湖州府,南,8,120.09931183,30.864963531
明,濟南府,北,8,117.00148773,36.650131226
明,瀋陽衛,北,8,123.4496,41.796033
明,真定府,北,8,114.56363678,38.140110016
明,瞿塘衛,南,8,109.46408,31.017209
明,福州中衛,南,8,119.304627,26.082595
明,穀城,南,8,111.645805,32.26936
明,羅源,南,8,119.54493,26.490908
明,蒲臺,北,8,118.02375031,37.36812973
明,藤縣,南,8,110.904282,23.373119
明,西安後衛,北,8,108.94421,34.26661
明,西華,北,8,114.524445,33.793056
明,金吾右衛,未知,8,,
明,鍾離,南,8,117.6661,32.9023
明,長寧守禦千戶所,未知,8,,
明,鞏昌府,北,8,104.63560486,35.007137299
明,順慶府,南,8,106.08072662,30.79899025
明,高明,南,8,112.848488,22.889038
明,劍川州,南,7,99.902526855,26.483833313
明,合水,北,7,108.11610413000001,36.018047333
明,太平府,南,7,118.48343658,31.555685043
明,安義,南,7,115.549904,28.842564
明,定陶,北,7,115.56661999999999,35.073986
明,寧化,南,7,116.659508,26.266445
明,將樂,南,7,117.455017,26.720821
明,崇府儀衛司,未知,7,,
明,巫山,南,7,109.888863,31.081345
明,平夷長官司,未知,7,,
明,廣州後衛,南,7,113.24372099999998,23.122147000000002
明,承天衛,未知,7,,
明,敘州府,南,7,104.6163559,28.774831772
明,新津,南,7,103.810936,30.423535999999995
明,新繁,南,7,104.015984,30.876556
明,明州府,南,7,121.54265594,29.866315842
明,梓潼,南,7,105.157631,31.63843
明,武功中衛,未知,7,,
明,汶川,南,7,103.57814799999998,31.477791
明,汾州府,北,7,111.77903,37.2634
明,河南府,北,7,112.43512726000002,34.671588898
明,河州衛,北,7,103.21117,35.60728
明,河陽,南,7,102.91121674,24.673196793
明,溫縣,北,7,113.075463,34.938118
明,潞安府,北,7,113.10349274,36.183540344
明,灌縣,南,7,103.62142181,31.01439476
明,營州中屯衛,北,7,119.706701,40.906533
明,瑞金,南,7,116.024681,25.872566
明,睢縣,北,7,115.065971,34.430504
明,石城,南,7,116.33894392571428,26.328182031428575
明,石屏州,南,7,102.48825836,23.719020844
明,福寧,南,7,119.990395,26.883463
明,綏德州,北,7,110.2540741,37.500980377
明,蒙自,南,7,103.236753,23.355473
明,褒城,北,7,106.938587,33.189389
明,貴州宣慰使司,未知,7,,
明,赤水衛,南,7,105.582003,27.723412
明,辰州衛,南,7,110.39578100000001,28.457679000000002
明,通渭,北,7,105.056137,35.694199
明,邳州,北,7,117.87731934,34.119205475
明,鎮江城坊廂,未知,7,,
明,長沙府,南,7,112.97813416,28.198198318
明,陝西布政司,未知,7,,
明,電白,南,7,111.293335,21.512405
明,餘姚州,南,7,121.15276337,30.049066544
明,高郵衛,南,7,119.43733,32.79071
明,鬱林州,南,7,110.145882,22.632095
明,信宜,南,6,110.873207,22.208302
明,南京旗手衛,未知,6,,
明,南直隸,未知,6,,
明,吉府儀衛司,未知,6,,
明,商縣,北,6,109.932465,33.869892
明,大寧中衛,未知,6,,
明,安慶衛,南,6,117.038189,30.514037
明,宣武衛,北,6,114.34094599999999,34.848007
明,寧國府,南,6,118.74250031000001,30.946941376
明,山西都指揮使司,未知,6,,
明,岢嵐州,北,6,111.56994629,38.703971863
明,岷州衛,北,6,104.03024999999998,34.43646
明,常德衛,南,6,111.696781,29.032865
明,平溪衛,未知,6,,
明,廣宗,北,6,115.146057,37.0681
明,廣州右衛,南,6,113.243721,23.122147
明,廣靈,北,6,114.276054,39.763554
明,徐溝,北,6,112.50899499999998,37.557182
明,恩平,南,6,112.307472,22.191948
明,慶雲,北,6,117.40132899999999,37.851643
明,懷慶府,北,6,112.93698883,35.089298248
明,房山,北,6,115.98471832,39.710479736
明,施州衛,南,6,109.47861,30.27226
明,朔州衛,未知,6,,
明,松江守禦千戶所,未知,6,,
明,柳州府,南,6,109.40440369,24.309989929
明,武昌衛,南,6,114.302506,30.542175
明,永寧,南,6,114.08008591666665,26.760475052999997
明,永寧宣撫司,未知,6,,
明,永平,南,6,99.519341,25.463171
明,泉州衛,南,6,118.602237,24.889639
明,泰州守禦千戶所,未知,6,,
明,海南衛,南,6,110.359457,20.000941
明,清豐,北,6,115.11003899999999,35.908768
明,澄城,北,6,109.93044300000001,35.190914
明,登州衛,北,6,120.7405,37.80452
明,神木,北,6,110.500923,38.82196
明,義寧,南,6,110.06330099999998,25.375401
明,興縣,北,6,111.12374900000002,38.472668
明,蕭縣,北,6,116.923967,34.205476
明,蘭州,南,6,99.40607,26.43458
明,貴州布政司,未知,6,,
明,貴縣,南,6,109.608444,23.099092
明,鄭府儀衛司,未知,6,,
明,長葛,北,6,113.85049399999998,34.229904
明,隆平,北,6,114.76604400000001,37.35228
明,靜寧州,北,6,105.72880346666666,35.52409957383333
明,饒州守禦千戶所,未知,6,,
明,饒州府,南,6,116.66383362,28.994167328
明,九江府,南,5,115.98567963,29.722364426000002
明,保定右衛,北,5,115.50209,38.8557
明,偏頭守禦千戶所,未知,5,,
明,務川,南,5,107.88980899999999,28.526126999999995
明,北直隸,北,5,116.36799999999998,39.93143
明,南京鷹揚衛,南,5,118.76899,32.05256
明,南康府,南,5,116.04112244000001,29.453485488999995
明,安東中屯衛,未知,5,,
明,定遼左衛,北,5,123.185473,41.267948
明,定邊衛,北,5,112.34358,40.16037
明,宣平,南,5,119.596344,28.626228000000005
明,寧川衛,南,5,104.065006,30.663023
明,常熟州,南,5,120.73378754000001,31.64658165
明,平樂府,南,5,110.64649963,24.635730743
明,平江,南,5,113.574943,28.709812
明,廣安州,南,5,106.63175200999999,30.474428177
明,廣寧後屯衛,北,5,121.24511699999998,41.533588
明,彭城衛,未知,5,,
明,德州左衛,北,5,116.28741,37.45164
明,思南府,南,5,108.24182892000002,27.940149307000002
明,惠州衛,南,5,114.42564899999999,23.087031
明,慶遠衛,南,5,108.65947200000001,24.493991
明,懷集,南,5,112.17923700000001,23.912186
明,成都府,南,5,104.07800293,30.650379180999998
明,新興,南,5,112.225082,22.702915
明,杭州衛,南,5,120.16862,30.29412
明,永寧府,南,5,100.65625763,27.763660430999998
明,永清右衛,北,5,116.36799999999998,39.93143
明,汀州衛,南,5,116.352892,25.833792
明,江陰衛,未知,5,,
明,沈丘,北,5,115.1650772,33.1573688
明,河南布政司,未知,5,,
明,泗水,北,5,117.270161,35.6597
明,洵陽,南,5,109.37236,32.831093
明,浮山,北,5,111.84243799999999,35.967442
明,海寧守禦千戶所,未知,5,,
明,涼州衛,北,5,102.634654,37.927196
明,漳州府,南,5,117.65305328,24.511743546
明,潮州府,南,5,116.63665770999998,23.667705536
明,濟南衛,北,5,117.020434,36.665632
明,燕山右衛,北,5,116.36799999999998,39.93143
明,環縣,北,5,107.30432129,36.573410034
明,甘泉,北,5,109.344574,36.278626
明,當陽,南,5,111.787117,30.8315109088
明,福州右衛,南,5,119.30462700000001,26.082595000000005
明,肇慶府,南,5,112.45315552,23.056921005
明,興隆衛,南,5,107.90214,26.89584
明,蓋州衛,北,5,122.36576199999999,40.39957
明,蓬州,南,5,106.36734009,31.038309097000003
明,處州府,南,5,119.91300964,28.448732376
明,衛輝府,北,5,114.07026672000002,35.410388947
明,襄陽府,南,5,112.15869904000002,32.026519775
明,諸暨州,南,5,120.22766113,29.713136673
明,連州,南,5,112.37812088399998,24.7797010466
明,邛州,南,5,103.45683,30.416589999999996
明,邛縣,未知,5,,
明,鄉寧,北,5,110.83298499999998,35.973175
明,鄜州,北,5,109.24881744,35.546348572
明,鄧川州,南,5,100.04160309,25.991230011
明,鎮遠衛,未知,5,,
明,開縣,南,5,108.419502,31.187906000000005
明,隆德,北,5,106.12223816000001,35.617092133
明,隰州,北,5,110.9306488,36.6876297
明,雲南前衛,南,5,102.709503,25.002182
明,雲南左衛,南,5,102.707734,25.041749
明,霍州,北,5,111.72808075,36.5638237
明,丹稜,南,4,103.512261,30.02619
明,五臺,北,4,113.25900269,38.71900177
明,保寧守禦千戶所,未知,4,,
明,保寧府,南,4,105.96946716,31.58313942
明,光澤,南,4,117.333252,27.539524
明,北流,南,4,110.347519,22.714184
明,古田,南,4,118.784904,26.60171
明,商州,北,4,109.93246,33.86989
明,四川布政司,未知,4,,
明,大寧,南,4,109.622467,31.406134
明,天城衛,北,4,114.08205,40.41579
明,天津左衛,北,4,117.19225,39.145165
明,始興,南,4,114.063148,24.945763
明,安鄉,南,4,112.167397,29.40868
明,寧夏左屯衛,北,4,106.34757233,38.552711487
明,山西布政司,未知,4,,
明,巴州,南,4,106.75476,31.84901
明,平越衛,南,4,107.51251,26.70121
明,府軍前衛,未知,4,,
明,廣安守禦千戶所,未知,4,,
明,廣寧前屯衛,北,4,120.103483,40.188493
明,廣州府,南,4,113.25606537,23.134624481
明,廬州府,南,4,117.27645874,31.864456177
明,建寧左衛,南,4,118.318966,27.036675
明,徐聞,南,4,110.217976,20.282872
明,德安府,南,4,113.68891907,31.263710022
明,慶都,北,4,115.133423,38.705265
明,慶陽府,北,4,107.87602234,36.0051651
明,旗手衛,未知,4,,
明,晉寧州,南,4,102.74320984,24.703119278
明,曲江,南,4,113.603417,24.810209
明,會寧,北,4,105.056137,35.694199
明,東寧衛,北,4,124.070985,40.453338
明,枝江,南,4,111.50119,30.295969
明,梧州府,南,4,111.30857086,23.48690033
明,榮陽,北,4,113.34544,34.78806
明,樂至,南,4,105.02090454,30.286827087
明,武定守禦千戶所,未知,4,,
明,武驤左衛,未知,4,,
明,江陰州,南,4,120.26609039,31.908769608
明,漢陽府,南,4,114.26898956,30.552240372
明,無錫州,南,4,120.29766846,31.574613571
明,真定衛,北,4,114.580058,38.13938
明,秦州衛,北,4,105.71696,34.58547
明,納溪,南,4,105.381729,28.782063
明,繁畤,北,4,113.285355,39.176876
明,義寧州,南,4,114.55963135,29.038709641
明,臨縣,北,4,110.983116,37.952896
明,茂山衛,北,4,115.49348,39.34904
明,萊州府,北,4,119.93800354,37.175430298
明,蒙化府,南,4,100.30888367,25.23003006
明,衛輝守禦千戶所,未知,4,,
明,西安右護衛,北,4,108.94421,34.26661
明,貴竹長官司,南,4,106.70910645,26.580780029
明,遠安,南,4,111.638528,31.074501
明,郫縣,南,4,103.888771,30.807074
明,鎮江衛,南,4,119.44314,32.205769
明,陽江,南,4,111.958946,21.845419
明,雎陽衛,北,4,115.072338,34.440066
明,靈丘,北,4,114.229218,39.437744
明,顯陵衛,未知,4,,
明,黃州府,南,4,114.86549377,30.446989059
明,[未詳],未知,3,,
明,南京欽天監,未知,3,,
明,南京水軍右衛,南,3,118.76898999999999,32.05256
明,南安府,南,3,114.36283112,25.399311066
明,善化,南,3,112.978134,28.198198
明,壽春,南,3,116.777115,32.575748
明,大同左衛,北,3,112.69356999999998,40.00809
明,大寧中衛,北,3,119.82385,40.85008
明,大理府,南,3,100.16444397,25.6978302
明,奉天府,北,3,123.41988373,41.788249969
明,姚州,南,3,101.24246216,25.51374054
明,安福州,南,3,114.60845184,27.382461548
明,安豐路,南,3,116.77711487,32.575748444
明,崖州,南,3,109.16697692999999,18.375463486
明,廣昌,北,3,114.68877400000001,39.354015
明,廬州路,南,3,117.27645874,31.864456177000005
明,弘農衛,北,3,111.074139,34.701043
明,成都右衛,南,3,104.065006,30.663023
明,撫寧衛,北,3,119.23016,39.88467
明,敘浦,南,3,110.595932,27.915644
明,新安衛,南,3,118.41481500000002,29.865955
明,新淦州,南,3,115.3938,27.759740000000004
明,昌化,南,3,119.21180699999998,30.171944
明,會昌,南,3,115.78302000000001,25.584330000000005
明,杭州路,南,3,120.16862488,30.294124603
明,武驤右衛,未知,3,,
明,水德江長官司,南,3,108.24182892,27.940149307
明,永寧州,北,3,111.13517760999999,37.510108948
明,永清左衛,北,3,116.368,39.93143
明,江安,南,3,105.057205,28.726171000000004
明,江川,南,3,102.79499817,24.425462723
明,汾西,北,3,111.562729,36.650539
明,沁州守禦千戶所,未知,3,,
明,河北分守道,未知,3,,
明,洛南,北,3,110.13496400000001,34.095757
明,涿鹿衛,北,3,115.96815,39.48722
明,留守中衛,南,3,117.541987,32.875705
明,碭山,北,3,116.34024800000002,34.427879
明,程鄉守禦千戶所,未知,3,,
明,義勇中衛,未知,3,,
明,臨江府,南,3,115.39898682,28.015565872
明,臨湘,南,3,113.292869,29.588139
明,茬平,北,3,116.25022888,36.586616516
明,荊州府,南,3,112.19077301,30.350439072
明,蒲江,南,3,103.502586,30.214197
明,蘭州衛,北,3,103.84714000000001,36.04703
明,行四川行承宣布政使司,未知,3,,
明,西安左衛,北,3,108.94421,34.26661
明,觀城,北,3,115.376282,35.944084
明,賀縣,南,3,111.65885199999998,24.336819000000002
明,遵化衛,北,3,117.95798,40.18445
明,郿縣,北,3,107.754791,34.273563
明,重慶府,南,3,106.55651855,29.561239243
明,銅仁府,南,3,109.19268799000001,27.722480774
明,雲南右衛,南,3,102.707734,25.041749
明,霑益州,南,3,103.82211304000002,25.609928131
明,鳳縣,北,3,106.62294000000001,33.945248
明,九溪衛,南,2,110.772282,29.507066
明,交趾布政司,未知,2,,
明,代州直隸州,北,2,112.94904327,39.060390472
明,保安衛,未知,2,,
明,信陽州,南,2,114.06924438,32.131118774
明,內邱,北,2,114.5119,37.295
明,北平行都指揮使司,未知,2,,
明,南京京衛,南,2,118.76899,32.05256
明,南京府軍左衛,南,2,118.76899,32.05256
明,壽州衛,南,2,116.782923,32.57974
明,太原前衛,北,2,112.56483,37.87375
明,婺源州,南,2,117.84458923,29.244728088
明,安吉州,南,2,119.6835556,30.720935822
明,安豐,南,2,116.67452,32.334127
明,定遼前衛,北,2,123.185473,41.267948
明,富州,南,2,115.78578186,28.197753906
明,崇善,南,2,107.355057,22.420197
明,嵩明州,南,2,103.03331757,25.341337204
明,平谷,北,2,117.11283875,40.136341095
明,廣寧中屯衛,北,2,121.128799,41.114985
明,廣平府,北,2,114.7231,36.70103
明,廣武衛,未知,2,,
明,廣西護衛,南,2,110.291229,25.281529
明,建州衛,未知,2,,
明,建康路,南,2,118.76899,32.05256
明,德慶路,南,2,111.77101898,23.146791458
明,忠州直隸州,南,2,108.03157806,30.298578262
明,普安州,南,2,104.74359894,25.794799805
明,朝鮮,未知,2,,
明,樂陵,北,2,117.21653,37.737892
明,歸德府,北,2,115.60745,34.38505
明,比利時,未知,2,,
明,永新州,南,2,114.23686981,26.94556427
明,永昌軍民府,未知,2,,
明,池州府,南,2,117.48183441,30.654661179
明,沅江,南,2,112.379974,28.837835
明,泗州衛,北,2,118.476606,33.032899
明,海寧州,南,2,120.53749847,30.406280518
明,清浦,未知,2,,
明,湖北分守道,未知,2,,
明,湖州路,南,2,120.09931183,30.864963531
明,湯陰,北,2,114.362,35.9248
明,濮陽,北,2,115.01371,35.705147
明,瀏陽州,南,2,113.62143707,28.149572372
明,甘州中護衛,未知,2,,
明,留守左衛,未知,2,,
明,秦府儀衛司,未知,2,,
明,竹山,南,2,110.228599,32.226128
明,筠連,南,2,104.51339722,28.163547516
明,綏寧,南,2,110.026772,26.491054
明,肅府儀衛司,未知,2,,
明,臨安府,南,2,102.8223114,23.624549866
明,臨清衛,北,2,115.709687,36.83472
明,興安,南,2,110.665871,25.613132
明,興州後屯衛,北,2,117.100551,40.140696
明,興武衛,未知,2,,
明,荊州左衛,南,2,112.211248,30.347992
明,荊門直隸州直轄地方,南,2,112.19841766,31.028728485
明,萬年,南,2,116.92544,28.66259
明,蜀府儀衛司,未知,2,,
明,觀海衛,南,2,121.405013,30.167918
明,豐縣,北,2,116.584183,34.703617
明,象州,南,2,109.68245697,23.958059311
明,貞寧,北,2,108.2707,35.43111
明,貴陽府,南,2,106.70911,26.58078
明,辰州府,南,2,110.39696503,28.458190918
明,鄖西,南,2,110.41880035,32.995605469
明,鎮西衛,北,2,111.56995,38.70397
明,鐵嶺衛,北,2,123.837136,42.289855
明,長沙儀衛司,未知,2,,
明,長陽,南,2,111.191498,30.474218
明,雷州衛,南,2,110.090707,20.905974
明,靖州,南,2,109.69477844,26.575759888
明,靜樂,北,2,111.940109,38.357658
明,香河,北,2,116.995972,39.765232
明,馬邑守禦千戶所,未知,2,,
明,騰驤右衛,未知,2,,
明,驍騎右衛,未知,2,,
明,高郵府,南,2,119.43733215,32.790710449
明,麻陽,南,2,109.596954,27.717134
明,黎平府,南,2,109.12927246,26.223680496
明,下邳,北,1,117.8952,34.1243
明,乍浦守禦千戶所,未知,1,,
明,九江衛,南,1,115.994193,29.723849
明,乾州直隸州直轄地方,北,1,108.23560333,34.53030014
明,亳縣,北,1,115.770905,33.879292
明,任城,北,1,116.577865,35.410431
明,任城衛,北,1,116.830092,35.55702
明,伊府儀衛司,未知,1,,
明,伏羌,北,1,105.329079,34.739437
明,保定左衛,北,1,115.50209,38.8557
明,保康,南,1,111.267082,31.888035
明,保德州,北,1,111.07948303,39.01240921
明,儀隴,南,1,106.403679,31.526846
明,六安直隸州,南,1,116.49411774,31.754594803
明,北平府,未知,1,,
明,南京太醫院,未知,1,,
明,南京府軍衛,南,1,118.76899,32.05256
明,南京廣洋衛,南,1,118.76899,32.05256
明,南京應天衛,南,1,118.76899,32.05256
明,南匯嘴守禦千戶所,未知,1,,
明,南寧府,南,1,108.31207275,22.8061409
明,南昌左衛,南,1,115.889835,28.679828
明,南策,未知,1,,
明,吳堡,北,1,110.731903,37.456886
明,嘉興中左千戶所,未知,1,,
明,嘉興路,南,1,120.75320435,30.767469406
明,嚴州府,南,1,119.49885559,29.544481277
明,四川省,南,1,104.0779953,30.650384903
明,夔州府,南,1,109.52513123,31.054750443
明,大寧都指揮使司,未知,1,,
明,大昌,南,1,109.796951,31.273739
明,大邑,南,1,103.523041,30.584782
明,天津,北,1,117.18782043,39.13697052
明,天津右衛,北,1,117.19225,39.145165
明,太倉直隸州,南,1,121.09863281,31.451000214
明,奉化州,南,1,121.40690613,29.651657104
明,奉節,南,1,109.52475,31.054707
明,奠靖守禦千戶所,未知,1,,
明,威遠州,南,1,100.69957733,23.499076843
明,威遠衛,北,1,112.3481,39.94782
明,婺州路,南,1,119.6499176,29.104711533
明,安南國,未知,1,,
明,安塞,北,1,109.317529,36.903601
明,安寧州,南,1,102.47412109,24.918441772
明,安東中護衛,北,1,106.68566,35.53585
明,安順州,南,1,106.1394577,26.253639221
明,定州衛,北,1,114.992639,38.515389
明,定番州,南,1,106.65624237,26.138759613
明,定遼右衛,北,1,123.185473,41.267948
明,定遼衛,北,1,123.185473,41.267948
明,宜興州,南,1,119.81438446,31.363637924
明,宣府鎮,未知,1,,
明,密縣,北,1,113.35456,34.51463
明,密雲衛,北,1,116.840783,40.370869
明,富峪衛,北,1,118.697163,41.01377
明,富川,南,1,111.265091,24.824177
明,富民,南,1,102.49000549,25.232294083
明,寧山衛,北,1,112.902921,35.548209
明,寧海州,北,1,121.58773041,37.376548767
明,寧都直隸州直轄地方,南,1,116.01010132,26.466514587
明,寶山州,南,1,99.836746216,26.804689407
明,山丹衛,北,1,101.08796,38.7811
明,山東省,北,1,117.00148773,36.650131226
明,山西省,北,1,112.56482697,37.873752594
明,山西聚落驛,未知,1,,
明,岳陽,北,1,111.916923,36.282902
明,崇信,北,1,107.04573059,35.305904388
明,崇明州,南,1,121.73243713,31.606826782
明,嵊縣,未知,1,,
明,平凉府,北,1,106.68566132,35.53584671
明,平壩衛,南,1,106.26086,26.41779
明,平越衛軍民指揮使司,南,1,107.5125,26.70121
明,平陽衛,北,1,111.513609,36.070185
明,府軍左衛,未知,1,,
明,廣寧,南,1,112.43132,23.642736
明,廣寧左屯衛,北,1,121.129514,41.116136
明,廣東省,南,1,113.25606537,23.134624481
明,廣通,南,1,101.753387,25.171421
明,廬州衛,南,1,117.285061,31.864612
明,延平府,南,1,118.16918182,26.642173767
明,延長,北,1,110.00874329,36.583702087
明,建始,南,1,109.72627258,30.610687256
明,建寧府,南,1,118.32378387,27.038864136
明,彭城,北,1,117.187683,34.269634
明,彰德府,北,1,114.34549713,36.098339081
明,徽州路,南,1,118.4339447,29.86577034
明,忠義後衛,未知,1,,
明,思明州,南,1,107.06284332,22.138446808
明,恩州,北,1,116.07292938,37.213150024
明,惠來,南,1,116.288513,23.039129
明,慶元路,南,1,121.54265594,29.866315842
明,慶符,南,1,104.51911926,28.45467186
明,懷孟路,未知,1,,
明,懷安衛,北,1,111.194069,40.276638
明,成武,北,1,115.875175,34.962231
明,成都路,南,1,104.07800293,30.650379181
明,成都都衛,未知,1,,
明,承天府,南,1,112.58925629,31.169830322
明,揚州路,南,1,119.43718719,32.391269684
明,撫州府,南,1,116.35134125,27.984781265
明,敷勇衛,南,1,106.72748,26.86145
明,新喻州,南,1,114.9311,27.80408
明,新樂,北,1,114.787605,38.395042
明,新泰,北,1,117.755882,35.90966
明,新添衛軍民指揮使司,未知,1,,
明,新添長官司,南,1,107.24063873,26.638299942
明,新興所,未知,1,,
明,日本國,未知,1,,
明,昌國州,南,1,122.10109711,30.015159607
明,昌國衛,南,1,121.938009,29.25453
明,昌平州,未知,1,,
明,普安衛,南,1,104.64989,25.79314
明,景陵衛,未知,1,,
明,會同,南,1,109.713547,26.861492
明,東勝州,北,1,110.00063324,39.81627655
明,東勝衛,北,1,111.197341,40.275991
明,東平路,北,1,116.29917145,35.910339355
明,東鄉五路安撫司,南,1,109.61047363,30.02671051
明,楚雄,南,1,101.542862,25.033066
明,楚雄衛,南,1,101.544426,25.035064
明,武平,南,1,116.090599,25.091484
明,武彊,北,1,115.85923,37.99443
明,武清衛,北,1,116.875874,39.523971
明,武緣,南,1,108.276291,23.166767
明,武隆,南,1,107.687035,29.38442
明,歸德州,南,1,107.68328094,23.423711777
明,永和,北,1,110.633484,36.761459
明,江東,未知,1,,
明,江浙行中書省,未知,1,,
明,江西諸道,未知,1,,
明,汾陽,北,1,111.77902985,37.263404846
明,沁源,北,1,112.329559,36.497116
明,沂州衛,北,1,118.348425,35.109175
明,沅江州,南,1,112.58908,28.94033
明,沐川長官司,未知,1,,
明,沔州,南,1,113.23660278,30.189540863
明,沔陽府,南,1,113.23660278,30.189540863
明,河中府,北,1,110.33230591,34.835128784
明,河東分巡道,未知,1,,
明,泥溪長官司,未知,1,,
明,洛容,南,1,109.6091,24.41452
明,浪穹,南,1,99.949234,26.112703
明,海州衛,北,1,122.750152,40.849856
明,海陵,南,1,119.91124,32.495872
明,海鹽州,南,1,120.93202209,30.517858505
明,清平衛,南,1,107.78898,26.65832
明,渮澤,北,1,115.44412994,35.25025177
明,湖廣群牧所,未知,1,,
明,溧水州,南,1,119.0228653,31.656557083
明,溧陽州,南,1,119.48600006,31.430706024
明,溫州路,南,1,120.65322113,28.018291473
明,滁州直隸州直轄地方,南,1,118.30416107,32.316993713
明,滄州守禦千戶所,未知,1,,
明,滿洲正藍旗,未知,1,,
明,滿洲鑲白旗,未知,1,,
明,滿洲鑲黃旗,未知,1,,
明,漳州路,南,1,117.65305328,24.511743546
明,潼關廳,北,1,110.27365112,34.598808289
明,澄邁,南,1,110.112246,19.958356
明,濟南路,北,1,117.011,36.6492
明,濟寧衛,北,1,116.580409,35.412064
明,濟源,北,1,112.58267212,35.092437744
明,瀋府群牧所,未知,1,,
明,瀋陽中衛,北,1,123.4496,41.796033
明,瀧水,南,1,111.570351,22.766914
明,灤平,北,1,117.73065186,40.949321747
明,烏思藏都司,未知,1,,
明,烏撒衛,南,1,104.283675,26.866033
明,無棣,北,1,117.401329,37.851643
明,熱爾瑪尼亞國(日耳曼),未知,1,,
明,燕山前衛,北,1,116.368,39.93143
明,牧馬千戶所,未知,1,,
明,琉球國,未知,1,,
明,瑞安州,南,1,120.63069153,27.790512085
明,瑞州府,南,1,115.37227631,28.425598145
明,瓊州府,南,1,110.35794067,20.008165359
明,甘肅省,北,1,103.84713745,36.047031403
明,留守中衛,未知,1,,
明,留守前衛,未知,1,,
明,白馬,北,1,114.543465,35.564453
明,益都路,北,1,118.47827148,36.687919617
明,直隸省,北,1,116.36800385,39.931427002
明,睢寧,未知,1,,
明,石樓,北,1,110.826668,36.995705
明,石門,南,1,111.373611,29.588543
明,石阡府,南,1,108.23181152,27.521961212
明,祿豐,南,1,102.08010101,25.147397995
明,福寧州,南,1,119.99039459,26.883462906
明,福州路,南,1,119.32157898,26.073953629
明,福清州,南,1,119.38143921,25.727916718
明,禹州,北,1,113.46705627,34.162490845
明,秦安,北,1,105.6727066,34.863220215
明,程番府,南,1,106.65624237,26.138759613
明,義大利,未知,1,,
明,羽林右衛,未知,1,,
明,羽林衛,未知,1,,
明,翁源,南,1,113.827415,24.4613
明,臨洮衛,北,1,103.85794,35.37915
明,臨高,南,1,109.686165,19.91807
明,興州中屯衛,北,1,117.100551,40.140696
明,興業,南,1,109.853662,22.736543
明,茌平,北,1,116.25194,36.54313
明,萊州衛,北,1,119.94462,37.177053
明,萍鄉州,南,1,113.83863831,27.63142395
明,萬全都指揮使司,未知,1,,
明,萬寧,南,1,110.429211,18.840969
明,萬州,南,1,108.37359619,30.812864304
明,葡萄牙,未知,1,,
明,蘄州路,南,1,115.34519958,30.0625
明,蘆山,南,1,102.926735,30.15958
明,蘇州,南,1,102.3284,28.9477
明,虎賁左衛,未知,1,,
明,處州衛,南,1,119.9158,28.466094
明,行唐,北,1,114.543609,38.43607
明,衡州府,南,1,112.59703827,26.90161705
明,衢州府,南,1,118.86764526,28.956821442
明,西域,未知,1,,
明,豫章郡,未知,1,,
明,貴州都指揮使司,未知,1,,
明,贛州府,南,1,114.93247986,25.847000122
明,越嶲衛軍民指揮使司,未知,1,,
明,路南州,南,1,103.25993347,24.761480331
明,通州右衛,北,1,116.65881,39.90592
明,遂寧州,南,1,105.812285,30.194462
明,遼東行中書省,未知,1,,
明,邳州衛,北,1,117.881447,34.116892
明,都勻府,南,1,107.51876068,26.265649796
明,鄖陽府,南,1,110.81398773,32.833740234
明,重慶路,南,1,106.55651855,29.561239243
明,金吾左衛,未知,1,,
明,金山衛,南,1,121.322716,30.72773
明,金縣,北,1,104.107872,35.846821
明,金齒軍民指揮使司,未知,1,,
明,鎮南衛,未知,1,,
明,鎮夷守禦千戶所,未知,1,,
明,鎮安,北,1,109.15329,33.431843
明,鎮江路,南,1,119.44429016,32.206489563
明,鎮遠,南,1,108.4184494,27.054264069
明,鎮遠府,南,1,108.4184494,27.054264069
明,鑲藍旗,未知,1,,
明,開平衛,未知,1,,
明,陝西群牧所,未知,1,,
明,陵水,南,1,110.03392,18.505363
明,陸涼州,南,1,103.66252899,25.032264709
明,陽和衛,北,1,113.809823,40.28758
明,隆昌,南,1,105.27304,29.34938
明,階州,北,1,104.92927551,33.39484024
明,隰州直隸州,北,1,110.9306488,36.687625885
明,雄州,北,1,116.09269714,38.975879669
明,集慶路,南,1,118.76898956,32.052562714
明,雲南布政司,未知,1,,
明,雲南後衛,南,1,102.707734,25.041749
明,雲南都指揮使司,未知,1,,
明,雷州府,南,1,110.08791351,20.901958466
明,震澤,南,1,120.63778687,31.167064667
明,靈山衛,北,1,120.13499,35.92973
明,靖江府儀衛司,未知,1,,
明,鞏昌衛,北,1,104.6356,35.00714
明,順天府府軍衛,北,1,116.368,39.93143
明,騰驤左衛,未知,1,,
明,高麗,未知,1,,
明,黔江,南,1,108.78370667,29.526185989
明,龍南,南,1,114.784775,24.899044
明,龍山守禦千戶所,未知,1,,
明,龍江左衛,未知,1,,
明,龍門,南,1,114.243088,23.739285
明,龍驤衛,未知,1,,
清,大興,北,5406,116.36800385,39.931427002
清,山陰,南,2843,120.57826232779458,30.004514696045025
清,歙縣,南,2595,118.43394470242774,29.865770337248556
清,宛平,北,2539,116.36800385,39.931427002
清,會稽,南,1922,120.57826232931322,30.00451469463684
清,錢塘,南,1840,120.1686248807826,30.29412460558913
清,武進,南,1832,119.95230102977074,31.782783511759828
清,海鹽,南,1736,120.93202208906682,30.517858510132488
清,吳縣,南,1727,120.618622,31.312709999999996
清,仁和,南,1589,120.16862488030208,30.294124603999368
清,長沙,南,1431,112.9781341598882,28.198198317777777
清,順天府,北,1175,116.36800329154892,39.93142728122553
清,天津,北,1166,117.18782043000002,39.13697052
清,黟縣,南,1123,117.93021393087265,29.933116914084593
清,南昌,南,1086,115.89772033906078,28.674896239337016
清,廣州府,南,1046,113.25606537,23.134624481
清,浙江省,南,1039,120.16862488,30.294124603
清,成都,南,983,104.0779953,30.650384903
清,鄞縣,南,977,121.54265594055272,29.866315843455475
清,桐城,南,934,116.93860625832977,31.052280423263383
清,福州府,南,896,119.32157898,26.073953629
清,無錫,南,880,120.29766843125,31.5746135978125
清,長洲,南,856,120.61862200000002,31.31271
清,吳江,南,850,120.637787,31.167065
清,甘肅省,北,818,103.84713745,36.047031403
清,漢陽,南,817,114.26195933123623,30.544412985138308
清,西安,南,806,118.86764526,28.956821442
清,閩縣,南,805,119.32157897262111,26.073953630382604
清,蕭山,南,779,120.25893401992298,30.16148758062131
清,陽湖,南,777,119.95230103,31.782783507999998
清,歸安,南,776,120.09931183,30.864963531
清,江寧,南,775,118.76898956170322,32.05256271510709
清,蘇州府,南,759,120.61862182999998,31.312709807999997
清,嘉興,南,750,120.75320434766667,30.767469403293333
清,杭州府,南,743,120.16862488,30.294124603000004
清,河南省,北,740,114.34333038,34.785476685
清,通州,北,725,116.65880585,39.905921936
清,上元,南,711,118.76898956061883,32.05256271440225
清,丹徒,南,698,119.44429016,32.206489563
清,侯官,南,679,119.32157898,26.073953629
清,常熟,南,675,120.73378799999999,31.646582
清,湖南省,南,638,112.97813416000001,28.198198318
清,臨桂,南,629,110.28626251,25.280059814
清,山東省,北,611,117.00148773,36.650131226
清,濟南府,北,606,117.00148773,36.650131226
清,雲南,南,605,100.55898285,25.479091644
清,江夏,南,602,114.31917015611296,30.541439279486713
清,開封府,北,602,114.34333,34.785477
清,同州府,北,601,109.939,34.79724
清,奉天府,北,597,123.41988373,41.788249969
清,桂林府,南,580,110.28626251,25.280059814
清,海寧州,南,566,120.53749847,30.406280518000003
清,紹興府,南,562,120.57826233,30.004514694000004
清,順德,南,558,113.25392150817204,22.8478603347957
清,諸暨,南,547,120.22766112976234,29.71313667359781
清,貴陽府,南,547,106.70911407,26.580778122
清,太原,北,533,112.56482697,37.873748779
清,武昌,南,532,114.8799057,30.40271759
清,善化,南,513,112.97813416,28.198198318
清,廣東省,南,510,113.25606537,23.134624481
清,休寧,南,505,118.17577362000002,29.781190872
清,南陽,北,501,112.53546903676646,33.001678286165664
清,甯都直隸州甯都直隸州前鋪,南,488,116.01010099999999,26.466515
清,南豐,南,482,116.52993011,27.214305878
清,秀水,南,478,120.75320434560669,30.767469400903767
清,南海,南,475,113.25606537265263,23.134624478974736
清,肇慶府,南,475,112.45315552,23.056921005
清,祥符,北,474,114.34333,34.785477
清,清苑,北,465,115.48464909815053,38.75680112827527
清,嘉定,南,458,121.2490234371179,31.38584518279476
清,四川省,南,458,104.0779953,30.650384902999996
清,元和,南,452,120.61862183,31.312709808
清,信陽州,南,451,114.06924438,32.131118774
清,昆明,南,451,102.71035004,25.045913696
清,婺源,南,449,117.844589227951,29.244728087216032
清,烏程,南,445,120.09931183038202,30.86496353205393
清,江都,南,443,119.4371871895711,32.391269684713315
清,河間,北,442,116.08553314,38.43569946299999
清,重慶府,南,442,106.44494629000002,29.590402603
清,新建,南,433,115.89772034,28.67489624
清,喀爾喀,北,432,96.84630536756198,47.743986387869
清,貴州省,南,431,106.70911407,26.580778122
清,金匱,南,431,120.29766846,31.574613571
清,臨安,南,429,119.72128296,30.231056212999995
清,婁縣,南,422,121.22763824,31.009475708000004
清,餘姚,南,420,121.1527633515,30.0490665668
清,黃州府,南,410,114.86549377,30.446987152
清,涇縣,南,400,118.40658568999999,30.686710358
清,江蘇省,南,394,120.61862183,31.312709808000005
清,汾州府,北,390,111.77902985,37.263404846
清,歷城,北,389,117.00148772999998,36.650131226
清,登州府,北,387,120.7405014,37.804515858710595
清,番禺,南,384,113.2560653765625,23.134624475989582
清,嘉善,南,381,120.91722106889765,30.843824380905517
清,山陽,北,373,118.8679599291957,33.50370686453351
清,萊州府,北,371,119.93800354,37.175430298
清,上海,南,367,121.486763,31.224426271989103
清,唐縣,南,367,112.83251952855585,32.697708129645775
清,新城,南,366,117.8431278114754,28.18091514960109
清,慈溪,南,365,121.4441986110685,29.97919464198356
清,敘州府,南,363,104.6163559,28.774831772
清,江陰,南,362,120.26609039000002,31.908769608
清,保定,北,361,116.36625671,39.006217957
清,平湖,南,361,121.01234436,30.704219818
清,江西省,南,360,115.89772033999999,28.67489624
清,上虞,南,359,120.97358703988859,29.952653885320338
清,湘潭,南,356,112.91126251,27.87269783
清,諸城,北,355,119.40398406960563,35.99335479814366
清,懷寧,南,354,117.0346756,30.512294769
清,貴築,南,349,106.70911407000001,26.580778122
清,常州府,南,348,119.95230103,31.782783508
清,黃岡,南,344,114.86549377534884,30.446987148465116
清,華亭,南,343,121.22763799999998,31.009476
清,安徽省,南,340,117.03467560000001,30.512294768999997
清,合肥,南,337,117.2764587407715,31.86445617647478
清,宜興,南,337,119.8143844664095,31.363637924902076
清,固始,南,329,115.67110436726443,32.18354029381155
清,湖北省,南,327,114.31919098,30.541385651
清,寧波府,南,326,121.54265594000002,29.866315841999995
清,山西省,北,325,112.56482697,37.873752594
清,福建省,南,323,119.32157898,26.073953628999995
清,建昌,北,321,119.38989258,41.239494324
清,南城,南,316,116.62744904,27.559717178
清,奉新,南,316,115.37715149,28.707229614
清,青州府,北,316,118.47827148,36.68791581407278
清,揚州府,南,315,119.43718719,32.391269684
清,鄧州,南,315,112.08096313000001,32.684825897
清,遵義,南,312,106.93160248,27.69562149
清,寧國,南,309,118.97753905999998,30.619968413999995
清,獻縣,北,307,116.11489868000001,38.190696716
清,華陽,南,306,104.0779952990196,30.65038490331699
清,平陽,南,304,120.55644226,27.675718307
清,吉安府,南,303,114.97127532999998,27.103239059000003
清,湖州府,南,303,120.09931183,30.864963531
清,武定直隸州,南,301,102.39831543,25.535848618
清,懷慶府,北,299,112.93698883,35.089302063
清,廣西直隸州,南,298,119.4201889,30.894685745
清,安陸,南,295,113.68891906999998,31.263713837000005
清,介休,北,291,111.91200256,37.026000977
清,湘鄉,南,291,112.51874542,27.737247467
清,陝西省,北,284,108.94420624,34.266605377
清,太平,北,283,111.27406311,35.813308716
清,孝感,南,283,113.91035461413428,30.926221849611313
清,曹州府,北,282,115.44412994,35.25025177
清,晉江,南,276,118.58990479228261,24.909641263108696
清,溧陽,南,276,119.48600006,31.430706024
清,長樂,南,276,118.40848425536232,25.482837221065218
清,光州直隸州直轄地方,南,274,115.04457855,32.130302429
清,永平,南,274,99.519340515,25.463171005
清,儀徵,南,271,119.17762756,32.267543793
清,寶應,北,271,119.31004333,33.235946655
清,安慶府,南,270,117.0346756,30.512294769
清,新城,北,265,116.53395131950943,38.60497433152075
清,桐鄉,南,261,120.54273987049808,30.641677856551727
清,新昌,南,256,117.96009758347657,28.96549364925
清,高州府,南,255,110.85381317,21.919214249
清,太倉直隸州,南,252,121.09863281,31.451000214
清,長安,北,252,108.94405850095238,34.26652528820238
清,楚雄,南,248,101.54286194,25.033065796
清,皋蘭,北,246,103.84713745,36.047031403
清,衛輝府,北,246,114.07026672,35.410385132
清,平樂,南,244,110.64649963,24.635726929
清,嘉應直隸州直轄地方,南,243,116.10872649999999,24.3074646
清,三原,北,242,108.92629242,34.61974717776447
清,德清,南,241,120.08480072232365,30.553133010908713
清,新野,南,241,112.35842896033195,32.52487182744399
清,潼川府,南,241,105.08757019,31.094619751
清,兗州府,北,239,116.82369995,35.556697845
清,濰縣,北,237,119.10649871999999,36.702705383
清,南寧,南,236,103.79677582,25.495843887
清,潯州府,南,233,110.0716629,23.394571304
清,平定直隸州直轄地方,北,231,113.62226868,37.802036285
清,徽州府,南,231,118.4339447,29.86577034
清,泰安,北,231,117.12718964,36.188999176
清,金谿,南,231,116.77626037670996,27.910083772982684
清,平陰,北,229,116.44866943,36.286933899
清,泰州,南,229,119.91123962,32.495872498
清,瓊州府,南,229,110.35800171,20.007999419999997
清,如皋,南,227,120.55866240638767,32.38402176112334
清,鞏昌府,北,227,104.63560486,35.007137299
清,廣豐,南,225,118.19136047,28.438468933
清,曲阜,北,225,116.98722319271111,35.59859763146667
清,山陰,北,223,112.94273376107624,39.44043731557847
清,建寧,南,223,116.83252716000001,26.832490921
清,汀州府,南,219,116.34954071,25.833381653
清,鎮江府,南,219,119.44429016,32.206489563
清,德化,南,218,117.02511691394496,27.75545386214679
清,江陵,南,218,112.19077300990827,30.35044479588991
清,撫州府,南,217,116.35134124999999,27.984781265
清,香山,南,217,113.373604,22.52581
清,旌德,南,216,118.53877258,30.291025162
清,臨川,南,216,116.3513412488426,27.984781263773147
清,東莞,南,215,113.74981689051164,23.046623228930233
清,寶坻,北,213,117.30242157,39.725894928
清,蓬萊,北,212,120.74050140000001,37.804515839
清,鳳陽,南,211,117.52367401,32.866203308
清,東昌府,北,210,115.98869324,36.447738647
清,汾陽,北,209,111.77902985,37.263404846
清,彰德府,北,207,114.34549713,36.098342896
清,順慶府,南,207,106.08072662,30.798986435
清,黃陂,南,206,114.36559296,30.875669478999995
清,新會,南,205,113.03839874,22.526580811
清,衡州府,南,203,112.59703826999998,26.90161705
清,貴池,南,200,117.48183441,30.654661179
清,漢中府,北,199,107.03518677,33.076480865
清,瑞州府,南,199,115.37227631,28.425598145000002
清,鬱林直隸州直轄地方,南,198,110.14588165,22.632095337
清,崑山,南,197,120.94823456,31.386108398
清,鳳翔,北,197,107.38591766345178,34.52251815639594
清,寧鄉,南,196,112.55047606999999,28.259300232
清,高安,南,196,115.37227631,28.425598145
清,河間府,北,195,116.08553314,38.435699463
清,惠州府,南,194,114.38943481,23.09031105
清,湘陰,南,194,112.8802948,28.676210403
清,滄州,北,194,116.86196898999998,38.309001903335044
清,膠州,北,193,120.00730133000002,36.30002594
清,潮州府,南,192,116.63665771,23.667705536
清,甘泉,南,191,119.43718719000002,32.391269684
清,寧國府,南,190,118.74250031,30.946941376
清,汝寧府,北,190,114.34600067,33.007537842
清,襄陽,南,189,112.14887237999999,32.013473511
清,高密,北,188,119.75256348,36.385406494
清,福山,北,187,121.26052856000001,37.493282318
清,臨江,北,187,132.51399231,47.653610229
清,南康,南,186,114.74516296,25.658571242999997
清,曲靖府,南,186,103.79677582,25.495843887000003
清,江南蘇松常鎮太道,未知,186,,
清,河內,北,186,112.93698882999999,35.089302063
清,資州直隸州直轄地方,南,186,104.84835815,29.784748077
清,金華,南,184,119.6499176021739,29.104711535538044
清,饒州府,南,184,116.66383361999999,28.994167328
清,岳州府,南,183,113.09765625,29.371259689
清,永平府,北,183,118.86195374,39.877323151
清,陽曲,北,183,112.56482697016392,37.87375259621858
清,廬陵,南,182,114.97127533,27.103239059
清,任邱,北,181,116.09048462,38.707668304
清,正定,北,180,114.56364441,38.140110016
清,代州直隸州直轄地方,北,179,112.94904326999999,39.060390472
清,大理府,南,179,100.16444397,25.6978302
清,天門,南,179,113.16411591,30.65625
清,太谷,北,179,112.55276488999999,37.425506592
清,沂州,北,179,118.39524078,35.197975159
清,荊州府,南,179,112.19077301,30.350444793999998
清,梧州府,南,178,111.30857086000002,23.486898422
清,武威,北,178,102.63469695999999,37.92691803
清,歸德土司,南,178,107.63761902,23.348037719999997
清,金壇,南,177,119.57061767999998,31.74697876
清,安福,南,176,114.28929111926136,27.605517669301136
清,渮澤,北,176,115.44412994,35.25025177
清,宣化,北,175,115.05114746000001,40.610363007
清,柳州府,南,175,109.40439606,24.309988022
清,商城,南,174,115.40705872160919,31.8035182933046
清,德安,南,174,115.74502563212644,29.330564496132187
清,涿州,北,174,115.96814728,39.487220764
清,興安,南,174,116.84554211712643,28.116851915879312
清,蒲州府,北,174,110.33230590999999,34.835128784
清,富平,北,173,109.16156769,34.754428864
清,平越直隸州,南,173,107.51251220999998,26.701211929
清,鎮海,南,173,121.7117157,29.953701018999997
清,韓城,北,173,110.43763733,35.465938568
清,陳州府,北,172,114.88245392,33.733982086
清,聊城,北,171,115.98869324,36.447738647
清,蒲城,北,171,109.58512115,34.955936432
清,績溪,南,170,118.58410645,30.077772141
清,安順府直轄地方,南,168,105.92786407000001,26.243244170999997
清,寧夏,北,168,106.273972,38.466972
清,榆林,北,168,109.7538681,38.294708252
清,武陵,南,167,111.69129944000001,29.034807204999996
清,安邱,北,166,119.1974,36.42905
清,寶慶府,南,165,111.47493744000002,27.249315262
清,許州直隸州直轄地方,北,165,113.81974792,34.031391144
清,靈石,北,165,111.7762146,36.842151642
清,濟寧直隸州直轄地方,北,164,116.5778656,35.410430908
清,蘭州府,北,164,103.84713745,36.047031403
清,豐潤,北,164,118.13489532,39.827602386
清,石埭,南,163,117.94508400000001,30.374228
清,巴縣,南,162,106.44494629,29.590402602999998
清,豐城,南,162,115.7857818608642,28.197753906580246
清,青浦,南,161,121.10775757000002,31.144771576000004
清,洛陽,北,160,112.38262939,34.665275574
清,萊陽,北,159,120.70584105886792,36.97116470860377
清,太倉直隸州直轄地方,南,157,121.09863280999998,31.451000214
清,安邑,北,157,111.04241943000001,35.062000275
清,清江,南,157,115.3989868211465,28.015569663515926
清,蘄水,南,157,115.25203704999998,30.458690642999997
清,昭文,南,156,120.73378753999998,31.646581650000005
清,袁州府,南,155,114.37588501,27.794265747
清,大定府直轄地方,南,154,105.6060791,27.147026061999995
清,松江府,南,154,121.22763824,31.009475708
清,汝州直隸州直轄地方,北,153,112.83702087,34.161762238
清,解州直隸州直轄地方,北,153,110.85543823,34.911781311
清,九江府,南,152,115.98567963,29.722364426000002
清,章丘,北,151,117.46158,36.75417
清,興化,南,151,119.83725945695363,32.93407273377483
清,大名,北,150,115.14649962999998,36.275527954
清,太平,南,150,118.47330536246666,30.04631701179333
清,睢州,北,150,115.06597137,34.430503845
清,石門,南,150,119.51422653299998,30.4362565992
清,石屏州,南,149,102.48825836,23.719015121
清,南安,南,148,118.53784942709459,24.953763962256755
清,絳州直隸州直轄地方,北,148,111.21614838,35.616409302
清,東陽,南,147,120.22798157,29.260566711000003
清,南召,北,146,112.71274567,33.445316315
清,曲沃,北,146,111.47002410849315,35.641284943780825
清,大同,北,145,113.29638672000002,40.092838287
清,大埔,南,145,116.68544006,24.517745972
清,承德,北,145,123.41988400000001,41.78825
清,朝邑,北,145,110.12251282124137,34.7890357984
清,漢川,南,145,113.8286972,30.648508072
清,安順府,南,144,105.92786407,26.243244171
清,巴陵,南,143,113.09765625,29.371259689
清,德州,北,143,116.28741433657342,37.45164479031469
清,遵化州,未知,143,,
清,宜黃,南,142,116.21018219,27.546390533
清,西寧,北,142,103.17891553647887,37.00350651254929
清,瀏陽,南,141,113.62143707,28.149572372
清,莆田,南,139,119.011101,25.433954
清,青陽,南,139,117.86305237,30.636638641000005
清,滿洲鑲黃旗,未知,138,,
清,鍾祥,南,138,112.58925629,31.169826508
清,瀘州直隸州直轄地方,南,137,105.43700409,28.884363174
清,太和,南,136,100.16444397,25.6978302
清,澂江府,南,136,102.91121674,24.673196793
清,長山,北,136,117.86607361,36.883369446
清,濟寧直隸州,北,135,116.5778656,35.410430908
清,遵化,北,135,117.95798003703705,40.18444998518518
清,全州,南,134,111.06500244,25.931814194
清,綿州直隸州直轄地方,南,134,104.7492981,31.459007262999997
清,趙州,南,134,100.31289673,25.585170746
清,涇陽,北,133,108.83756256,34.533336639
清,澤州府,北,133,112.8391571,35.504318237
清,直隸省,北,133,116.36800385,39.931427002
清,衡陽,南,133,112.59703826593986,26.90161704924812
清,大定府,南,132,105.6060791,27.147026062
清,邵武,南,132,117.48339844,27.337692261
清,麻城,南,132,115.03096771439394,31.180917743939393
清,廣信府,南,131,117.96488953,28.450689316
清,廣平,北,131,114.936844,36.480518
清,宣城,南,130,118.74250031,30.946941376
清,延安府,北,130,109.46990967,36.591808319
清,海豐,北,130,117.60121155,37.740623474
清,新安,北,129,114.1094793855814,36.91026823625582
清,衡山,南,129,112.85241699,27.245645523
清,邵陽,南,129,111.47493744,27.249315262
清,丹陽,南,127,119.56985474,31.995801926
清,郃陽,北,127,110.15101624,35.242584229
清,高要,南,127,112.45315552,23.056921005
清,光山,南,126,114.89877319,32.009700775
清,咸寧,北,126,108.94420624,34.266605377
清,定遠,南,126,111.88007736460318,30.07573238496825
清,忻州直隸州直轄地方,北,126,112.73120117,38.398563385
清,辰州府,南,126,110.39696503,28.458190918
清,平凉,北,125,106.68566132,35.53584671
清,文安,北,125,116.46456146,38.864807129
清,武功,北,125,108.10510251408,34.332054131376
清,都勻,南,125,107.51876068,26.26565361
清,鎮洋,南,125,121.09863281,31.451000214
清,震澤,南,125,120.63778687,31.167064667
清,高陽,北,125,115.77420044,38.688907623
清,黃梅,南,125,115.93493652,30.079200745
清,常德府,南,124,111.69129944,29.034807205
清,萍鄉,南,124,113.83863831,27.63142395
清,輝縣,北,123,113.79414368,35.458675385
清,涪州,南,122,107.39096069,29.702775955
清,靜海,北,122,116.91908264,38.934356689
清,保寧府,南,121,105.96946716,31.583143234
清,文登,北,121,122.0566864,37.193061829
清,太湖,南,119,116.26507568,30.420059204
清,高郵州,南,119,119.43733215,32.790710449
清,南皮,北,118,116.69678497,38.037567139
清,淄川,北,118,117.960956,36.635994
清,益陽,南,118,112.335289,28.597808838
清,贛州府,南,118,114.93247986,25.847000122
清,遵義府,南,118,106.93160248,27.69562149
清,鎮遠,南,118,108.4184494,27.054264069
清,冀州直隸州直轄地方,北,117,115.56381226,37.565982819
清,延平府,南,117,118.16918182,26.642173767
清,武清,北,117,116.86728668,39.517601013000004
清,鄱陽,南,117,116.66383361999999,28.994167328
清,黃安,南,117,114.61572266,31.287647247
清,沂州府,北,116,118.34095001,35.071559906
清,秦州直隸州直轄地方,北,116,105.71695709,34.585472107
清,平江,南,114,113.57494354,28.709812164
清,滿洲正白旗,未知,114,,
清,靈川,南,114,110.38368988,25.46320343
清,永州府,南,113,111.61256409,26.210338593
清,洪洞,北,113,111.68291473,36.259399414
清,大荔,北,112,109.93904877,34.797245026
清,通州直隸州,南,112,120.85464478000002,32.010471344
清,郴州直隸州直轄地方,南,112,113.02513885,25.802719116
清,長興,南,112,119.90137482,31.013893127
清,仙居,南,111,120.67868486009009,28.881271861117117
清,城固,北,111,107.32794189,33.157131195
清,宜賓,南,111,104.6163559,28.774831771999995
清,掖縣,北,111,119.93800354414414,37.175430295315316
清,臨海,南,111,121.12059784144144,28.84313201882883
清,夏邑,北,110,116.12141418,34.237991333
清,慶遠府,南,110,108.65588379,24.490730286
清,池州府,南,110,117.48183441,30.654661179
清,畢節,南,110,105.28400421,27.308080673
清,益都,北,110,118.47827148,36.687915802
清,台州府,南,109,121.12059784,28.843132019
清,新化,南,109,111.29472350999998,27.748905182
清,綏德直隸州直轄地方,北,109,110.2540741,37.500980377
清,廬州府,南,108,117.27645874,31.864456176999997
清,景州,北,108,116.25810242,37.688007355
清,同安,南,107,118.14411926,24.736045837
清,崞縣,北,107,112.75151825,38.883319855
清,平泉州,北,107,118.68012238,41.006469727
清,新寧,南,107,111.11390486532711,25.7252307074486
清,榆次,北,107,112.74468231,37.678466797
清,黃巖,南,105,121.25835419,28.642612457
清,寧河,北,104,117.78314972,39.463554382
清,廬江,南,104,117.28835297,31.253362656
清,忠州直隸州直轄地方,南,104,108.03157806,30.298578262
清,昌黎,北,104,119.16641235,39.70697403
清,淮安府,北,104,119.14110565,33.502788544
清,錦縣,北,104,121.13530731,41.112857819000006
清,乾州直隸州直轄地方,北,103,108.23560333,34.53030014
清,思恩,南,103,108.25637817,24.829608917
清,嵊縣,南,102,120.81527709803922,29.587490080392154
清,建水,南,102,102.82231100000001,23.624552000000005
清,樂平,南,102,117.12409209901962,28.964994426774513
清,渭南,北,102,109.50123596,34.502998352
清,潁州府,南,102,115.80901337,32.903057098
清,陽城,北,102,112.41799926735294,35.49059295742157
清,荊溪,南,101,119.81438446,31.363637923999995
清,崇仁,南,100,116.06158447,27.75564003
清,崇陽,南,100,114.04383847500002,29.5488014009
清,當塗,南,100,118.48343658,31.555685042999997
清,遼東都指揮使司,未知,100,,
清,內鄉,北,99,111.83859253,33.050231934
清,漳州府,南,99,117.65305328,24.511743546
清,灤州,北,99,118.75231171,39.739654541
清,臨汾,北,99,111.51543426727272,36.078037259353536
清,麗江,南,99,100.2359848,26.874633789
清,清泉,南,98,112.59703827,26.90161705
清,興義,南,98,104.89617157,25.087345123000002
清,廣濟,南,97,115.59120178680413,30.136482231608245
清,懷遠,南,97,117.03312557340206,32.80030999696908
清,福清,南,97,119.38143921,25.727916718
清,海陽,南,96,116.63665771,23.667705536
清,滿洲正黃旗,未知,96,,
清,臺灣,南,96,120.200264,23.00415
清,鉛山,南,96,117.77658844,28.208450317
清,文水,北,95,112.02418518,37.436981201
清,蕪湖,南,95,118.36261749536843,31.334949487810526
清,餘杭,南,95,119.9406,30.27177
清,黃縣,北,95,120.51922595789475,37.64807658947368
清,壽州,南,94,116.77711487,32.575748444
清,樂陵,北,94,117.21652985,37.737892151
清,永定,南,94,116.72075653,24.720376968
清,滿洲正藍旗,未知,94,,
清,華亭,北,94,106.651955,35.218842
清,上杭,南,93,116.41783905,25.053339005
清,全椒,南,93,118.26437378,32.09834671
清,平遠,南,93,115.88126373000001,24.811315536
清,思南府直轄地方,南,93,108.24182892,27.940149307
清,永春直隸州直轄地方,南,93,118.28717040999999,25.325790404999996
清,清河,北,93,117.86042498935484,34.7863671908172
清,聞喜,北,93,111.21720886000001,35.357723236
清,陝州直隸州直轄地方,北,93,111.14243317,34.783973694
清,京山,南,92,113.11685181206522,31.024814610282608
清,海陽,北,92,121.236763,36.700508118
清,滿洲鑲白旗,未知,92,,
清,科爾沁,北,92,121.47532334642001,45.061858131322
清,臨清直隸州直轄地方,北,92,115.70152283,36.846214294
清,霍州直隸州直轄地方,北,92,111.72808075,36.5638237
清,咸寧,南,91,114.2716217,29.892478943
清,臨潼,北,91,109.21272278,34.368350983
清,夔州府,南,90,109.52474976,31.054706573
清,晉寧州,南,90,102.74320984000002,24.703119278
清,中江,南,89,104.67904662999999,31.044277191
清,吉水,南,89,115.13224792089886,27.214366913977525
清,商州直隸州直轄地方,北,89,109.9324646,33.86989212
清,正藍旗,未知,89,,
清,羅山,南,89,114.52223969,32.202373505
清,孟縣,北,88,112.78279877,34.903179169
清,宿松,南,88,116.11419677999999,30.151212692
清,樂亭,北,88,118.91828155999998,39.424880981
清,永年,北,88,114.72306823999999,36.701030731
清,翼城,北,88,111.70844269,35.738761902
清,青海和碩特,北,87,97.382964486342,37.344399287194
清,安陽,北,86,114.34549713,36.098342896
清,息縣,南,86,114.72908783197674,32.34243011366279
清,監利,南,86,112.9002533,29.815757751000003
清,武陟,北,85,113.36535645,35.056087494
清,漳浦,南,85,117.61073303,24.117095947
清,鹽山,北,85,117.22554016,38.055328369
清,南康府,南,84,116.04112244000001,29.453485489
清,慶陽府,北,84,107.87602234,36.0051651
清,興安府,南,84,109.02696991,32.693626404
清,平定直隸州,北,83,113.62226867999999,37.802036285
清,涼州府,北,83,102.63469696,37.92691803
清,華陰,北,83,110.08936310000001,34.568309784
清,壽光,北,82,118.73851013,36.879798889
清,寧海州,北,82,121.58773041,37.376552582
清,永福,南,82,117.07779209890242,25.683960867756095
清,眉州直隸州直轄地方,南,82,103.83145904999999,30.050497055
清,蒲圻,南,82,113.87461090000001,29.708353043
清,蠡縣,北,82,115.57469940000001,38.490062714
清,太平府,南,81,118.48343658,31.555685043000004
清,杞縣,北,81,114.77448272999999,34.553512573
清,桂陽,南,81,113.67971801999998,25.551719666
清,泰和,南,81,114.89487457,26.792102814000003
清,濱州,北,81,117.96530913999999,37.47833252
清,猗氏,北,81,110.77404022,35.147945404
清,黎平府直轄地方,南,81,109.13167572,26.229694366
清,六合,南,80,118.83789825,32.348419189
清,日照,北,80,119.45469666,35.427951813
清,深州直隸州直轄地方,北,80,115.54887390000002,38.011730194
清,臨榆,北,80,119.77024078,40.010192871
清,衢州府,南,80,118.86764525999999,28.956821442
清,鑲藍旗,未知,80,,
清,安義,南,79,115.54990387000001,28.842563629
清,定州直隸州直轄地方,北,79,114.97504424999998,38.520061493
清,昌邑,北,79,119.39997864,36.855667114
清,玉田,北,79,117.75477599999999,39.883670807
清,鄭州,北,79,113.64131165,34.758075714
清,鎮平,南,79,116.17018127,24.651355743
清,長寧,南,79,115.18036130493671,24.921864231721518
清,即墨,北,78,120.45040894076924,36.38210678380769
清,潞安府,北,78,113.10348511,36.18353653
清,夏縣,北,77,111.22005463000002,35.137451172
清,永嘉,南,77,120.65322112999999,28.018291472999998
清,永順,南,77,109.85260773,29.005901337000005
清,銅山,北,77,117.18768311,34.269634247
清,龍巖直隸州直轄地方,南,77,117.02915955,25.103721619
清,利津,北,76,118.25559235000001,37.49131012
清,崇明,南,76,121.38989258,31.627645493
清,建德,南,76,118.72066698802631,29.72754579381579
清,彭澤,南,76,116.55121613,29.896095276
清,徐州府,北,76,117.18768311,34.269634247
清,盂縣,北,76,113.41297150000001,38.090957642
清,雲夢,南,76,113.75381036842104,31.025045578947367
清,南宮,北,75,115.38006592,37.359153748
清,商丘,北,75,115.60745239,34.385051727
清,富順,南,75,104.98831177,29.188720702999998
清,平遙,北,75,112.17759704999999,37.207260132
清,東鄉,南,75,114.11667358293334,29.10787429546667
清,漢軍正白旗,未知,75,,
清,祁門,南,75,117.70697784,29.854146957
清,蘄州,南,75,115.34519958,30.062501906999998
清,金山,南,75,121.15806579999999,30.901216507
清,長垣,北,75,114.682724,35.19836
清,韶州府,南,75,113.60341644,24.810209274
清,沔陽州,南,74,113.229,30.2037
清,含山,南,73,118.10300446000001,31.720115662000005
清,武寧,南,73,115.1013031,29.262537002999995
清,興寧,南,73,114.7074358171233,24.941402748547944
清,蒙自,南,73,103.3925705,23.369949341
清,望江,南,72,116.67433167,30.123537063999997
清,滿洲鑲藍旗,未知,72,,
清,營山,南,72,106.56503296,31.075796127000004
清,福寧府,南,72,119.99039459,26.883462906
清,邛州直隸州直轄地方,南,72,103.45682526,30.416589737
清,銅仁,南,72,109.19268799,27.722476959
清,長壽,南,72,107.0611496,29.833637238
清,龍溪,南,72,117.65305327222222,24.511743558611116
清,偃師,北,71,112.81244659,34.703128815
清,祁陽,南,71,111.855896,26.591691971
清,襄陽府,南,71,112.14887238,32.013473511
清,雷州府,南,71,110.08791351,20.901958466
清,單縣,北,70,116.07925415,34.797901154
清,固安,北,70,116.30117035,39.435630798
清,寧武,北,70,112.30478668,39.007045746
清,永城,北,69,116.36399841,33.93945694
清,永新,南,69,114.23686981,26.94556427
清,泗州直隸州直轄地方,北,69,117.87887573,33.478374481
清,泰興,南,69,120.01616669,32.160381317
清,湖口,南,69,116.21801758,29.734992981
清,迪化州,北,69,87.60407,43.79072
清,都昌,南,69,116.1891861,29.272563934
清,龍安府,南,69,104.52972412,32.413154602
清,安溪,南,68,118.18125152220588,25.060590747764703
清,榆林府,北,68,109.7538681,38.294708252
清,綏定,北,68,80.867546082,44.051719666
清,荊門直隸州直轄地方,南,68,112.19841766,31.028728485000002
清,項城,北,68,114.83288574,33.209308624
清,三水,南,67,112.828033,23.17675
清,寧鄉,北,67,111.18812561,37.339595795
清,寶山,南,67,121.48733521,31.407932281
清,惠安,南,67,118.80281829552239,25.022077566567166
清,江津,南,67,106.25296021,29.281507492
清,金鄉,北,67,116.30452728,35.068164825
清,錦州府,北,67,121.13530731,41.112857819
清,開州,北,67,115.00592804,35.754283905
清,高平,北,67,112.91958618,35.792057037
清,交河,北,66,116.2851181,38.017044067
清,六安州直隸州直轄地方,南,66,116.49411774,31.754594803
清,思州府直轄地方,南,66,108.73945618,27.216144562
清,松滋,南,66,111.71406555,30.345695496
清,漢州,南,66,104.2830658,30.981309891
清,迪化直隸州,未知,66,,
清,鐵嶺,北,66,123.84785461,42.295509338
清,靈州,北,66,106.32814,38.088886
清,攸縣,南,65,113.34333038,27.004034042
清,新鄉,北,65,113.86824799,35.309940338
清,潛江,南,65,112.89295959,30.420951843
清,瑞安,南,65,120.63069153,27.790512085
清,蔚州,北,65,114.56905365,39.840538025
清,鄒平,北,65,117.72649877046155,36.885677356061535
清,定海,南,64,122.10109711,30.015159607
清,宜昌府,南,64,111.28712463,30.704227448
清,寧津,北,64,116.7928009,37.649856567
清,涇州直隸州,北,64,107.36338806,35.328807831
清,祁縣,北,64,112.31529999,37.353816986
清,華州,北,64,109.7598877,34.519626617
清,遂寧,南,64,105.812285,30.194462
清,光澤,南,63,117.33325195,27.539524078000003
清,嚴州府,南,63,119.49885559,29.544481277
清,思恩府,南,63,108.20142365,23.428482056
清,新都,南,63,104.16054535,30.831390381
清,樂山,南,63,103.75156403,29.57068634
清,河陽,南,63,102.91121674,24.673196793
清,蘭溪,南,63,119.478851,29.204453
清,鄜州直隸州直轄地方,北,63,109.36716461,35.995628357
清,長汀,南,63,116.34954071,25.833381653
清,霸州,北,63,116.39524841,39.101535797
清,壽陽,北,62,113.1687088,37.8867836
清,安州,北,62,115.81755066,38.87537384
清,宣化府,北,62,115.05114746,40.610363007
清,寧遠,北,62,104.88529205,34.720016479
清,永昌,北,62,101.96912384,38.246646881
清,綿竹,南,62,104.19761658,31.342483521
清,興國,南,62,115.34276581,26.32170105
清,連江,南,62,119.5344696,26.198015213
清,內江,南,61,105.05389404000002,29.580755234
清,分宜,南,61,114.67601337049179,27.81524773737705
清,宜春,南,61,114.37588500967215,27.794265755295083
清,新淦,南,61,115.39380646,27.759740829
清,東湖,南,61,111.28712463,30.704227448
清,桐柏,南,61,113.39302067245902,32.37074665740984
清,棗強,北,61,115.71807861,37.502639771
清,江南道,未知,61,,
清,鹽城,北,61,120.13372039344263,33.38516234819672
清,寧海,南,60,121.42555237,29.28361702
清,浦江,南,60,119.88367462,29.458707809
清,萬載,南,60,114.449379,28.111526
清,蒼梧,南,60,111.30857086,23.486898422
清,光州直隸州,南,59,115.04457855,32.130302429
清,江寧府,南,59,118.76898956,32.052562714
清,漢軍鑲黃旗,未知,59,,
清,興縣,北,59,111.12374878000001,38.472667694
清,馬平,南,59,109.40439606,24.309988022
清,和州直隸州直轄地方,南,58,118.36112213,31.714223862
清,定興,北,58,115.77419281000002,39.269592285
清,富陽,南,58,119.94775391,30.053434372
清,故城,北,58,116.12413788,37.380794525
清,武平,南,58,116.09059906000002,25.09148407
清,浦城,南,58,118.53625488,27.924686432
清,滁州直隸州直轄地方,南,58,118.30416107,32.316993713
清,肅州直隸州,北,58,98.511253357,39.744941711
清,舒城,南,58,116.9385376,31.456447601
清,鄖陽府,南,58,110.81400299,32.833999634
清,安化,南,57,110.80942441578947,28.09201702308772
清,廣昌,北,57,114.68877411,39.35401535
清,盧龍,北,57,118.86199950999999,39.876998901
清,遷安,北,57,118.69151306,40.008872986
清,金堂,南,57,104.43456268000001,30.857915878
清,鉅野,北,57,116.08870697000002,35.396209717
清,閬中,南,57,105.96703339000001,31.5831604
清,阜陽,南,57,115.80901337,32.903057098
清,青縣,北,57,116.82543182,38.580715179
清,龍泉,南,57,115.15341524561403,26.57415415789474
清,南匯,南,56,121.75189972,31.055320739999996
清,句容,南,56,119.16273499017858,31.94653510803571
清,大城,北,56,116.62188721,38.695865631
清,宿遷,北,56,118.29705811,33.958301544
清,寧都直隸州直轄地方,南,56,116.01010132,26.466514587
清,東光,北,56,116.53282166,37.884555817
清,武安,北,56,114.19186401,36.697582245
清,汝陽,北,56,114.34600067,33.007537842
清,浮山,北,56,111.84243774,35.967441559
清,贛縣,南,56,114.93247985999999,25.847000122
清,雄縣,北,56,116.09270477,38.975879669
清,南陵,南,55,118.33240509,30.924436569
清,惠民,北,55,117.50389099,37.482723236
清,應城,南,55,113.56967926000002,30.946002959999998
清,棲霞,北,55,120.82707214,37.302383423
清,溫縣,北,55,113.07546234,34.938117981
清,濟源,北,55,112.58267210145455,35.09243774029091
清,蘭山,北,55,118.34095001,35.071559906
清,通海,南,55,102.7556076,24.106071472
清,鎮安,北,55,120.46259598927273,40.634669286618184
清,徐溝,北,54,112.50899506000002,37.557182312
清,正黃旗,未知,54,,
清,溫江,南,54,103.83060454999999,30.7022686
清,灌陽,南,54,111.14469147,25.488653183
清,盱眙,北,54,118.49529999999999,33.01474
清,遼陽州,北,54,123.16798401,41.265850067
清,合州,南,53,106.25955962999998,30.00394249
清,咸陽,北,53,108.70994568,34.339054108
清,安康,南,53,109.02696991,32.693626404
清,寧化,南,53,116.65950775,26.26644516
清,汲縣,北,53,114.07026671999999,35.410385132
清,滿洲鑲紅旗,未知,53,,
清,潮陽,南,53,116.59406281,23.260953903
清,澄海,南,53,116.76804352,23.463153839
清,茬平,北,53,116.25022888,36.586616516
清,襄城,北,53,113.47236633,33.853691101
清,安定,北,52,105.56177813923077,35.882204056000006
清,嵩縣,北,52,112.0875473,34.147212982
清,德陽,南,52,104.39100647,31.132371901999996
清,應山,南,52,113.81899261,31.618320465000004
清,朔平府,北,52,112.34358215,40.160369873
清,桂平,南,52,110.0716629,23.394571304000003
清,武強,北,52,115.85923004,37.994430542
清,永寧,南,52,112.74646758692307,26.97628696176923
清,沅陵,南,52,110.39696503000002,28.458190918
清,雅州府,南,52,102.98436737,29.985555649
清,雲南省,南,52,102.71035004,25.045913696
清,霑化,北,52,117.80175781,37.68321991
清,鶴山,南,52,112.82366942999998,22.644086838
清,麗江府,南,52,100.2359848,26.874633788999997
清,龍南,南,52,114.784775,24.899044
清,六安直隸州,南,51,116.49411774,31.754594803
清,安岳,南,51,105.3245163,30.112699508999995
清,易州直隸州直轄地方,北,51,115.49347686999998,39.34903717
清,正白旗,未知,51,,
清,禹州,北,51,113.46705627,34.162490845
清,華容,南,51,112.55928801999998,29.518756866
清,順德府,北,51,114.4942627,37.066356659
清,天長,南,50,118.99815369,32.69052124
清,太康,北,50,114.85637665,34.063873291
清,張掖,北,50,100.44992065000001,38.933113098
清,揭陽,南,50,116.34976959,23.542976378999995
清,沔州,南,50,113.23660278,30.189540863
清,澄城,北,50,109.93044281,35.190914154
清,興國州,南,50,115.20962523999998,29.830129623
清,道州,南,50,111.59088135,25.531356812
清,鄂爾多斯右翼后旗,北,50,108.762907,40.486319
清,鑲紅旗,未知,50,,
清,陽春,南,50,111.820559692,22.228760910000002
清,鳳台,北,50,112.8391571,35.504318237
清,大冶,南,49,114.96295929,30.093137741
清,密縣,北,49,113.35456085,34.514629364
清,文昌,南,49,110.75589752,19.620952606
清,昭通府,南,49,103.71525574,27.34327507
清,永康,南,49,120.0252533,28.897268295
清,沁水,北,49,112.17012787000002,35.69039917
清,盧氏,北,49,111.04091644,34.052612305
清,義烏,南,49,120.071625,29.300087
清,處州府,南,49,119.91300964,28.448732376
清,銅梁,南,49,106.04174804999998,29.852437973
清,鎮遠府,南,49,108.4184494,27.054264069
清,黃平州,南,49,107.90213776,26.895835876
清,修文,南,48,106.59192657,26.842996597
清,南充,南,48,106.08072662,30.798986435
清,墊江,南,48,107.35619354,30.323741913000003
清,安化,北,48,107.87602234,36.0051651
清,寧州,南,48,104.38167475,24.802522375
清,廣安州,南,48,106.63175201,30.474428177000004
清,新興,南,48,112.2250824,22.702915191999995
清,歸善,南,48,114.44837952,23.095235825
清,沂水,北,48,118.62394714,35.791027069
清,潛山,南,48,116.56719971,30.630346297999996
清,石阡府直轄地方,南,48,108.23052979,27.520534514999998
清,祁州,北,48,115.31508636,38.412342072
清,肥城,北,48,116.76808167,36.250946045
清,萬縣,南,48,108.75494765666667,28.560569399479167
清,進賢,南,48,116.25907135,28.364484787
清,鹿邑,北,48,115.48136139,33.860767365
清,北流,南,47,110.34751892,22.714183806999998
清,安平,北,47,115.51057434,38.23052597
清,寧晉,北,47,114.91539764,37.621086121
清,新繁,南,47,104.01598358,30.876556396
清,新陽,南,47,120.94823456,31.386108397999998
清,溫州府,南,47,120.65322113,28.018291473
清,滑縣,北,47,114.54346465999998,35.564453125
清,滿城,北,47,115.31562042,38.947723389
清,滿洲正紅旗,未知,47,,
清,磁州,北,47,114.37424469,36.359043121
清,羅定直隸州直轄地方,南,47,111.57035065,22.766914368
清,茂州直隸州直轄地方,南,47,103.85303497,31.688930511
清,隴西,北,47,104.63560486,35.007137299
清,交城,北,46,112.15599823000001,37.543998718
清,仁壽,南,46,104.14376831,30.00444603
清,南鄭,北,46,107.03518677,33.07648468
清,嘉應直隸州,南,46,116.1087265,24.3074646
清,平南,南,46,110.39473724,23.549980164
清,昌樂,北,46,118.83670807,36.703575134
清,杜爾伯特旗,北,46,124.05036399999999,46.410479
清,東安,北,46,116.74375153000001,39.370433807
清,梁山,南,46,107.78897095,30.666654587
清,永清,北,46,116.49060822,39.325710297
清,滋陽,北,46,116.82369995,35.556697845
清,漢軍正黃旗,未知,46,,
清,濟陽,北,46,117.21139245108695,36.97291316380435
清,莒州,北,46,118.83441925,35.581886292
清,虞城,北,46,115.90461731,34.519340515
清,襄陵,北,46,111.396492,36.023994446
清,連州直隸州直轄地方,南,46,112.07833099,24.77000618
清,長治,北,46,113.10348511,36.18353653
清,保山,南,45,99.166862,25.112436
清,南雄直隸州直轄地方,南,45,114.30208588,25.118843079000005
清,奉節,南,45,109.49220276,31.049325943
清,定襄,北,45,112.94377136000001,38.49269104
清,慶雲,北,45,117.40132904,37.851642609
清,景東直隸廳,南,45,100.83628844999998,24.452125549
清,永順府,南,45,109.85260773000002,29.005901337000005
清,沅州府,南,45,109.68408202999998,27.447301865
清,浮梁,南,45,117.23635864,29.382741928
清,淳安,南,45,118.96516418,29.612287521
清,湖廣道,未知,45,,
清,玉山,南,45,118.24018097,28.679601669
清,秦安,北,45,105.67270660000001,34.863220215
清,英山,南,45,115.66944885,30.742137909
清,賀縣,南,45,111.65885162,24.336818695
清,三臺,南,44,105.08757019,31.094619750999996
清,上饒,南,44,117.96488953,28.450689316
清,呈貢,南,44,102.79895782,24.901342392
清,寧州,北,44,111.9263155909091,37.06366854545455
清,永昌府,南,44,99.166862488,25.112436295
清,海城,北,44,115.75160598772727,39.095010237454545
清,清鎮,南,44,106.46762085,26.556049347
清,義寧州,南,44,114.55963135,29.038709641
清,臨淄,北,44,118.34658813,36.852378845
清,蒙化直隸廳,南,44,100.30888367000001,25.230033875
清,蓋平,北,44,122.35946655,40.397960663
清,遂安,南,44,118.73839569,29.480773925999998
清,邠州直隸州直轄地方,北,44,108.07798767,35.039657593
清,零陵,南,44,111.61256408999999,26.210338593000003
清,鳳凰直隸廳,北,44,124.06510924999999,40.454967499
清,鳳台,南,44,116.72009277000001,32.70558548
清,齊河,北,44,116.78063202,36.701076508
清,嘉魚,南,43,113.89557646883722,29.975599282279074
清,孟津,北,43,112.63837874139534,34.81378511739535
清,永濟,北,43,110.33230591000002,34.835128784
清,汶上,北,43,116.48555756000002,35.729854584
清,滕縣,北,43,117.15816498,35.086090088
清,羅田,南,43,115.39039612000002,30.790346146
清,萊蕪,北,43,117.66172791,36.205116272
清,醴陵,南,43,113.49410248,27.668518066
清,隆昌,南,43,105.27304077,29.349380492999998
清,饒平,南,43,116.82299805000001,23.982000350999996
清,吳橋,北,42,116.5037384,37.606761932
清,安肅,北,42,115.65738678,39.019435883
清,封邱,北,42,114.40882874000002,35.039676666
清,巢縣,南,42,117.86484528,31.601736068999998
清,廉州府,南,42,109.19004059,21.670145035
清,撫寧,北,42,119.23016356999999,39.884670258
清,新鄭,北,42,113.71908569,34.397323608
清,河津,北,42,110.69780731,35.587402344
清,溧水,南,42,119.0228653,31.656557083
清,玉屏,南,42,108.91154480000002,27.235931396000005
清,瓊山,南,42,110.35800171,20.00799942
清,石阡府,南,42,108.23181152,27.521961212
清,臨晉,北,42,110.55164337,35.097808838
清,鑲白旗,未知,42,,
清,長清,北,42,116.72324371,36.552829742
清,博白,南,41,109.97141266,22.27586937
清,安仁,南,41,115.83917757560977,27.90757649085366
清,宣化,南,41,108.31207275,22.806144714
清,密雲,北,41,116.84046173,40.371482849
清,新津,南,41,103.81093597,30.423536300999995
清,星子,南,41,116.04112244,29.453485489
清,林縣,北,41,113.81280518,36.06880188
清,桃源,南,41,111.47776793999999,28.901597977000005
清,海州直隸州直轄地方,北,41,119.14528656,34.570053101
清,登封,北,41,113.0246200585366,34.455818171707314
清,石城,南,41,115.8951349012195,25.98174960395122
清,簡州,南,41,104.55040741,30.390272141
清,良鄉,北,41,116.13558197,39.741252899
清,靖江,南,41,120.26318359,32.014404297
清,高陵,北,41,109.08047485,34.533325195
清,魯山,北,41,112.90193939,33.737117767
清,五臺,北,40,113.25900269000002,38.71900177
清,代州直隸州,北,40,112.94904326999999,39.060390472
清,博羅,南,40,114.27360535,23.172246933
清,射洪,南,40,105.27602385999998,30.98915863
清,延津,北,40,114.19468689,35.14276123
清,忻州直隸州,北,40,112.73120117,38.398563385
清,曲周,北,40,114.94965363000001,36.779304504
清,泌陽,南,40,113.31919098,32.723171234
清,渠縣,南,40,106.96224213,30.844326019
清,鑲黃旗,未知,40,,
清,鞏縣,北,40,113.05100250000001,34.785106659
清,中衛,北,39,105.18660736000001,37.513248444
清,寧陵,北,39,115.31536865000001,34.445976257
清,柘城,北,39,115.29646301,34.076610565
清,永豐,南,39,115.43271637000001,27.322114944000003
清,法國,未知,39,,
清,清平,北,39,116.0765686,36.754779816
清,漢陰廳,南,39,108.51544189,32.89522934
清,瑞昌,南,39,115.65447998,29.685338974000004
清,趙城,北,39,111.67524718999998,36.390411377
清,郫縣,南,39,103.88877106,30.807073593000002
清,酉陽直隸州直轄地方,南,39,108.76599884,28.841646194000003
清,寧陽,北,38,116.79001616999999,35.764396667
清,廣昌,南,38,116.31656647,26.836372375
清,昌平州,北,38,116.22367859,40.222099304
清,普安,南,38,104.95207977,25.788410187
清,海康,南,38,110.08791351,20.901958466
清,淅川,北,38,111.38159943,33.014255524
清,稷山,北,38,110.97882842999998,35.602161407
清,隨州,南,38,113.36981964000002,31.715105057000002
清,靈壽,北,38,114.36588287,38.305469513
清,餘干,南,38,116.68195342999998,28.691545486000003
清,龍陽,南,38,111.96997100000002,28.911768
清,上高,南,37,114.92675018000001,28.241369247
清,元江直隸州,南,37,102.00642395,23.604007721
清,建安,南,37,118.32378387000001,27.038864136
清,無為州,南,37,117.91131591999999,31.298515319999996
清,盩厔,北,37,108.21199036,34.171138763
清,茂名,南,37,110.85381316999998,21.919214249
清,萬全,北,37,114.73473358,40.864902496
清,達縣,南,37,107.50009155,31.226968765000002
清,開化,南,37,118.40488434,29.144849777
清,陳留,北,37,114.52452799999999,34.673195
清,靈寶,北,37,110.94149016999998,34.684616089
清,公安,南,36,112.08634565944445,29.922447401666666
清,博山,北,36,117.85346984999998,36.498119354
清,厄魯特,北,36,82.065632598545,44.901807917822
清,宜城,南,36,112.26013184444444,31.71070098930555
清,平和,南,36,117.0172348,24.253103256
清,會寧,北,36,105.05613708,35.694198608
清,朔州,北,36,112.42199707,39.307998657
清,桂陽直隸州直轄地方,南,36,112.72592926,25.741970062
清,永安,南,36,117.11828189777778,25.707036548333335
清,滿洲八旗,未知,36,,
清,臨湘,南,36,113.29286957,29.588138580000003
清,芮城,北,36,110.68829346,34.697307587
清,蒙古正黃旗,未知,36,,
清,象州,南,36,109.68245697,23.958055496
清,開平,南,36,112.54454803,22.478263855
清,什邡,南,35,104.17404175,31.134269714
清,威遠,南,35,104.65919495,29.524572371999998
清,安鄉,南,35,112.16739655,29.408679962000004
清,容城,北,35,115.86571503,39.051654816
清,巴州,南,35,106.75476074,31.849014282000002
清,常寧,南,35,112.38709259,26.40725708
清,廣寧,北,35,121.78659820999998,41.595165253
清,施南府,南,35,109.47861481,30.272258759
清,樂安,南,35,115.83177948,27.426288605
清,武鄉,北,35,112.9162674,36.826816559
清,歸化,南,35,117.19869232,26.349824905
清,犍為,南,35,103.94312286,29.209243774
清,臨清直隸州,北,35,115.70152283,36.846214294
清,饒陽,北,35,115.73602295,38.245986938
清,元城,北,34,115.14652252,36.275527954
清,吳川,南,34,110.68260193,21.350585938
清,奉賢,南,34,121.64760590000002,30.914819717
清,寧遠州,北,34,120.7135,40.6181
清,平利,南,34,109.36109924,32.400501251
清,海澄,南,34,117.85114288,24.411411285
清,漢軍鑲紅旗,未知,34,,
清,石首,南,34,112.40646362,29.724309921
清,肅寧,北,34,115.83181,38.43176651
清,藤縣,南,34,110.90428162,23.373119354
清,連城,南,34,116.74573517,25.708454132
清,鄠縣,北,34,108.60389709,34.111820221
清,階州直隸州直轄地方,北,34,104.92927551,33.39484024
清,高明,南,34,112.69558716,22.862335205
清,中牟,北,33,114.058685,34.731582
清,伏羌,北,33,105.32907867,34.739437103
清,南平,南,33,118.16918182,26.642173767
清,古田,南,33,118.78490448,26.601709366
清,堂邑,北,33,115.77484894,36.487838745
清,正紅旗,未知,33,,
清,江浦,南,33,118.61759950545455,32.064868929212125
清,沁州直隸州直轄地方,北,33,112.69898224,36.75743103
清,淮寧,北,33,114.88245392,33.733982086
清,瀘溪,南,33,117.06306,27.70296
清,貴縣,南,33,109.60844421,23.099092484
清,資陽,南,33,104.65019226,30.122671127
清,銅陵,南,33,117.787499,30.953846
清,開泰,南,33,109.13292694,26.23115921
清,陸豐,南,33,115.64108276,22.948467255
清,陽武,北,33,113.962967,35.051949
清,雙流,南,33,103.92330933,30.579893112
清,青城,北,33,117.69149017,37.187835693
清,高唐州,北,33,116.23100281,36.861621857
清,三河,北,32,117.07611847,39.982788086
清,南安府,南,32,114.35057068,25.399953842
清,吉林副都統轄區,未知,32,,
清,土黙特,北,32,111.14055522868,40.718778836967
清,寧朔,北,32,106.27397156,38.466972351
清,寶豐,北,32,113.06117249,33.871128082
清,束鹿,北,32,115.30854797,37.84853363
清,永北直隸廳,南,32,100.74803925,26.689332962
清,漢軍正藍旗,未知,32,,
清,甘州府,北,32,100.44992065,38.933113098
清,義寧,南,32,110.06330109,25.375400543
清,耒陽,南,32,112.84688568,26.41506958
清,臨縣,北,32,110.98311615,37.952896118
清,臺灣府,南,32,120.20026398,23.004150391
清,蘇尼特,北,32,112.64902144589,42.746233408223
清,蘭陽,北,32,114.81011963,34.826515198
清,西昌,南,32,102.2655,27.89835
清,詔安,南,32,117.17490387,23.705354691
清,鄢陵,北,32,114.195343,34.107433
清,酆都,南,32,107.71456146,29.887395859
清,鶴慶州,南,32,100.17927551,26.559417725
清,黔西州,南,32,106.03669739,27.034166336
清,南部,南,31,106.05858612,31.359615326
清,奉天省,北,31,123.41880798,41.787513733
清,定安,南,31,110.31812,19.70247
清,尉氏,北,31,114.18077087,34.413452148
清,平度州,北,31,119.94828033,36.788234711
清,建寧府,南,31,118.32378387,27.038864136
清,彭縣,南,31,103.94506836,30.99187851
清,東台,南,31,120.3057251,32.845481873
清,柏鄉,北,31,114.68058014,37.494689941
清,永寧州,南,31,106.59056091032258,25.718624791612903
清,汜水,北,31,113.22183228,34.836135864
清,清澗,北,31,110.1257019,37.096618652
清,澠池,北,31,111.76631165,34.765197754
清,澧州直隸州直轄地方,南,31,111.75698853,29.640151978
清,獲鹿,北,31,114.307724,38.083110809
清,膠州直隸州,北,31,120.00730133,36.30002594
清,西華,北,31,114.52444458,33.793056488
清,象山,南,31,121.86618042,29.474428177
清,貴溪,南,31,117.20227051,28.287900925
清,費縣,北,31,117.9646225,35.265209198
清,鄒縣,北,31,116.96843719,35.403820038
清,長陽,南,31,111.1914978,30.474218369
清,阜平,北,31,114.18756104,38.853050232
清,陽信,北,31,117.576309,37.640835
清,靜寧州,北,31,105.7288208,35.524097443
清,高淳,南,31,118.86151123,31.321630478
清,鬱林直隸州,南,31,110.14588165,22.632095337
清,商河,北,30,117.157547,37.308677673
清,喀喇沁,北,30,118.71037325062,41.92946159325
清,容縣,南,30,110.55103302,22.863588333
清,崇安,南,30,118.02677917,27.756025314
清,崇寧,南,30,103.82247162,30.926973343
清,懷來,北,30,115.71234894,40.346069336
清,晉州,北,30,115.03542328,38.032493591
清,曹縣,北,30,115.53945159999999,34.827587128
清,東阿,北,30,116.25223541,36.16695404099999
清,松潘直隸廳,南,30,103.59269714,32.648323059
清,桃源,北,30,118.65459442,33.685890198
清,橫州,南,30,109.26704407000001,22.692956924
清,武城,北,30,115.88630676,37.148090363
清,永綏直隸廳,南,30,109.48750305,28.587791443
清,江山,南,30,118.61593628,28.735311508
清,潼關廳,北,30,110.27365112,34.598808289
清,甕安,南,30,107.48282623,27.073068619
清,秀山,南,30,108.98787689,28.450328827
清,鄖西,南,30,110.41880035,32.995605469
清,醴泉,北,30,114.87585067500001,39.952184677
清,龍川,南,30,115.186172,24.060003
清,孝義,北,29,111.78299713,37.143001556
清,平原,北,29,116.42906952,37.157733917
清,平羅,北,29,106.54293823,38.906406403
清,建昌,南,29,115.76181792999999,29.087831497
清,會澤,南,29,103.29463959,26.420562744
清,棗陽,南,29,112.75659943,32.132022858
清,洋縣,北,29,107.54172516,33.221088409
清,深澤,北,29,115.19208526068967,38.184902184413794
清,米脂,北,29,110.21004196965518,37.76273649434483
清,義州,北,29,121.24302673,41.539394379
清,蓬溪,南,29,105.70862579,30.77637291
清,衡水,北,29,115.70572662,37.726161957
清,貴定,南,29,107.23962401999998,26.585645676
清,隆平,北,29,114.76604461999999,37.352279663
清,靖遠,北,29,104.68428802,36.565273285
清,順寧,南,29,99.910980225,24.591814041
清,上蔡,北,28,114.25935364,33.267238617
清,合江,南,28,105.82672882,28.812002181999997
清,恩平,南,28,112.30747223,22.191947937
清,新興州,南,28,102.537323,24.355510712
清,榮河,北,28,110.49099731,35.323001862
清,沭陽,北,28,118.77732086,34.134147644
清,清遠,南,28,113.02213287,23.720727921
清,瀘州直隸州,南,28,105.43700409,28.884363174000004
清,烏喇特,北,28,109.648813,40.691464
清,瑞金,南,28,116.02468108999999,25.872566223
清,臨漳,北,28,114.60707855,36.341300964
清,蓮花廳,南,28,113.95207977,27.131406784
清,鎮番,北,28,103.0888443,38.625671387
清,信宜,南,27,110.87320709,22.208301544
清,天津府,北,27,117.18782043,39.136970520000006
清,夾江,南,27,103.57241821,29.741359711
清,安縣,南,27,104.42852783,31.649503708
清,完縣,北,27,115.12358093,38.83322525
清,平陸,北,27,111.10500336000001,34.808998108
清,東川府,南,27,103.29463958999999,26.420562744
清,榮昌,南,27,105.59631348,29.412771225
清,漢軍鑲白旗,未知,27,,
清,秦州直隸州,北,27,105.71695709,34.585472107
清,翁牛特,北,27,119.01014611186,42.936398782515
清,蒙古鑲白旗,未知,27,,
清,鄆城,北,27,115.93501282,35.605060577
清,陸川,南,27,110.26680799999998,22.325252
清,靖州直隸州直轄地方,南,27,109.69477844,26.575759888
清,仙遊,南,26,118.68367004,25.364557266
清,保德直隸州直轄地方,北,26,111.07948303000002,39.01240921
清,南川,南,26,107.10467529,29.168348312
清,南靖,南,26,117.50569153,24.572994232
清,博野,北,26,115.45908355999998,38.457569122
清,原武,北,26,113.78942108,34.994548798
清,唐縣,北,26,114.96910095,38.74148941
清,奉化,南,26,121.40690613,29.651657104
清,安東,北,26,121.82194519000001,36.950536728
清,寧夏府,北,26,106.27397156,38.466972351
清,寧德,南,26,119.51727295,26.661216736000004
清,廣寧,南,26,112.43132018999998,23.642736435
清,德興,南,26,117.58011626999999,28.953411102
清,易州直隸州,北,26,115.49347687,39.34903717
清,普定,南,26,105.92786,26.24324
清,桂東,南,26,113.93312835999998,26.082670212
清,樂安,北,26,118.4003067,37.049800873
清,狄道州,北,26,103.85794067,35.379146576
清,石棣,南,26,117.94508362,30.374227524
清,竹谿,南,26,109.70951843000002,32.333389282
清,考城,北,26,114.95262146000002,34.962356567
清,蕭縣,北,26,116.93383026,34.192527771
清,薊州,北,26,117.40181731999999,40.04386505726923
清,藍田,北,26,109.32155609,34.153697968
清,裕州,北,26,112.99250793,33.26007843
清,通山,南,26,114.50382233000002,29.597150803
清,郟縣,北,26,113.20340729,33.972053528000004
清,郯城,北,26,118.3344574,34.618133545
清,開州,南,26,106.96738434,27.058855057
清,閿鄉,北,26,110.66123962,34.563278198
清,阿巴噶,北,26,114.9771078149,44.027490817602
清,隰州直隸州直轄地方,北,26,110.9306488,36.687625885
清,雩都,南,26,115.40936279,25.954086304
清,黔陽,南,26,109.8118515,27.195129395
清,齊東,北,26,117.51223755,37.109580994
清,上猶,南,25,114.53174590999998,25.796443939
清,亳州,北,25,115.77090454,33.879291534
清,信豐,南,25,114.93107605000002,25.378398895
清,垣曲,北,25,111.87705994,35.096607208
清,大竹,南,25,107.2035,30.73688
清,始興,南,25,114.06314849999998,24.945762634
清,宿州,北,25,116.9713974,33.642368317
清,寶寧,南,25,105.06199631999999,24.052821839999996
清,嶍峨,南,25,102.39842987,24.166213989
清,彌勒,南,25,103.43320465,24.409358978
清,普寧,南,25,116.20600128,23.441999435
清,武康,南,25,119.96406555,30.550453186
清,江安,南,25,105.05720519999998,28.726171494
清,河州,北,25,103.21117401,35.607284546
清,泗城府,南,25,106.57572174,24.348548889
清,漢軍鑲藍旗,未知,25,,
清,綦江,南,25,106.63931273999998,29.025259018
清,繁峙,北,25,113.285355,39.176876
清,繁昌,南,25,118.1942749,31.09056282
清,萬泉,北,25,110.79299927,35.369998932
清,贛榆,北,25,119.08838654000002,34.896659851
清,連平州,南,25,114.48235321,24.357727051
清,郾城,北,25,113.99039459,33.5962677
清,鄧川州,南,25,100.11341858,26.002378464
清,鄰水,南,25,106.91963196,30.335321426
清,鉅鹿,北,25,115.022843,37.212341
清,長葛,北,25,113.85049438,34.229904175
清,陵縣,北,25,116.577203,37.331113
清,三水,北,24,108.33258057,35.122497559
清,增城,南,24,113.82900238,23.292999268
清,天台,南,24,121.02655792,29.138257980000002
清,岐山,北,24,107.62709045000001,34.43963623
清,岑溪,南,24,111.00084685999998,22.929059982
清,府谷,北,24,111.07459999999999,39.03214
清,惠來,南,24,116.28851318,23.039129257
清,扎嚕特,北,24,120.90503457623,44.556496341221
清,敖漢,北,24,119.928518,42.722265
清,昭平,南,24,110.80361176000001,24.169122696
清,東明,北,24,115.0888443,35.298492432
清,枝江,南,24,111.50099945,30.295999527000003
清,榮縣,南,24,104.42037201,29.463897705000004
清,樂昌,南,24,113.34679412999999,25.134874344
清,武邑,北,24,115.89066314999998,37.805992126
清,清豐,北,24,115.11003876,35.9087677
清,竹山,南,24,110.22859955,32.226127625
清,絳縣,北,24,111.56132507,35.489242554
清,西充,南,24,105.8809433,31.010457993
清,龍游,南,24,119.17237854,29.034788132
清,仁懷,南,23,106.42241669,27.813129425000003
清,嘉祥,北,23,116.34297943,35.400688171
清,安西直隸廳,北,23,95.789054871,40.534412384
清,宜陽,北,23,112.16522217,34.512718201
清,寧都直隸州,南,23,116.01010132,26.466514587000002
清,廣順州,南,23,106.37185669,26.194824219
清,普洱府,南,23,101.03730774,23.066850662
清,曲陽,北,23,114.690201,38.621449
清,河源,南,23,114.69145966,23.736833572
清,洪雅,南,23,103.36970520000001,29.912813187000005
清,涉縣,北,23,113.6703949,36.56414032
清,灌縣,南,23,103.62142181,31.01439476
清,綏德直隸州,北,23,110.2540741,37.500980377
清,花縣,南,23,113.27298737,23.460483551
清,英德,南,23,113.40207671999998,24.172937393000005
清,茶陵州,南,23,113.55216979999999,26.80197525
清,萬安,南,23,114.77967832521739,26.461769186434783
清,蒙古鑲黃旗,未知,23,,
清,解州直隸州,北,23,110.85543823,34.911781311
清,遼州直隸州直轄地方,北,23,113.36799622,37.074001312
清,邢臺,北,23,114.4942627,37.066356659
清,鄖縣,南,23,110.81400299,32.833999634
清,鎮安府,南,23,106.60835266,23.332321167000003
清,鎮平,北,23,112.2348175,33.038555145
清,阜寧,南,23,119.99039459,26.883462906
清,霍山,南,23,116.32011414,31.407783508
清,霞浦,南,23,119.99039459,26.883462906
清,靈山,南,23,109.28741455,22.434591293
清,黎城,北,23,113.38002777,36.504337311
清,保靖,南,22,109.64810000000001,28.708579999999998
清,博平,北,22,116.11143494,36.587913513
清,宜良,南,22,103.1419754,24.911066054999996
清,廣南府,南,22,105.06199646,24.052822113
清,復州,北,22,121.71160126,39.733737946
清,恩安,南,22,103.71525573999999,27.34327507
清,扶風,北,22,107.86849213,34.361824036
清,招遠,北,22,120.38838196,37.352149963
清,樂清,南,22,120.95768736272727,28.13067625772727
清,武定府,北,22,117.50389099,37.482723236
清,沙縣,南,22,117.781792,26.39761
清,河西,南,22,102.63928222999999,24.141740799
清,滿洲,未知,22,,
清,潁上,南,22,116.25251006999999,32.638568878
清,甌寧,南,22,118.32378387,27.038864135999997
清,臨朐,北,22,118.54277039,36.511245728
清,舞陽,北,22,113.58689879999999,33.432571411
清,蒙古正白旗,未知,22,,
清,鎮原,北,22,107.19680786000002,35.683887482
清,陵川,北,22,113.27700806000001,35.778125763
清,雅安,南,22,102.98436736999999,29.985555648999995
清,館陶,北,22,115.40780640000001,36.65789032
清,儀封廳,北,21,114.94086455999998,34.819366455
清,南樂,北,21,115.19762421,36.077472687
清,南溪,南,21,104.97201538000002,28.847984314
清,夏津,北,21,116.00289154,36.950279236
清,大邑,南,21,103.5258255,30.601747513000003
清,定州直隸州,北,21,114.97504425,38.520061493
清,定陶,北,21,115.56661987,35.073986053
清,巴林,北,21,118.67420130879998,43.522405467303
清,建陽,南,21,118.10536957000001,27.339879990000004
清,扶溝,北,21,114.381271,34.060081
清,敘永直隸廳,南,21,105.44255065999998,28.181732178
清,東安,南,21,111.45577784714285,25.360912867714287
清,桐廬,南,21,119.66493987999999,29.802457809000003
清,永川,南,21,105.89660645,29.360286713
清,沁州直隸州,北,21,112.69898224,36.75743103
清,沈丘,北,21,115.14199829,33.179000854
清,浪穹,南,21,99.949234009,26.112699509
清,清平,南,21,107.78897858000002,26.658317566
清,渾源州,北,21,113.68489838,39.696334839
清,滎陽,北,21,113.34739685000001,34.783107758
清,福安,南,21,119.64677429000001,27.088657379
清,綏寧,南,21,110.04228973,26.500423430999998
清,綏陽,南,21,107.18325806,27.960618973
清,葉縣,北,21,113.34552765000001,33.62330246
清,蒲臺,北,21,118.02375031,37.36812973
清,行唐,北,21,114.54360961999998,38.436069489
清,西鄉,南,21,107.76036834999998,32.990272522
清,通城,南,21,113.80643463,29.261196136
清,鎮西直隸廳,北,21,93.013557434,43.592571259
清,阜城,北,21,116.14470672999998,37.868179321
清,陽江,南,21,111.95894623,21.84541893
清,陽高,北,21,113.7519989,40.354000092
清,中部,北,20,109.26381683,35.589473724
清,井研,南,20,104.07743835,29.658510208000003
清,來安,南,20,118.42687225,32.452388763
清,南漳,南,20,111.84500122,31.781999588
清,四會,南,20,112.69453430000002,23.348709106
清,壺關,北,20,113.19962310999999,36.113498688
清,宜山,南,20,108.65588379,24.490730286
清,寶雞,北,20,107.14038086000001,34.38187027
清,峽江,南,20,115.14727782999998,27.553689957
清,崇慶州,南,20,103.67260742,30.636564255000003
清,江川,南,20,102.79499817000001,24.425462723
清,深州直隸州,北,20,115.54887390000002,38.011730194
清,淶水,北,20,115.70780182000001,39.391742706
清,絳州直隸州,北,20,111.21614838,35.616409302
清,綿州直隸州,南,20,104.7492981,31.459007263
清,荊門直隸州,南,20,112.19841765999999,31.028728485
清,西平,北,20,113.95687000000001,33.384105
清,通江,南,20,107.24595642,31.925125122000004
清,邯鄲,北,20,114.47203827000001,36.593475342
清,郭爾羅斯前旗,北,20,123.54485300000002,44.738174
清,靖安,南,20,115.35664368,28.861024857
清,龍巖直隸州,南,20,117.02915955,25.103721619
清,和州直隸州,南,19,118.36112213,31.714223861999997
清,大庾,南,19,114.35057068,25.399953842
清,平遠,北,19,106.44728851,37.111183167
清,德平,北,19,116.95901298631578,37.46439958147368
清,房縣,南,19,110.72714996000002,32.058971405
清,承德府,北,19,117.91985321,40.96579361
清,武緣,南,19,108.27629089,23.16676712
清,永明,南,19,111.33644867,25.276973724
清,漢軍正紅旗,未知,19,,
清,漳平,南,19,117.40402985000001,25.289463043
清,烏珠穆沁右翼旗,北,19,117.552977,44.972274
清,當陽,南,19,111.787117,30.831510544
清,碭山,北,19,116.34024811,34.427879333
清,羅江,南,19,104.51250458,31.303993225
清,開縣,南,19,108.41950226,31.187906264999995
清,陽朔,南,19,110.48362731999998,24.777757645
清,青神,南,19,103.84510803,29.837276459
清,靖安,北,19,122.84001923000001,45.611713409
清,修武,北,18,113.43483734,35.231197357
清,內黃,北,18,114.89737701,35.953903198
清,劍州,南,18,105.46331787,32.033401489
清,南和,北,18,114.68730926999999,36.999572754
清,博興,北,18,118.12770081000001,37.13539505
清,安南,南,18,105.21588135,25.833469391
清,岳池,南,18,106.44057465,30.545619965
清,彰化,南,18,120.53527069,24.07657814
清,慶符,南,18,104.51911926,28.45467186
清,房山,北,18,115.98471832000001,39.710479736
清,揚子,南,18,119.17762755999999,32.267543793
清,文山,南,18,104.23555,23.376131
清,易門,南,18,102.14976501,24.672620773
清,會昌,南,18,115.78302002,25.584329605
清,朝陽,北,18,120.45078278,41.58008194
清,東平州,北,18,116.29917145,35.91034295805556
清,桐梓,南,18,106.8174057,28.138097763
清,汾西,北,18,111.56272888,36.650539398
清,泰順,南,18,119.71046448,27.557786942
清,洛川,北,18,109.42742157,35.761604309
清,滁州直隸州,南,18,118.30416107000002,32.316993713
清,真定,北,18,114.56364388888889,38.14011
清,穀城,南,18,111.64580536,32.269359589
清,羅源,南,18,119.54492950000001,26.490907669
清,芷江,南,18,109.68408,27.4473
清,荔浦,南,18,110.3911972,24.496013641
清,長子,北,18,112.87400055,36.119998932
清,靖江,未知,18,,
清,龍里,南,18,106.98106384,26.458335876
清,冀州直隸州,北,17,115.56381226,37.565982819
清,化州,南,17,110.62531281,21.654027939
清,南京,南,17,118.76898956,32.052562714
清,太和,北,17,115.60896301,33.165439606
清,安寧州,南,17,102.47412109,24.918441772
清,將樂,南,17,117.45501709,26.720821381
清,弋陽,南,17,117.42131011764707,28.401879529411765
清,會同,南,17,109.94715656764707,24.63646338964706
清,沅江,南,17,112.37997437,28.837835312
清,沛縣,北,17,116.80709700705881,34.634702112470585
清,海州直隸州,北,17,119.14528656,34.570053101
清,濮州,北,17,115.39218903,35.736183167
清,臨武,南,17,112.53838348,25.281507492
清,興平,北,17,108.48260498,34.298721313
清,融縣,南,17,109.24854279,25.065443039
清,西安府,北,17,108.94420624,34.266605377
清,遂溪,南,17,110.25089264,21.382980347
清,邳州,北,17,117.9630661,34.471019745
清,酃縣,南,17,113.76664734,26.496860504
清,陝州直隸州,北,17,111.14243317,34.783973694
清,雲陽,南,17,108.89149475,30.966854095
清,任縣,北,16,114.68074036,37.126075745
清,分水,南,16,119.43347168,29.923370361
清,劍川州,南,16,99.898742676,26.530956268
清,同官,北,16,109.07422638,35.133014679
清,唐古特,北,16,98.210404098483,34.914173291797
清,孝豐,南,16,119.54862213,30.585386276
清,宜章,南,16,112.94211578,25.401428223
清,寧遠,南,16,111.93868256,25.598451614
清,嶧縣,北,16,117.58720398,34.771080017
清,常山,南,16,118.50266266,28.9037323
清,平凉府,北,16,106.68569946,35.535850525
清,平山,北,16,114.19392395,38.252403259
清,平鄉,北,16,114.91841888,36.980136871
清,廣西省,南,16,110.28626251,25.280059814
清,延慶州,北,16,115.96835327,40.459693909
清,思南府,南,16,108.24182892,27.940149307
清,文縣,南,16,104.6780777,32.948001862
清,朝鮮,未知,16,,
清,欽州,南,16,108.61439514,21.951425552
清,武岡州,南,16,110.62229156,26.730705261
清,永淳,南,16,108.91420746,22.804641724
清,河曲,北,16,111.13822174,39.380226135
清,浩齊特,北,16,116.11734725203,43.938434669394
清,海門直隸廳,南,16,121.16819763,31.893732071
清,清水,北,16,106.13658142,34.746303558
清,祿豐,南,16,102.08010101,25.147397995
清,禹城,北,16,116.65238953,36.945358276
清,羅平州,南,16,104.30343628,24.883085251
清,興文,南,16,105.0863266,28.340625763
清,蒲江,南,16,103.50258636,30.214197159
清,邱縣,北,16,115.15681458,36.713916779
清,青田,南,16,120.2881546,28.143875122
清,順昌,南,16,117.80628204,26.79709053
清,丹稜,南,15,103.51226044,30.026189804
清,冠縣,北,15,115.43622589,36.473129272
清,和平,南,15,114.93235779,24.439733505
清,商水,北,15,114.59572601,33.537883759
清,土爾扈特,北,15,86.378845659643,42.323649978625
清,壽張,北,15,115.84976196,36.015430450000004
清,大田,南,15,117.83682251,25.692293167
清,威寧州,南,15,104.28983307,26.860271454
清,崇義,南,15,114.30186462,25.693590164
清,廣德直隸州直轄地方,南,15,119.4201889,30.894685745
清,成安,北,15,114.69406128,36.44134903
清,政和,南,15,118.85318756,27.372104645
清,敘浦,南,15,110.59593201,27.915643692
清,新蔡,南,15,114.97391510000001,32.751262665
清,欒城,北,15,114.6526947,37.88578033400001
清,武宣,南,15,109.65502925999999,23.596740759933333
清,永春直隸州,南,15,118.28717041,25.325790405
清,江北廳,南,15,106.52987671,29.608358383
清,海豐,南,15,115.33499908,22.975999832
清,湄潭,南,15,107.47826385,27.771949768
清,獲嘉,北,15,113.66021729,35.268127441
清,理番直隸廳,南,15,103.30924988,31.547822952
清,睢寧,北,15,117.94441986,33.899051666
清,神木,北,15,110.50092316,38.821960449
清,蒙古正紅旗,未知,15,,
清,蒙古正藍旗,未知,15,,
清,蒙古鑲紅旗,未知,15,,
清,贊皇,北,15,114.37698364,37.662654877
清,通渭,北,15,105.24948883,35.213928223
清,長泰,南,15,117.75054931999999,24.620479584
清,開化府,南,15,104.23554993,23.376131058
清,阿迷州,南,15,103.23381042,23.714904785
清,陽穀,北,15,115.88766940000001,36.222518
清,電白,南,15,111.29333496,21.512405396
清,香河,北,15,116.99597168,39.765232086
清,高苑,北,15,117.95950317,37.094287872
清,南昌府,南,14,115.89772034,28.67489624
清,合浦,南,14,109.19004059,21.670145035
清,固原州,北,14,106.27809906,36.014095306
清,安吉,南,14,119.6835556,30.720935822
清,廣宗,北,14,115.14605713,37.068099976
清,彭水,南,14,108.17095947,29.292057037
清,德慶州,南,14,111.77101898,23.146791458
清,忠州直隸州,南,14,108.03157806,30.298578262
清,恩縣,北,14,116.27578735,37.151123047
清,成都府,南,14,104.0779953,30.650384903
清,新河,北,14,115.24650574,37.529594421
清,昌化,南,14,119.21180725,30.171943664999997
清,會理州,南,14,102.23386383,26.661867142
清,歸州,南,14,110.69416046,30.999616623
清,臨邑,北,14,116.86051940999998,37.19131088299999
清,褒城,北,14,106.96926117,33.200389862
清,豐縣,北,14,116.58418274,34.703617096
清,鎮寧州,南,14,105.76355743,26.054595947
清,阿巴哈納爾左翼旗,北,14,116.069206,43.945251
清,雒南,北,14,110.13496399,34.095756531
清,青海土爾扈特,北,14,101.61158899222,34.735146379181
清,鶴峰州,南,14,110.02555083999998,29.892547607
清,鹽亭,南,14,105.37611389785715,31.229305247928572
清,來鳳,南,13,109.4048233,29.50520134
清,保安州,北,13,115.21474457,40.376556396
清,元氏,北,13,114.50881195000001,37.750030518
清,姚州,南,13,101.24246216,25.513738632
清,宜都,南,13,111.45800018,30.392000198
清,巫山,南,13,109.88886261,31.081344604
清,廣元,南,13,105.83299255,32.443889618
清,東平,北,13,125.52362823,42.66988372800001
清,榆社,北,13,112.96366119000001,37.070941925
清,榮成,北,13,122.55084229,37.363739014
清,汝州直隸州,北,13,112.83702087,34.161762238
清,沙河,北,13,114.49961853,36.936828613
清,泗州直隸州,北,13,117.87887572999999,33.478374481
清,洮州廳,北,13,103.66926575,34.67685318
清,獨山州,南,13,107.5427475,25.829072951999997
清,石泉,南,13,104.322533,31.869722
清,茂明安,北,13,110.316429,41.29036700000001
清,萬年,南,13,116.92543793000002,28.662586212
清,蒙城,北,13,116.55574799,33.268638611
清,觀城,北,13,115.37628174,35.944084167
清,許州直隸州,北,13,113.81974792,34.031391144
清,賓州,南,13,108.82836914,23.243816376
清,通許,北,13,114.45907593,34.475006104
清,金縣,北,13,104.10787201,35.846820831
清,靈璧,北,13,117.55181122,33.545761108
清,麗水,南,13,119.91300964,28.448732376000002
清,伊陽,北,12,112.45783997,34.155750275
清,內邱,北,12,114.51190000000001,37.295
清,印江,南,12,108.41129302999998,28.007593155
清,唐山,北,12,114.69869232,37.339809418
清,嘉義,南,12,120.4359,23.48334
清,均州,南,12,111.16557312000002,32.668151855
清,大姚,南,12,101.32530975000002,25.725730896
清,宜川,北,12,110.16487885,36.045173645
清,恩始,南,12,109.47861481,30.272258759
清,慈利,南,12,111.12171173,29.42634201
清,施秉,南,12,108.118927,27.037273407
清,永寧,北,12,111.65340424,34.385807037
清,沔縣,北,12,106.62171173,33.151004791
清,泰寧,南,12,117.15911102,26.898485184
清,清源,北,12,112.50899875,37.5571805
清,漢陽府,南,12,114.26192474,30.544374466000004
清,澄邁,南,12,110.11125946,19.960693359
清,澧州直隸州,南,12,111.75698853,29.640151977999995
清,白水,北,12,109.58705902000001,35.181621552
清,縉雲,南,12,120.05844115999999,28.648391724000003
清,郿縣,北,12,107.75479126,34.273563385
清,金州廳,北,12,121.69996643,39.098079681
清,開原,北,12,124.07673645,42.604393005
清,隆安,南,12,107.68495178,23.178167343
清,高臺,北,12,99.820281982,39.381217957
清,井陘,北,11,114.01778412,38.006160736
清,保德直隸州,北,11,111.07948302999999,39.01240921
清,和碩特,北,11,86.865398701557,42.271816495763
清,商州直隸州,北,11,109.9324646,33.86989212
清,嘉興府,南,11,120.75320435000002,30.767469406
清,大足,南,11,105.71048737,29.711467743
清,太原府,北,11,112.56482697,37.873752594
清,奉化,北,11,124.3314743,43.313808441
清,寧羌州,南,11,106.25431823999999,32.819629669
清,封川,南,11,111.50940704,23.400047302000004
清,廣德直隸州,南,11,119.4201889,30.894685745
清,建始,南,11,109.72627257999999,30.610687256000002
清,建平,北,11,119.71172333,41.901031494
清,懷安,北,11,114.46589661000002,40.461559296
清,新喻,南,11,114.93113708,27.804079056
清,新安,南,11,113.9185791,22.545150757
清,於潛,南,11,119.39478301999999,30.192014694
清,昌圖府,北,11,123.99481201000002,42.784221649
清,東流,南,11,116.91141510000001,30.213216782000003
清,松陽,南,11,119.48534393,28.450748444
清,正陽,南,11,114.38121032999999,32.609119415
清,永興,南,11,113.11494446,26.133934021
清,汶川,南,11,103.45999908,31.239999771
清,沁源,北,11,112.32955933,36.497116089
清,潞城,北,11,113.22114563,36.335094452
清,肥鄉,北,11,114.80310059,36.552028656
清,膚施,北,11,109.46990967,36.591808319
清,臨穎,北,11,113.93392,33.85149
清,蒙陰,北,11,117.92837521818181,35.71375277
清,襄垣,北,11,113.04076385000002,36.53458786
清,豐寧,北,11,117.197258,41.230995178
清,路南州,南,11,103.25993347000002,24.761480330999998
清,鄉寧,北,11,110.83298492,35.973175049
清,閩清,南,11,118.86249542,26.213224411
清,雞澤,北,11,114.87449646,36.924026489
清,靜樂,北,11,111.94010924999999,38.357658386
清,順義,北,11,116.6414032,40.127552032
清,餘慶,南,11,107.89310455,27.222478867000003
清,馬邑,北,11,112.60990963636364,39.35356818181818
清,騰越直隸廳,南,11,98.494979858,25.024349212999997
清,魚臺,北,11,116.46536255,34.936798096
清,鳳凰直隸廳,南,11,109.59899139,27.952386856
清,五河,北,10,117.88253021,33.139736176
清,信陽,南,10,114.069244,32.131119
清,偏關,北,10,111.49700164999999,39.442001343
清,儀隴,南,10,106.40367889,31.526845932000004
清,右玉,北,10,112.34358215,40.160369873
清,吉州,北,10,110.67517089999998,36.095630646
清,商南,北,10,110.8706665,33.530944824
清,城步,南,10,110.30921936,26.360612869
清,屏山,南,10,104.1609726,28.657144547
清,峨眉,南,10,103.48222000000001,29.601729999999996
清,建平,南,10,119.18147278,31.134151459
清,彰明,南,10,104.76447296,31.685720444000005
清,應州,北,10,113.18238068000001,39.560173035
清,懷仁,北,10,121.67661895699999,40.8307518003
清,懷柔,北,10,116.62561035000002,40.312084198
清,成武,北,10,115.87517548000001,34.962230682
清,樂至,南,10,105.02090453999999,30.286827087
清,永寧州,北,10,111.13517761,37.510105133
清,江油,南,10,104.76328278000001,31.875230789
清,洧川,北,10,113.98295593,34.288131714
清,浚縣,北,10,114.54431915,35.668384552
清,滎澤,北,10,113.53441619999998,34.874362946
清,珙縣,南,10,104.79779053,28.381191253999997
清,白河,南,10,110.1067276,32.814624786
清,石泉,北,10,108.253456,33.043373
清,福鼎,南,10,120.21307372999999,27.329774857
清,納溪,南,10,105.38172912999998,28.782062531
清,紫陽,南,10,108.53821564,32.537326813
清,翁源,南,10,113.82032013,24.375137329
清,蒙古鑲藍旗,未知,10,,
清,藁城,北,10,114.83418299999998,38.036713
清,賓川州,南,10,100.61532593,25.74773407
清,遂昌,南,10,119.26346587999998,28.587894440000003
清,遠安,南,10,111.64176178,31.068061828999998
清,邛州直隸州,南,10,103.45682526,30.416589737
清,郴州直隸州,南,10,113.02513885,25.802719116
清,陸涼州,南,10,103.66252899000001,25.032264709
清,上林,南,9,108.59114075,23.442163467
清,伯都訥直隸廳,北,9,126.05387400000001,44.988503
清,古浪,北,9,102.88088226,37.463989258
清,名山,南,9,103.09606934,30.094232559
清,四子部,北,9,111.69475189575,41.525144665822
清,壁山,南,9,106.21726227,29.599508285999995
清,太倉州,南,9,121.09863281,31.451000214
清,威縣,北,9,115.25926208,36.974178314
清,崇善,南,9,107.34480286,22.446247101
清,平番,北,9,103.25861359,36.736995697
清,平遠州,南,9,105.76309204,26.660493851
清,廣靈,北,9,114.27605438,39.763553619
清,昆陽州,南,9,102.59973907,24.673284531
清,曲江,南,9,113.60341644,24.810209274
清,望都,北,9,115.13342285000002,38.705265045
清,榆林衛,北,9,109.75387,38.29471
清,永壽,北,9,108.0439682,34.812747955
清,泗水,北,9,117.27132416,35.660743713
清,瀋陽衛,北,9,123.44959999999999,41.796033
清,環縣,北,9,107.30432129,36.573410034
清,耀州,北,9,108.97146606,34.913269043
清,通州直隸州直轄地方,南,9,120.85464478,32.010471344
清,鄭州直隸州,北,9,113.64131165,34.758075714
清,酉陽直隸州,南,9,108.76599884,28.841646194000003
清,長沙府,南,9,112.97813416,28.198198318
清,陽山,南,9,112.63826752,24.485013962
清,青海凖噶爾,北,9,100.84546795016,36.493649094827
清,五寨,北,8,111.84160614,38.900566101
清,保康,南,8,111.26708221,31.888034821
清,儋州,南,8,109.31306458,19.7166996
清,南江,南,8,106.83275604,32.361755371
清,吉林府,北,8,126.55386353,43.822780609
清,吳堡,北,8,110.7210083,37.493896484
清,大嵩衛,北,8,121.23676,36.70051
清,太湖聽,南,8,120.3997345,31.090431213
清,定邊,北,8,107.591827,37.592659
清,岢嵐州,北,8,111.56995392,38.703971863
清,延川,北,8,110.18204498,36.879646301
清,恭城,南,8,110.82196808,24.832979202
清,成縣,北,8,105.73031616,33.743564606
清,扎賚特,北,8,123.561195,46.315567
清,柰曼,北,8,120.66156944836,42.850420596234
清,樂會,南,8,110.46756744,19.14896965
清,正寧,北,8,108.20916748,35.326461792
清,永善,南,8,103.58722687,27.812229156
清,淇縣,北,8,114.19436646,35.606449127
清,淡水,南,8,121.4497,25.1777
清,淳化,北,8,108.57009125,34.80872345
清,無極,北,8,114.96936035,38.176727295
清,程鄉,南,8,116.110499625,24.315780125
清,興業,南,8,109.86953735,22.748634338
清,范縣,北,8,115.6297226,35.935287476
清,萬州,南,8,110.4074707,18.800624847
清,蒼溪,南,8,105.9330368,31.743104935
清,藍山,南,8,112.17776489,25.372411728
清,虞鄉,北,8,110.61754608,34.859409332
清,鎮沅直隸州,南,8,100.88516998,23.871788025
清,雲和,南,8,119.56375885,28.112401962
清,靈臺,北,8,107.61630249,35.071903229
清,麻陽,南,8,109.59695435,27.717134476
清,黎平府,南,8,109.13292694,26.23115921
清,乾州直隸州,北,7,108.23560333,34.53030014
清,仁化,南,7,113.74311829,25.090053558
清,仁懷直隸廳,南,7,105.69704437,28.584594727
清,保安,北,7,108.76803589,36.823207855
清,利川,南,7,108.93354034,30.299772263
清,嘉定府,南,7,103.75156402999998,29.57068634
清,嘉禾,南,7,112.35868835,25.586986542
清,固原直隸州,北,7,106.27809906,36.014095306
清,大寧,南,7,109.62246704000002,31.406133652
清,天柱,南,7,109.20043,26.90881
清,婺川,南,7,107.88851166000002,28.524732590000003
清,定番州,南,7,106.65624237,26.138755798
清,寧遠直隸廳,北,7,112.26204681,40.450847626
清,屯留,北,7,112.88244629,36.321949005
清,左雲,北,7,112.693573,40.008094788
清,平彝,南,7,104.24868011,25.672685623
清,平武,南,7,104.52972412,32.413154602
清,廣寧衛,北,7,121.7866,41.59517
清,彭山,南,7,103.86924744,30.200752258
清,從化,南,7,113.58110046,23.555425644
清,懷德,北,7,124.76160431000001,43.884075165
清,懷集,南,7,112.17923737,23.912185669
清,新寧州,南,7,107.90538025,22.64333725
清,新樂,北,7,114.78760529,38.395042419
清,昭化,南,7,105.70658875,32.33171463
清,朝城,北,7,115.57859802,36.055675507
清,柳城,南,7,109.26011658,24.527336121
清,桂陽直隸州,南,7,112.72592926,25.741970062
清,正安州,南,7,107.44736481,28.556451797
清,江華,南,7,111.58119965,25.188268661
清,清流,南,7,116.81414032,26.163520813
清,渦陽,北,7,116.21123505,33.510410309
清,湯溪,南,7,119.39997864,29.048875809
清,烏什,北,7,79.22965,41.21323
清,禮縣,北,7,105.17829132,34.191364288
清,莘縣,北,7,115.66629791,36.237743378
清,蓋州衛,北,7,122.365762,40.39957
清,西林,南,7,105.66364288,24.325756073
清,辰溪,南,7,110.18264771,28.018482208
清,遂平,北,7,113.98911285,33.147838593
清,都勻府,南,7,107.51876068,26.265653609999998
清,阿嚕科爾沁,北,7,120.06799615037,43.869880286074
清,階州直隸州,北,7,104.92927551,33.39484024
清,隴州,北,7,106.85295868,34.891407013
清,雒容,南,7,109.60910034000001,24.414520264
清,雲龍州,南,7,99.350952148,25.838472366
清,馬龍州,南,7,103.58020782000001,25.428434372
清,高邑,北,7,114.61152649,37.604755402
清,鳳縣,北,7,106.62294006,33.94524765
清,麻哈州,南,7,107.58803558,26.498538971
清,龍門,北,7,115.57267761,40.779193878
清,龍門,南,7,114.24308777,23.739284515
清,元謀,南,6,101.87662506,25.704000472999997
清,光化,南,6,111.68547821,32.405822754
清,克什克騰旗,北,6,117.75127400000001,42.754757000000005
清,台灣道,未知,6,,
清,吉林省,北,6,126.56506348,43.907131195
清,和順,北,6,113.56687927,37.331420898
清,哈密回部,北,6,93.518722534,42.819061279
清,壽寧,南,6,119.51057434,27.459596633999997
清,大通,北,6,106.09303919333333,38.52994219483333
清,安塞,北,6,109.37265778,36.75169754
清,安遠,南,6,115.39172363,25.138238907
清,尋甸州,南,6,103.25371552,25.562204361
清,岳陽,北,6,111.91692352,36.282901764
清,岷州,北,6,104.03025055,34.436454773
清,崇德,南,6,120.418739,30.530447
清,巴東,南,6,110.40453339,31.030021667
清,建水,未知,6,,
清,桑植,南,6,110.16236877,29.392684937
清,樂平,北,6,113.6968,37.608364
清,永安州,南,6,110.51979827999999,24.203248978
清,江州土州,南,6,107.38283539000001,22.316572189
清,河池州,南,6,107.84444427,24.703178405999996
清,清溪,南,6,102.61779785,29.585054398
清,漳縣,北,6,104.47213700000002,34.850636
清,灤平,北,6,117.73065186000001,40.949321747
清,琉球國,未知,6,,
清,眉州直隸州,南,6,103.83145904999999,30.050497055000005
清,石樓,北,6,110.82666779,36.995704651
清,碾伯,北,6,102.39440917999998,36.487243652
清,筠連,南,6,104.51339722,28.163547516000005
清,臺北府,南,6,121.56455799999999,25.03746
清,蒲縣,北,6,111.09680176,36.415763855
清,赤城,北,6,115.8139801,40.913486481
清,遵化直隸州,北,6,117.95798492,40.184448242
清,遼州直隸州,北,6,113.36799622,37.074001312
清,郎岱廳,南,6,105.34589386,26.096876144000003
清,鎮南州,南,6,101.27696228,25.196548462
清,雷波廳,南,6,103.57255554,28.262392044
清,霍丘,南,6,116.2607,32.33855
清,靈丘,北,6,114.22921752999999,39.437744141
清,鳳陽府,南,6,117.52367401,32.866203308
清,麟遊,北,6,107.81314087,34.683944702
清,龍山,南,6,109.43790436,29.458568572999997
清,乾州直隸州,南,5,109.68318939000001,28.264631270999995
清,冕寧,南,5,102.16570282,28.550951004
清,合水,北,5,108.11610412999998,36.018047333
清,外國,未知,5,,
清,大寧,北,5,110.74280547999999,36.469944
清,天河,南,5,108.69524384000002,24.777641296
清,定南廳,南,5,114.98815918,24.683265686
清,定海直隸廳,南,5,122.10109711,30.015159606999998
清,富川,南,5,111.26509093999998,24.824176788
清,寧夏衛,北,5,106.261898,38.478739
清,寧遠府,南,5,102.26695251,27.899814606
清,左州,南,5,107.49078368999999,22.692247391
清,平谷,北,5,117.11283875,40.136341095
清,庫車直隸州,北,5,82.964897156,41.715538025
清,延長,北,5,110.00874329000001,36.583702087
清,徐聞,南,5,110.16278076,20.329675674
清,思茅廳,南,5,101.21910095,22.613550186
清,敦煌,北,5,94.650878906,40.140525818
清,暹邏國,未知,5,,
清,松桃直隸廳,南,5,109.19438934,28.168827056999998
清,梓潼,南,5,105.15763092,31.638429642
清,武義,南,5,119.80226897999998,28.895448685
清,永康州,南,5,107.77974700999998,22.802837372
清,河南府,北,5,112.38262939,34.665275574
清,略陽,北,5,106.16130829,33.332401276
清,臨潁,北,5,113.96970000000002,33.8078
清,葭州,北,5,110.49559784,38.023292542
清,蓬州,南,5,106.36734009,31.038309097000003
清,蕩陰,北,5,114.35269165,35.925518036
清,西和,北,5,105.29072571000002,34.011928558
清,西隆州,南,5,105.33132935,24.781129837
清,趙州直隸州,北,5,114.77217865,37.752925873
清,連州直隸州,南,5,112.07833099,24.77000618
清,銅仁府,南,5,109.19268799,27.722476958999998
清,鐵嶺衛,北,5,123.83713600000002,42.289855
清,長武,北,5,107.7893219,35.205440521
清,長白府,北,5,128.19158936,41.42017746
清,陽江直隸廳直轄地方,南,5,111.95894623,21.84541893
清,隆德,北,5,106.12223816000001,35.617092133
清,霍州直隸州,北,5,111.72808075,36.5638237
清,靈州守禦千戶所,北,5,106.32814026000001,38.088890076
清,[未詳],未知,4,,
清,南掌國,未知,4,,
清,古州廳,南,4,108.51617432,25.925588608
清,咸豐,南,4,109.14425659,29.676366806
清,哈密直隸廳,北,4,93.518722534,42.819061279
清,喀喇沁旗,未知,4,,
清,壽昌,南,4,119.21963501,29.369588852
清,大同府,北,4,113.29638672,40.092838287
清,大名府,北,4,115.14649963,36.275527954
清,孝義廳,北,4,109.11320496,33.67956543
清,宣威州,南,4,104.10640717,26.218841553
清,宣恩,南,4,109.48023224,29.989572525
清,富民,南,4,102.49000549,25.232294083
清,寧明州,南,4,107.06284332,22.138446808
清,寧洋,南,4,117.36434174,25.615026474
清,嵐縣,北,4,111.5699,38.70397
清,師宗,南,4,103.99128723,24.831855774
清,平樂府,南,4,110.64649963,24.635726929
清,平魯,北,4,112.18241882,39.755214691
清,廣通,南,4,101.75338745,25.171421051
清,感恩,南,4,108.639809,18.846443
清,慶元,南,4,119.05131531,27.614202499
清,景陵,南,4,113.164116,30.65625
清,松溪,南,4,118.77461243,27.528404236
清,梅縣,未知,4,,
清,榮經,南,4,102.83731842,29.795326233
清,歸德府,北,4,115.60745239,34.385051727
清,永和,北,4,110.63348389,36.761459351
清,汝南道,未知,4,,
清,泉州府,南,4,118.58990479,24.909641266
清,海寧,南,4,120.537499,30.40628
清,玉門,北,4,97.023841858,40.273872375
清,盧溪,南,4,110.15422058,28.280029297
清,確山,南,4,114.01990509,32.807674408
清,神池,北,4,112.19473267,39.093395233
清,羅次,南,4,102.3012619,25.309247971
清,美國,未知,4,,
清,臨安府,南,4,102.8223114,23.624551773
清,臺灣省,南,4,120.67119598,24.142379761
清,興山,南,4,110.75928497,31.235250473
清,西寧府,北,4,101.78393555,36.608856201
清,諸羅,南,4,120.4358902,23.483335495
清,資州直隸州,南,4,104.84835815,29.784748077
清,輝特,北,4,95.529978,46.35424
清,通道,南,4,109.62574768,26.319410324
清,陵水,南,4,110.03392029,18.505363464
清,雲南府,南,4,102.71035004,25.045913696
清,靖邊,北,4,108.65454102,37.27047348
清,騰越廳,南,4,98.494979858,25.024349213
清,黔江,南,4,108.78370667,29.526185989
清,伊犁直隸廳,未知,3,,
清,伊通直隸州,北,3,125.29780579,43.345283508
清,來賓,南,3,109.28622437,23.700662613000002
清,保昌,南,3,114.30208733333335,25.118842
清,儀真,南,3,119.17762699999999,32.267544
清,合川,未知,3,,
清,吐魯番回部,北,3,89.190186690267,42.950826242517
清,商洛兵備道,未知,3,,
清,大關廳,南,3,103.89464569,27.753347397
清,天津衛,北,3,117.19225,39.145165
清,夷陵州,南,3,111.28711700000001,30.704229355
清,宜君,北,3,109.11310577,35.397277832
清,宣平,南,3,119.59634399,28.626228333
清,尤溪,南,3,118.18218994,26.171848297
清,屏南,南,3,119.03923034999998,27.02545929
清,川沙廳,南,3,121.6978302,31.197154999000002
清,平陽府,北,3,111.51543427,36.078037262
清,廣西布政司,未知,3,,
清,徽縣,北,3,106.08666992,33.777553558
清,新泰,北,3,117.75588226,35.909660339
清,新田,南,3,112.21015167,25.912876129
清,晃州直隸廳,南,3,109.19850922,27.38170433
清,朝陽府,北,3,120.45078278,41.58008194
清,槁城,北,3,114.83418274,38.036712646
清,欽州直隸州,南,3,108.61439514,21.951425552
清,武陽圍渡,未知,3,,
清,歸化廳,南,3,106.08313750999999,25.75327301
清,洵陽,南,3,109.37236022999998,32.831092834
清,清江廳,南,3,108.58458709999998,26.650932312
清,渭源,北,3,104.21016693,35.13948822
清,湖廣布政司,未知,3,,
清,濟寧州,北,3,116.5778656,35.410430908
清,瀋陽中衛,北,3,123.44959999999999,41.796033
清,玉環廳,南,3,121.22767639,28.140014648
清,石砫直隸廳,南,3,108.11844635,29.992769241
清,絳州,北,3,111.21614838,35.616409302
清,綏德州,北,3,110.25407409999998,37.500980377
清,臨城,北,3,114.50006104,37.43983078
清,荷蘭國,未知,3,,
清,蒙古,未知,3,,
清,蘭儀,北,3,114.81011962999999,34.826515198
清,蘭封,北,3,114.81011962999999,34.826515198
清,西寧,南,3,111.54055785999999,23.145523071
清,西藏地方,南,3,91.164253235,29.707382202
清,越巂廳,南,3,102.50377655,28.643764496
清,遷江,南,3,108.96871185000002,23.62355423
清,金州衛,北,3,121.712632,39.094965
清,長江渡,未知,3,,
清,開建,南,3,111.80409241,23.758680344
清,霑益州,南,3,103.82211304000002,25.609928131
清,青海輝特,北,3,100.6196018269,36.284124222478
清,靖州直隸州,南,3,109.69477844,26.575759888000004
清,鳳山,南,3,120.285419,22.692129000000005
清,龍州廳,南,3,106.85035706000001,22.351665497
清,上思直隸廳直轄地方,南,2,107.97879028,22.152637482
清,乳源,南,2,113.26899719,24.784000397
清,伊犁府,北,2,80.867546082,44.051719666
清,俄羅斯國,未知,2,,
清,保定府,北,2,115.48461151,38.756587982
清,內蒙古地方,未知,2,,
清,八寨廳,南,2,107.79225922,26.200057983
清,凌雲,南,2,106.57572174,24.348548889
清,北平市,未知,2,,
清,北直隸,北,2,116.368,39.93143
清,南安州,南,2,101.58805084,24.871644974
清,南寧府,南,2,108.31207275,22.806144714
清,南澳廳,南,2,117.09576416,23.455617905
清,奉錦山海關道,未知,2,,
清,孟連土司,南,2,99.591957092,22.340000153
清,安寧,未知,2,,
清,安居,南,2,106.0524,29.9764
清,安西直隸州,北,2,95.789054871,40.534412384
清,定遠廳,南,2,107.89598083,32.534290314
清,寧安府,北,2,129.47674561,44.344043732
清,寧洱,南,2,101.03730774,23.066850662
清,寧陝廳,北,2,108.31665802,33.370952606
清,山丹,北,2,101.08795929,38.781105042
清,崇信,北,2,107.04573059,35.305904388
清,崖州,南,2,109.16697693,18.375463486
清,崖州直隸州,南,2,109.16697693,18.375463486
清,嵩明州,南,2,103.03331757,25.341337204
清,巧家廳,南,2,102.92024994,26.916568756
清,巴里坤鎮迪道,未知,2,,
清,廣平府,北,2,114.7231,36.70103
清,徐州,北,2,117.18768311,34.269634247
清,慶都,北,2,115.13342,38.70527
清,應天府,南,2,118.76898956,32.052562714
清,撫順衛,北,2,123.78779,41.84528
清,新安衛,南,2,118.414815,29.865955
清,新平,南,2,101.98971558,24.075866699
清,新民廳,北,2,122.8228302,41.992038727
清,新竹,南,2,121.01298,24.826961
清,新貴,南,2,106.70911,26.58078
清,昌吉,北,2,87.30721283,44.017879486
清,昌圖廳,北,2,123.99588,42.784908
清,正定府,北,2,114.56364441,38.140110016
清,比利時,未知,2,,
清,永從,南,2,109.133255,26.038625717
清,河東道,未知,2,,
清,淮南,南,2,116.92,32.73
清,淮揚道,未知,2,,
清,漢軍八旗,未知,2,,
清,潼關衛,北,2,110.27365,34.59881
清,澎湖廳,南,2,119.577072,23.571344
清,濟東泰武臨道,未知,2,,
清,熱爾瑪尼亞國(日耳曼),未知,2,,
清,甘州中護衛,未知,2,,
清,甘泉,北,2,109.34457397,36.278625488
清,維西廳,南,2,99.285270691,27.186052322
清,羅定直隸州,南,2,111.57035065,22.766914368
清,義州衛,北,2,121.242364,41.53398
清,臨川縣縣前鋪,南,2,116.351341,27.984781
清,興義府,南,2,105.46660614,25.115333557
清,英國,未知,2,,
清,荔波,南,2,107.87840271,25.414360046
清,葉爾羌,北,2,77.23219,38.3593
清,蒲州,北,2,115.91989899,38.682151794
清,虎林直隸廳,北,2,133.65704346,45.978164673
清,解州,北,2,110.85543823,34.911781311
清,谷城,未知,2,,
清,貞豐州,南,2,105.65477753,25.387111664
清,貴德廳,北,2,101.44820404,36.053295135
清,賓川,未知,2,,
清,通化,北,2,125.92014313,41.722812653
清,達州,南,2,107.5001,31.22697
清,遼東諸道,未知,2,,
清,邠州直隸州,北,2,108.07798767,35.039657593
清,鄜州直隸州,北,2,109.36716461,35.995628357
清,鎮雄直隸州,南,2,104.86979675,27.44096756
清,阜康,北,2,87.969818115,44.160518646
清,陽江直隸州,南,2,111.95894623,21.84541893
清,雲州,南,2,100.12767029,24.448602676
清,青海喀爾喀,北,2,100.26427662519,36.636756948039
清,青海地方,未知,2,,
清,靖虜衛,北,2,104.68429,36.56527
清,高縣,南,2,104.55654144,28.392288208
清,魏縣,北,2,114.928261,36.357582
清,齊齊哈爾,北,2,123.9638443,47.344997406
清,龍陵廳,南,2,98.690383911,24.590190887
清,佛坪廳,北,1,107.74863434,33.789653778
清,保定道,未知,1,,
清,保德州,北,1,111.07948303,39.01240921
清,修仁,南,1,110.24146271,24.420543671
清,光州,南,1,115.04457855,32.130298615
清,內務府正白旗包衣,未知,1,,
清,內務府正黃旗包衣,未知,1,,
清,內務府鑲黃旗包衣,未知,1,,
清,兩當,北,1,106.29855347,33.909629822
清,南湖嘴渡,未知,1,,
清,南陽府,北,1,112.53546906,33.001678467
清,南雄直隸州,南,1,114.30208588,25.118843079
清,古丈坪廳,南,1,109.9522934,28.612243652
清,古城邨懷仁鋪,南,1,115.831779,28.100001
清,吐魯番直隸廳,北,1,89.181175232,42.940299988
清,吳城鎭鋪,南,1,115.779105,29.233615
清,唐努烏梁海旗,北,1,94.686499,50.86566
清,嘉定州,南,1,103.7515564,29.570690155
清,噶瑪蘭直隸廳,南,1,121.74083,24.757286
清,四川布政司,未知,1,,
清,夏口廳,南,1,114.28287506,30.579151154
清,大安鋪,南,1,114.36928,27.794266
清,大寧都指揮使司,未知,1,,
清,天保,南,1,106.60835266,23.332321167
清,天全,未知,1,,
清,天全州,南,1,102.75050354,30.078638077
清,天柱,未知,1,,
清,太倉,未知,1,,
清,太平廳,南,1,119.82066345,32.239208221
清,太平直隸廳,南,1,108.04597473,32.069965363
清,奉議州,南,1,106.87488556,23.710441589
清,奴兒干都司,未知,1,,
清,姚安,未知,1,,
清,安化廳,南,1,108.40900421,25.213117599
清,安平,南,1,120.20026,23.00415
清,安東衛,北,1,119.278487,35.129754
清,安義縣縣前鋪,南,1,115.549904,28.842564
清,定遼右衛,北,1,123.185473,41.267948
清,定遼後衛,北,1,123.185473,41.267948
清,宜豐,未知,1,,
清,宣府前衛,北,1,115.062525,40.614296
清,容美宣撫司,南,1,110.02555084,29.892549515
清,寧化守禦千戶所,未知,1,,
清,寧夏中衛,北,1,105.18661,37.51325
清,寧夏右屯衛,北,1,106.34757233,38.552711487
清,寧明,未知,1,,
清,寧遠衛,北,1,120.712731,40.622539
清,山海衛,北,1,119.755879,40.008409
清,峨眉,未知,1,,
清,巴林左翼旗,未知,1,,
清,常德衛,南,1,111.696781,29.032865
清,平山衛,北,1,115.98869,36.44774
清,平泉,未知,1,,
清,平順,北,1,113.430779,36.200932
清,廣寧後屯衛,北,1,121.245117,41.533588
清,廣武鎮,北,1,111.16648102,37.039382935
清,廣饒,未知,1,,
清,延安衛,北,1,109.4699,36.59181
清,延綏道,未知,1,,
清,建甌,未知,1,,
清,張家口直隸廳,北,1,114.88594055,40.791255951
清,循化廳,北,1,102.480789,35.846066
清,德安府,南,1,113.68891907,31.263713837
清,德縣,未知,1,,
清,忠州,南,1,108.03157806,30.298578262
清,忻縣,未知,1,,
清,思州府,南,1,108.73945618,27.216144562
清,懋功直隸廳,南,1,102.35507965,30.992862701
清,成山衛,北,1,122.55084,37.36374
清,敷勇衛,南,1,106.72748,26.86145
清,文山,未知,1,,
清,新疆,未知,1,,
清,新疆省,北,1,87.604064941,43.790721893
清,新登,未知,1,,
清,施州衛軍民指揮使司,未知,1,,
清,昌平,北,1,116.2237,40.2221
清,普安州,南,1,104.74359894,25.794799805
清,普定,未知,1,,
清,景寧,南,1,119.64316559,27.974431992
清,東海,未知,1,,
清,楚雄府,南,1,101.54286194,25.033065796
清,榮成,未知,1,,
清,正黃旗察哈爾,北,1,113.28035,41.224773
清,武昌府,南,1,114.31919098,30.541385651
清,永吉,未知,1,,
清,永寧直隸州,南,1,105.44120026,28.180303574
清,汀漳龍道,未知,1,,
清,汧陽,北,1,107.13385773,34.644874573
清,沁州,北,1,112.69898224,36.75743103
清,沔陽,未知,1,,
清,河北道,未知,1,,
清,泰安府,北,1,117.12718964,36.188999176
清,海州,北,1,119.14528656,34.570053101
清,海州衛,北,1,122.750152,40.849856
清,涇川,未知,1,,
清,涼州衛,北,1,102.634654,37.927196
清,淅川,南,1,111.380468,32.982345
清,淅川廳,南,1,111.37885284,32.986110687
清,淡水廳,南,1,120.957855,24.809208
清,淮陰,未知,1,,
清,淮陽,未知,1,,
清,清朝,未知,1,,
清,清遠渡津,未知,1,,
清,滁州,南,1,118.30416107,32.316993713
清,漯陽,未知,1,,
清,潁州衛,南,1,115.815715,32.883653
清,潼川州,南,1,105.08757019,31.094619751
清,澤州,北,1,112.8391571,35.504318237
清,濬縣,北,1,114.5443,35.66838
清,瀘州,南,1,105.43699646,28.88435936
清,灤縣,未知,1,,
清,烏喇特旗,北,1,109.648813,40.691464
清,無棣,未知,1,,
清,田州土州,南,1,106.90866852,23.733869553
清,盛京,未知,1,,
清,盤州廳,南,1,104.64855957,25.791627884
清,真定府,北,1,114.56363678,38.140110016
清,祿勸,南,1,102.4617157,25.562650681
清,穎州,南,1,115.809,32.90306
清,章丘,未知,1,,
清,簡陽,未知,1,,
清,綏來,北,1,86.2135849,44.296005249
清,綏東,北,1,121.76318359,42.727966309
清,緬寧廳,南,1,100.08822632,23.880025864
清,羅平,未知,1,,
清,羅陽土縣,南,1,107.87186432,22.804580688
清,義大利,未知,1,,
清,臨江府,北,1,132.51399231,47.653610229
清,臨江府,南,1,115.39898682,28.015569687
清,臨洮,未知,1,,
清,臨洮府,北,1,103.85794067,35.379146576
清,臨淮,北,1,118.468114,33.023402
清,臨清,北,1,115.701523,36.846214
清,臨高,南,1,109.68616486,19.918069839
清,臺南府,南,1,120.20026398,23.004150391
清,苗栗,南,1,120.820671,24.563507
清,茶陵,南,1,113.5521698,26.80197525
清,莊浪廳,北,1,103.25861359,36.736995697
清,萬全都指揮使司,未知,1,,
清,萬金鋪,南,1,116.209208,27.75564
清,葉城,北,1,77.416984558,37.885112762
清,蔚縣,未知,1,,
清,蕉嶺,未知,1,,
清,蘄春,未知,1,,
清,蘆山,南,1,102.92673492,30.159580231
清,蘇祿國,未知,1,,
清,處州,南,1,119.91300964,28.448732376
清,處州路,南,1,119.91300964,28.448732376
清,蠡縣,未知,1,,
清,襄樊,未知,1,,
清,西寧衛,北,1,101.78394,36.60886
清,西洋,未知,1,,
清,西藏康部,未知,1,,
清,豐順,未知,1,,
清,貴東道,未知,1,,
清,貴竹長官司,南,1,106.70910645,26.580780029
清,賓州府,北,1,127.47370911,45.753002167
清,赤峰,北,1,118.952454,42.26899
清,趙州直隸州直轄地方,北,1,114.77217865,37.752925873
清,通州,南,1,120.854645,32.010471
清,連山直隸廳,南,1,112.20438385,24.726333618
清,連山直隸廳直轄地方,南,1,112.20438385,24.726333618
清,遵化直隸州直轄地方,北,1,117.95798492,40.184448242
清,遼東巡撫,未知,1,,
清,邠縣,未知,1,,
清,鄂城,未知,1,,
清,鄞縣,未知,1,,
清,金華府,南,1,119.6499176,29.104711533
清,金門,未知,1,,
清,錦屏,未知,1,,
清,鎮海衛,南,1,118.09714,24.254719
清,鎮筸镇,未知,1,,
清,鎮遠土州,南,1,107.20731354,23.247989655
清,開元渡,未知,1,,
清,開平中屯衛,北,1,116.016235,41.575611
清,開歸陳許道,未知,1,,
清,閩候,未知,1,,
清,關西道,未知,1,,
清,阜新,北,1,121.73552704,42.049373627
清,阿克蘇城,北,1,80.260826111,41.166873932
清,雙城府,北,1,126.30462646,45.361812592
清,雲南左衛,南,1,102.707734,25.041749
清,雲夢,未知,1,,
清,靈武驛,未知,1,,
清,青浦,未知,1,,
清,青海,未知,1,,
清,靖州,南,1,109.69477844,26.575759888
清,靖海衛,北,1,122.19405,36.85748
清,餘慶,北,1,127.49924469,46.87859726
清,騰沖,未知,1,,
清,高安縣縣前鋪,南,1,115.372276,28.425598
清,高嶺鋪,南,1,116.954642,28.352606
清,鳳翔府,北,1,107.38591766,34.522518158
清,鶴峰直隸廳,南,1,110.02555084,29.892547607
清,鶴慶軍民府,南,1,100.17928314,26.559419632
清,鹽源,南,1,101.64988708,27.452289581
清,鹿江渡,未知,1,,
清,黑龍江省,北,1,123.96269226,47.34450531
