personid,name,dynasty,one_liner,bio_paragraph,word_count
3257,朱熹,宋,朱熹（1130-1200），宋人，建州人，為官者、教師：軍事教官、詩人。,朱熹，宋人，籍貫建州。生於1130年，卒於1200年。為官者、教師：軍事教官、詩人。一生主要活動於婺源、建州。與呂祖謙、真德秀、魏了翁、魏掞之、劉清之等人交遊唱和。,82
3767,蘇軾,宋,蘇軾（1036-1101），宋人，眉山人，書法家、史學家、博學之人。,蘇軾，宋人，籍貫眉山。生於1036年，卒於1101年。為書法家、史學家、博學之人。一生主要活動於開封、眉山、杭州、雅州、湖州。與黃庭堅、周必大、李之儀、陸游、釋惠洪等人交遊唱和。,89
7197,周必大,宋,周必大（1126-1204），宋人，廬陵人，宰執。,周必大，宋人，籍貫廬陵。生於1126年，卒於1204年。為宰執。一生主要活動於廬陵、平江府。與蘇軾、黃庭堅、歐陽修、向子諲、王庭珪等人交遊唱和。,72
3595,劉克莊,宋,劉克莊（1187-1269），宋人，莆田人，財政官員。,劉克莊，宋人，籍貫莆田。生於1187年，卒於1269年。為財政官員。一生主要活動於莆田。與真德秀、林希逸、蔡襄、蘇軾、方大琮等人交遊唱和。,69
1384,歐陽修,宋,歐陽修（1007-1072），宋人，新鄭人，史學家、博學之人、收藏家。,歐陽修，宋人，籍貫新鄭。生於1007年，卒於1072年。為史學家、博學之人、收藏家。一生主要活動於新鄭、廬陵。與周必大、蔡襄、尹洙、梅堯臣、蘇洵等人交遊唱和。,79
7111,黃庭堅,宋,黃庭堅（1045-1105），宋人，分寧人，書法家、詩人、史學家。,黃庭堅，宋人，籍貫分寧。生於1045年，卒於1105年。為書法家、詩人、史學家。一生主要活動於金華、分寧、宜州。與蘇軾、周必大、梁寅、李之儀、洪芻等人交遊唱和。,80
4001,魏了翁,宋,魏了翁（1178-1237），宋人，蒲江人，收徒講學、為官者、思想家。,魏了翁，宋人，籍貫蒲江。生於1178年，卒於1237年。為收徒講學、為官者、思想家。一生主要活動於蒲江、吳縣、長洲、平江府。與虞剛簡、朱熹、蘇軾、真德秀、安丙等人交遊唱和。,86
1762,王安石,宋,王安石（1021-1086），宋人，臨川人，書法家、畫家、詩人。,王安石，宋人，籍貫臨川。生於1021年，卒於1086年。為書法家、畫家、詩人。一生主要活動於臨川、江寧府。與黃庭堅、歐陽修、呂惠卿、李之儀、孫侔等人交遊唱和。,79
3624,樓鑰,宋,樓鑰（1137-1213），宋人，鄞縣人，富豪、理學家、宰執。,樓鑰，宋人，籍貫鄞縣。生於1137年，卒於1213年。為富豪、理學家、宰執。一生主要活動於鄞縣。與史浩、蘇軾、樓异、黃庭堅、婁機等人交遊唱和。,71
7055,呂祖謙,宋,呂祖謙（1137-1181），宋人，金華人，地方士人/鄉紳、史學家、理學家。,呂祖謙，宋人，籍貫金華。生於1137年，卒於1181年。為地方士人/鄉紳、史學家、理學家。一生主要活動於金華、武義、紹興府、臨安府、衢州。與朱熹、周必大、潘景憲、真德秀、汪應辰等人交遊唱和。,95
10566,楊萬里,宋,楊萬里（1127-1206），宋人，吉水人，詩人、財政官員、思想家。,楊萬里，宋人，籍貫吉水。生於1127年，卒於1206年。為詩人、財政官員、思想家。一生主要活動於吉水。與周必大、朱熹、劉承弼、余端禮、王庭珪等人交遊唱和。,77
10258,真德秀,宋,真德秀（1178-1235），宋人，浦城人，理學家、宰執、思想家。,真德秀，宋人，籍貫浦城。生於1178年，卒於1235年。為理學家、宰執、思想家。一生主要活動於浦城。與劉克莊、朱熹、魏了翁、劉宰、呂祖謙等人交遊唱和。,75
10749,葉適,宋,葉適（1150-1223），宋人，永嘉人，孝子/孝女、經世學者、財政官員。,葉適，宋人，籍貫永嘉。生於1150年，卒於1223年。為孝子/孝女、經世學者、財政官員。一生主要活動於永嘉。與林鼒、朱熹、林鼐、包昂、夏庭簡等人交遊唱和。,77
3640,陸游,宋,陸游（1125-1209），宋人，山陰人，詩人、財政官員。,陸游，宋人，籍貫山陰。生於1125年，卒於1209年。為詩人、財政官員。一生主要活動於山陰。與蘇軾、曾幾、周必大、晁說之、范成大等人交遊唱和。,71
8008,秦檜,宋,秦檜（1090-1155），宋人，江寧人，酷吏、宰執。,秦檜，宋人，籍貫江寧。生於1090年，卒於1155年。為酷吏、宰執。一生主要活動於江寧。與林季仲、鄭剛中、范同、薛徽言、程宏濟等人交遊唱和。,70
1488,司馬光,宋,司馬光（1019-1086），宋人，夏縣人，宰執、為官者、經學家—左傳。,司馬光，宋人，籍貫夏縣。生於1019年，卒於1086年。為宰執、為官者、經學家—左傳。一生主要活動於夏縣、洛陽。與范祖禹、蘇軾、朱熹、王安石、文彥博等人交遊唱和。,81
7164,張栻,宋,張栻（1133-1180），宋人，衡陽人，理學家、為官者、思想家。,張栻，宋人，籍貫衡陽。生於1133年，卒於1180年。為理學家、為官者、思想家。一生主要活動於綿竹、衡陽。與朱熹、呂祖謙、真德秀、方耒、吳翌等人交遊唱和。,77
7026,范祖禹,宋,范祖禹（1041-1098），宋人，華陽人，史學家、為官者、思想家。,范祖禹，宋人，籍貫華陽。生於1041年，卒於1098年。為史學家、為官者、思想家。一生主要活動於華陽、開封。與司馬光、蘇軾、司馬康、文彥博、趙瞻等人交遊唱和。,79
8043,范仲淹,宋,范仲淹（989-1052），宋人，吳縣人，理學家、宰執。,范仲淹，宋人，籍貫吳縣。生於989年，卒於1052年。為理學家、宰執。一生主要活動於徐州、吳縣、邠州、河南、洛陽。與尹洙、胡則、歐陽修、晏殊、張方平等人交遊唱和。,81
8078,李綱,宋,李綱（1083-1140），宋人，無錫人，宰執。,李綱，宋人，籍貫無錫。生於1083年，卒於1140年。為宰執。一生主要活動於無錫、邵武。與秦檜、朱熹、鄧肅、蘇軾、釋慧深等人交遊唱和。,67
11800,劉宰,宋,劉宰（1166-1239），宋人，金壇人，理學家、為官者。,劉宰，宋人，籍貫金壇。生於1166年，卒於1239年。為理學家、為官者。一生主要活動於金壇。與真德秀、杜範、劉蒙慶、羅愚、衛炳等人交遊唱和。,70
1649,蔡京,宋,蔡京（1047-1126），宋人，仙遊人，王安石新法支持者、財政官員、宰執。,蔡京，宋人，籍貫仙遊。生於1047年，卒於1126年。為王安石新法支持者、財政官員、宰執。一生主要活動於仙遊。與毛滂、陳次升、劉羲仲、曾孝序、章縯等人交遊唱和。,80
19123,文天祥,宋,文天祥（1236-1283），宋人，廬陵人，宰執、思想家。,文天祥，宋人，籍貫廬陵。生於1236年，卒於1283年。為宰執、思想家。一生主要活動於廬陵、吉水。與歐陽守道、何時、胡穎、王國望、王炎午等人交遊唱和。,75
3632,陸九淵,宋,陸九淵（1139-1192），宋人，金谿人，理學家、經學家、為官者。,陸九淵，宋人，籍貫金谿。生於1139年，卒於1192年。為理學家、經學家、為官者。一生主要活動於金谿。與朱熹、林夢英、曾祖道、包恢、汪堅老等人交遊唱和。,76
7364,曾鞏,宋,曾鞏（1019-1083），宋人，南豐人，史學家、藏書家、經學家。,曾鞏，宋人，籍貫南豐。生於1019年，卒於1083年。為史學家、藏書家、經學家。一生主要活動於南豐。與歐陽修、王安石、孔延之、李獻卿、章佑等人交遊唱和。,76
10565,胡銓,宋,胡銓（1102-1180），宋人，廬陵人，為官者。,胡銓，宋人，籍貫廬陵。生於1102年，卒於1180年。為官者。一生主要活動於廬陵。與周必大、王庭珪、向子諲、蕭楚、朱熹等人交遊唱和。,66
10706,王柏,宋,王柏（1197-1274），宋人，金華人，地方士人/鄉紳、畫家、詩人。,王柏，宋人，籍貫金華。生於1197年，卒於1274年。為地方士人/鄉紳、畫家、詩人。一生主要活動於金華。與朱熹、葉由庚、米芾、呂祖謙、呂祖儉等人交遊唱和。,77
630,韓琦,宋,韓琦（1008-1075），宋人，安陽人，財政官員、宰執。,韓琦，宋人，籍貫安陽。生於1008年，卒於1075年。為財政官員、宰執。一生主要活動於安陽、泉州。與歐陽修、尹洙、蘇軾、蘇洵、范仲淹等人交遊唱和。,73
3075,陳亮,宋,陳亮（1143-1194），宋人，永康人，經世學者、為官者、思想家。,陳亮，宋人，籍貫永康。生於1143年，卒於1194年。為經世學者、為官者、思想家。一生主要活動於永康。與朱熹、呂祖謙、辛棄疾、葉適、郎翥等人交遊唱和。,75
7343,孫覿,宋,孫覿（1081-1169），宋人，武進人，史學家、財政官員。,孫覿，宋人，籍貫武進。生於1081年，卒於1169年。為史學家、財政官員。一生主要活動於晉陵、武進。與鄒宗謨、張守、呂靖、董棻、莫伯虛等人交遊唱和。,74
10585,陳傅良,宋,陳傅良（1137-1203），宋人，瑞安人，為官者、思想家。,陳傅良，宋人，籍貫瑞安。生於1137年，卒於1203年。為官者、思想家。一生主要活動於瑞安。與薛季宣、朱熹、曹叔遠、林居實、葉適等人交遊唱和。,71
11134,黃榦,宋,黃榦（1152-1221），宋人，閩縣人，理學家、良吏;循吏、為官者。,黃榦，宋人，籍貫閩縣。生於1152年，卒於1221年。為理學家、良吏;循吏、為官者。一生主要活動於閩縣。與朱熹、李道傳、董銖、潘柄、林憲卿等人交遊唱和。,76
13,晁補之,宋,晁補之（1049-1106），宋人，鉅野人，書法家、為官者、畫家。,晁補之，宋人，籍貫鉅野。生於1049年，卒於1106年。為書法家、為官者、畫家。一生主要活動於鉅野、金鄉。與蘇軾、黃庭堅、李昭玘、晁端本、劉羲仲等人交遊唱和。,79
2022,楊時,宋,楊時（1053-1135），宋人，將樂人，收徒講學、理學家、財政官員。,楊時，宋人，籍貫將樂。生於1053年，卒於1135年。為收徒講學、理學家、財政官員。一生主要活動於將樂。與程顥、程頤、游酢、司馬光、曾肇等人交遊唱和。,75
10289,袁燮,宋,袁燮（1144-1224），宋人，鄞縣人，道士、為官者、思想家。,袁燮，宋人，籍貫鄞縣。生於1144年，卒於1224年。為道士、為官者、思想家。一生主要活動於鄞縣。與蘇軾、豐有俊、真德秀、李十鑑、袁桷等人交遊唱和。,74
3105,程頤,宋,程頤（1033-1107），宋人，洛陽人，削籍官員、經學家、經學家—春秋。,程頤，宋人，籍貫洛陽。生於1033年，卒於1107年。為削籍官員、經學家、經學家—春秋。一生主要活動於洛陽。與程敏政、朱熹、尹焞、魏了翁、呂大臨等人交遊唱和。,79
11328,方大琮,宋,方大琮（1183-1247），宋人，莆田人，為官者。,方大琮，宋人，籍貫莆田。生於1183年，卒於1247年。為官者。一生主要活動於莆田。與李昴英、劉克莊、林希逸、方之泰、徐鹿卿等人交遊唱和。,69
10892,陳宓,宋,陳宓（1171-1230），宋人，莆田人，理學家、良吏;循吏、為官者。,陳宓，宋人，籍貫莆田。生於1171年，卒於1230年。為理學家、良吏;循吏、為官者。一生主要活動於莆田。與真德秀、朱熹、傅伯成、孫德輿、丁焴等人交遊唱和。,77
3888,鄒浩,宋,鄒浩（1060-1111），宋人，武進人，鄉先生、為官者、思想家。,鄒浩，宋人，籍貫武進。生於1060年，卒於1111年。為鄉先生、為官者、思想家。一生主要活動於晉陵、武進。與呂嘉問、張次元、蘇頌、田晝、梁寅等人交遊唱和。,77
1759,汪應辰,宋,汪應辰（1118-1176），宋人，德安人，為官者、財政官員、思想家。,汪應辰，宋人，籍貫德安。生於1118年，卒於1176年。為官者、財政官員、思想家。一生主要活動於玉山、德安。與朱熹、呂公著、呂祖謙、司馬光、黃庭堅等人交遊唱和。,80
669,韓元吉,宋,韓元吉（1118-1187），宋人，上饒人，財政官員。,韓元吉，宋人，籍貫上饒。生於1118年，卒於1187年。為財政官員。一生主要活動於開封府、上饒。與尹焞、龐謙孺、陸游、朱熹、汪杞等人交遊唱和。,71
217,張方平,宋,張方平（1007-1091），宋人，宋城人，王安石新法反對者、財政官員、宰執。,張方平，宋人，籍貫宋城。生於1007年，卒於1091年。為王安石新法反對者、財政官員、宰執。一生主要活動於宋城。與蘇洵、蘇軾、范仲淹、蘇轍、嵇穎等人交遊唱和。,79
1651,蔡襄,宋,蔡襄（1012-1067），宋人，仙遊人，書法家、詩人、史學家。,蔡襄，宋人，籍貫仙遊。生於1012年，卒於1067年。為書法家、詩人、史學家。一生主要活動於仙遊。與歐陽修、劉克莊、周必大、唐詢、翟汝文等人交遊唱和。,75
8116,蘇頌,宋,蘇頌（1020-1101），宋人，泉州人，好金石、宰執。,蘇頌，宋人，籍貫泉州。生於1020年，卒於1101年。為好金石、宰執。一生主要活動於丹陽、泉州。與胡及、王舉正、釋擇隨、范仲淹、曾肇等人交遊唱和。,73
1493,蘇轍,宋,蘇轍（1039-1112），宋人，眉山人，財政官員、入元祐黨籍者、宰執。,蘇轍，宋人，籍貫眉山。生於1039年，卒於1112年。為財政官員、入元祐黨籍者、宰執。一生主要活動於眉山。與周必大、蘇軾、歐陽修、張方平、釋省聰等人交遊唱和。,79
559,范純仁,宋,范純仁（1027-1101），宋人，洛陽人，良吏;循吏、財政官員、入元祐黨籍者。,范純仁，宋人，籍貫洛陽。生於1027年，卒於1101年。為良吏;循吏、財政官員、入元祐黨籍者。一生主要活動於吳縣、洛陽。與畢仲游、司馬光、毌沆、司馬旦、范純粹等人交遊唱和。,86
10598,王十朋,宋,王十朋（1112-1171），宋人，樂清人，為官者。,王十朋，宋人，籍貫樂清。生於1112年，卒於1171年。為官者。一生主要活動於樂清。與王之望、杜莘老、范仲淹、張闡、趙令詪等人交遊唱和。,68
10296,袁甫,宋,袁甫（1174-1240），宋人，鄞縣人，為官者、思想家。,袁甫，宋人，籍貫鄞縣。生於1174年，卒於1240年。為官者、思想家。一生主要活動於鄞縣。與馬光祖、袁燮、陸九淵、真德秀、呂祖謙等人交遊唱和。,71
3326,韓侂胄,宋,韓侂胄（1152-1207），宋人，錢塘人，理學家、宰執。,韓侂胄，宋人，籍貫錢塘。生於1152年，卒於1207年。為理學家、宰執。一生主要活動於安陽、錢塘。與呂祖儉、李孟傳、敖陶孫、史彌遠、詹初等人交遊唱和。,75
3029,晁說之,宋,晁說之（1059-1129），宋人，上元人，畫家、詩人、經學家。,晁說之，宋人，籍貫上元。生於1059年，卒於1129年。為畫家、詩人、經學家。一生主要活動於上元、清豐、江寧、開封。與蘇軾、陸游、黃庭堅、劉羲仲、司馬光等人交遊唱和。,83
10374,賈似道,宋,賈似道（1213-1275），宋人，天台人，宰執。,賈似道，宋人，籍貫天台。生於1213年，卒於1275年。為宰執。一生主要活動於天台。與徐經孫、牟巘、李曾伯、艾可翁、呂沆等人交遊唱和。,67
15072,楊簡,宋,楊簡（1141-1226），宋人，慈溪人，為官者、思想家。,楊簡，宋人，籍貫慈溪。生於1141年，卒於1226年。為官者、思想家。一生主要活動於慈溪。與陸九淵、孫明仲、王晉老、曾熠、真德秀等人交遊唱和。,71
1558,宋祁,宋,宋祁（998-1061），宋人，雍邱人，史學家、財政官員。,宋祁，宋人，籍貫雍邱。生於998年，卒於1061年。為史學家、財政官員。一生主要活動於雍邱。與葉清臣、歐陽修、楊崇勳、張士遜、丁度等人交遊唱和。,72
3402,胡寅,宋,胡寅（1098-1156），宋人，崇安人，為官者、思想家。,胡寅，宋人，籍貫崇安。生於1098年，卒於1156年。為官者、思想家。一生主要活動於崇安。與胡安國、向子忞、向子諲、釋法讚、施庭臣等人交遊唱和。,72
7104,尹洙,宋,尹洙（1001-1047），宋人，洛陽人，為官者。,尹洙，宋人，籍貫洛陽。生於1001年，卒於1047年。為官者。一生主要活動於洛陽。與歐陽修、范仲淹、石輅、江休復、路綸等人交遊唱和。,66
3676,米芾,宋,米芾（1051-1107），宋人，吳縣人，書法家、道士、供奉內廷。,米芾，宋人，籍貫吳縣。生於1051年，卒於1107年。為書法家、道士、供奉內廷。一生主要活動於襄陽、吳縣。與李之儀、周必大、袁桷、劉克莊、袁說友等人交遊唱和。,79
211,張浚,宋,張浚（1097-1164），宋人，衡陽人，財政官員、宰執。,張浚，宋人，籍貫衡陽。生於1097年，卒於1164年。為財政官員、宰執。一生主要活動於綿竹、衡陽。與朱熹、周必大、汪應辰、魏了翁、呂頤浩等人交遊唱和。,75
3484,李之儀,宋,李之儀，宋人，當塗人，削籍官員、諸生、為官者。,李之儀，宋人，籍貫當塗。為削籍官員、諸生、為官者。一生主要活動於當塗、滄州、無棣、山陽。與蘇軾、黃庭堅、米芾、王安石、折可適等人交遊唱和。,69
7128,陳瓘,宋,陳瓘（1057-1122），宋人，沙縣人，為官者、入元祐黨籍者。,陳瓘，宋人，籍貫沙縣。生於1057年，卒於1122年。為官者、入元祐黨籍者。一生主要活動於沙縣。與釋惠洪、魏了翁、鄧肅、曾布、韋許等人交遊唱和。,72
3043,秦觀,宋,秦觀，宋人，高郵人，結社、入元祐黨籍者、為官者。,秦觀，宋人，籍貫高郵。為結社、入元祐黨籍者、為官者。一生主要活動於藤州、橫州、雷州、高郵。與蘇軾、黃庭堅、釋道潛、鮮于侁、任伋等人交遊唱和。,70
1953,文彥博,宋,文彥博（1006-1097），宋人，介休人，宰執、為官者、好金石。,文彥博，宋人，籍貫介休。生於1006年，卒於1097年。為宰執、為官者、好金石。一生主要活動於介休。與歐陽修、司馬光、蘇軾、范祖禹、王安石等人交遊唱和。,76
8175,岳飛,宋,岳飛（1103-1141），宋人，相州人，孝子/孝女、熟諳兵法韜略、軍事家、武官。,岳飛，宋人，籍貫相州。生於1103年，卒於1141年。為孝子/孝女、熟諳兵法韜略、軍事家、武官。一生主要活動於臨安府、汜水、吉州、洪州、徽州。與万俟卨、胡閎休、秦檜、戚方、楊再興等人交遊唱和。,96
33233,釋居簡,宋,釋居簡（1164-1246），宋人，歸安人，僧人。,釋居簡，宋人，籍貫歸安。生於1164年，卒於1246年。為僧人。一生主要活動於歸安、郪縣、潼川府。與釋全宗、釋如湛、釋源、釋如潔、釋賜等人交遊唱和。,74
1417,畢仲游,宋,畢仲游（1047-1121），宋人，管城人，結社、財政官員、入元祐黨籍者。,畢仲游，宋人，籍貫管城。生於1047年，卒於1121年。為結社、財政官員、入元祐黨籍者。一生主要活動於管城、應天府。與范純仁、范純粹、劉摯、李清臣、范正平等人交遊唱和。,84
12354,張耒,宋,張耒（1054-1114），宋人，淮陰人，文人、結社、為官者。,張耒，宋人，籍貫淮陰。生於1054年，卒於1114年。為文人、結社、為官者。一生主要活動於淮陰。與蘇軾、司馬光、周必大、李處道、黃庭堅等人交遊唱和。,74
504,周敦頤,宋,周敦頤（1017-1073），宋人，營道人，良吏;循吏、財政官員、思想家。,周敦頤，宋人，籍貫營道。生於1017年，卒於1073年。為良吏;循吏、財政官員、思想家。一生主要活動於營道。與朱熹、魏了翁、度正、李初平、歐陽守道等人交遊唱和。,80
333,章惇,宋,章惇（1035-1105），宋人，浦城人，財政官員、入元祐黨籍者、宰執。,章惇，宋人，籍貫浦城。生於1035年，卒於1105年。為財政官員、入元祐黨籍者、宰執。一生主要活動於吳縣、睦州、浦城。與王安石、余爽、蘇軾、安惇、呂大忠等人交遊唱和。,83
16663,孫應時,宋,孫應時（1154-1206），宋人，餘姚人，農民、理學家、為官者。,孫應時，宋人，籍貫餘姚。生於1154年，卒於1206年。為農民、理學家、為官者。一生主要活動於餘姚。與朱熹、胡撙、史浩、陸九淵、司馬儼等人交遊唱和。,74
20765,歐陽守道,宋,歐陽守道（1209-0），宋人，廬陵人，為官者、思想家。,歐陽守道，宋人，籍貫廬陵。生於1209年，卒於0年。為官者、思想家。一生主要活動於廬陵。與文天祥、歐陽修、胡履剛、包恢、朱熹等人交遊唱和。,69
3102,程顥,宋,程顥（1032-1085），宋人，洛陽人，財政官員、思想家。,程顥，宋人，籍貫洛陽。生於1032年，卒於1085年。為財政官員、思想家。一生主要活動於洛陽。與程敏政、朱熹、魏了翁、程頤、真德秀等人交遊唱和。,72
3513,李覯,宋,李覯（1009-1059），宋人，南城人，為官者。,李覯，宋人，籍貫南城。生於1009年，卒於1059年。為官者。一生主要活動於南城。與范仲淹、祖無擇、傅代言、富弼、廖夷清等人交遊唱和。,67
10578,薛季宣,宋,薛季宣（1134-1173），宋人，永嘉人，刺史幕僚（知州幕僚）、思想家。,薛季宣，宋人，籍貫永嘉。生於1134年，卒於1173年。為刺史幕僚（知州幕僚）、思想家。一生主要活動於永嘉。與汪澈、陳傅良、虞允文、薛徽言、朱熹等人交遊唱和。,79
11625,汪藻,宋,汪藻（1079-1154），宋人，德興人，博學之人、詞人、為官者。,汪藻，宋人，籍貫德興。生於1079年，卒於1154年。為博學之人、詞人、為官者。一生主要活動於德興。與袁桷、釋宗杲、吳點、趙億、范仲淹等人交遊唱和。,74
10612,林光朝,宋,林光朝（1114-1178），宋人，莆田人，財政官員。,林光朝，宋人，籍貫莆田。生於1114年，卒於1178年。為財政官員。一生主要活動於莆田。與劉克莊、林希逸、林亦之、陳昭度、卓先等人交遊唱和。,70
11087,林希逸,宋,林希逸（0-0），宋人，福清人，為官者、畫家、詩人。,林希逸，宋人，籍貫福清。生於0年，卒於0年。為官者、畫家、詩人。一生主要活動於福清。與劉克莊、林光朝、方大琮、林式之、林冑等人交遊唱和。,68
628,富弼,宋,富弼（1004-1083），宋人，洛陽人，財政官員、宰執。,富弼，宋人，籍貫洛陽。生於1004年，卒於1083年。為財政官員、宰執。一生主要活動於洛陽。與歐陽修、周必大、蘇軾、范純仁、晏殊等人交遊唱和。,71
7007,程俱,宋,程俱（1078-1144），宋人，開化人，為官者。,程俱，宋人，籍貫開化。生於1078年，卒於1144年。為官者。一生主要活動於開化。與江褒、趙子晝、釋寶聲、釋道潛、趙叔問等人交遊唱和。,67
12158,王庭珪,宋,王庭珪（1080-1172），宋人，安福人，為官者。,王庭珪，宋人，籍貫安福。生於1080年，卒於1172年。為官者。一生主要活動於安福。與周必大、向子忞、劉九垓、劉彥弼、劉茂實等人交遊唱和。,69
18938,黃震,宋,黃震（1213-1281），宋人，慈溪人，史學家、理學家、良吏;循吏。,黃震，宋人，籍貫慈溪。生於1213年，卒於1281年。為史學家、理學家、良吏;循吏。一生主要活動於慈溪。與劉直孺、汪元春、麋弇、孫子秀、余垓等人交遊唱和。,77
10173,文同,宋,文同（1018-1079），宋人，鹽亭人，畫家、史學家、為官者。,文同，宋人，籍貫鹽亭。生於1018年，卒於1079年。為畫家、史學家、為官者。一生主要活動於鹽亭。與趙抃、蘇軾、司馬光、夏脩、史潤辭等人交遊唱和。,73
3200,趙汝愚,宋,趙汝愚，宋人，餘干人，理學家、宰執。,趙汝愚，宋人，籍貫餘干。為理學家、宰執。一生主要活動於餘干。與朱熹、彭龜年、錢鍪、呂祖謙、胡紘等人交遊唱和。,54
40712,釋宗杲,宋,釋宗杲（1089-1163），宋人，宣州人，僧人。,釋宗杲，宋人，籍貫宣州。生於1089年，卒於1163年。為僧人。一生主要活動於宣州。與李邴、汪應辰、湯思退、韓駒、梁燾等人交遊唱和。,66
7097,楊億,宋,楊億（974-1020），宋人，浦城人，史學家、工於作賦、為官者。,楊億，宋人，籍貫浦城。生於974年，卒於1020年。為史學家、工於作賦、為官者。一生主要活動於浦城。與章得象、真德秀、宋湜、釋知禮、吳待問等人交遊唱和。,76
1845,王珪,宋,王珪（1019-1085），宋人，東明人，財政官員、入元祐黨籍者、宰執。,王珪，宋人，籍貫東明。生於1019年，卒於1085年。為財政官員、入元祐黨籍者、宰執。一生主要活動於華陽、廬江、東明。與高繼勳、周必大、賈昌朝、俞充、葉祖洽等人交遊唱和。,85
10755,程珌,宋,程珌（1164-1242），宋人，休寧人，為官者。,程珌，宋人，籍貫休寧。生於1164年，卒於1242年。為官者。一生主要活動於休寧。與程敏政、詹廷堅、呂公著、黃庭堅、尹焞等人交遊唱和。,67
8089,劉摯,宋,劉摯，宋人，須城人，士人、文人、經學家—春秋。,劉摯，宋人，籍貫須城。為士人、文人、經學家—春秋。一生主要活動於須城、東光。與洪咨夔、畢仲游、汪應辰、劉居正、安惇等人交遊唱和。,64
12319,余靖,宋,余靖（1000-1064），宋人，曲江人，削籍官員、地方士人/鄉紳、為邑里所重。,余靖，宋人，籍貫曲江。生於1000年，卒於1064年。為削籍官員、地方士人/鄉紳、為邑里所重。一生主要活動於曲江。與歐陽修、狄青、孫億、杜應之、祖無擇等人交遊唱和。,82
4125,尹焞,宋,尹焞（1071-1142），宋人，會稽人，收徒講學、思想家。,尹焞，宋人，籍貫會稽。生於1071年，卒於1142年。為收徒講學、思想家。一生主要活動於會稽、河南、洛陽、平江府。與程頤、朱熹、呂稽中、祁寬、馮忠恕等人交遊唱和。,81
8079,李光,宋,李光（1078-1159），宋人，上虞人，理學家、宰執。,李光，宋人，籍貫上虞。生於1078年，卒於1159年。為理學家、宰執。一生主要活動於上虞。與秦檜、蔡攸、陸游、釋宗杲、王子獻等人交遊唱和。,69
10703,呂本中,宋,呂本中（1084-1145），宋人，金華人，士人、為官者、思想家。,呂本中，宋人，籍貫金華。生於1084年，卒於1145年。為士人、為官者、思想家。一生主要活動於開封府、壽州、金華。與朱熹、周必大、汪應辰、呂祖謙、曾幾等人交遊唱和。,82
8098,陸佃,宋,陸佃，宋人，山陰人，結社、宰執、思想家。,陸佃，宋人，籍貫山陰。為結社、宰執、思想家。一生主要活動於山陰。與王安石、釋如吉、陸游、李知剛、鄭惇忠等人交遊唱和。,58
3404,胡瑗,宋,胡瑗（993-1059），宋人，如皋人，收徒講學、經學家—易經、為官者。,胡瑗，宋人，籍貫如皋。生於993年，卒於1059年。為收徒講學、經學家—易經、為官者。一生主要活動於涇州、如皋。與徐積、汪澥、苗授、管師常、管師復等人交遊唱和。,80
7064,蘇舜欽,宋,蘇舜欽（1008-1048），宋人，開封人，書法家、史學家、工於古文。,蘇舜欽，宋人，籍貫開封。生於1008年，卒於1048年。為書法家、史學家、工於古文。一生主要活動於銅山、開封、平江府。與歐陽修、范仲淹、周必大、宋武、劉克莊等人交遊唱和。,85
3580,劉敞,宋,劉敞（1019-1068），宋人，開封人，經學家—春秋、好金石、為官者。,劉敞，宋人，籍貫開封。生於1019年，卒於1068年。為經學家—春秋、好金石、為官者。一生主要活動於新喻、開封。與歐陽修、江休復、張誨、劉攽、梅堯臣等人交遊唱和。,81
27606,劉辰翁,宋,劉辰翁（1232-1297），宋人，廬陵人，書院山長、史學家、為官者。,劉辰翁，宋人，籍貫廬陵。生於1232年，卒於1297年。為書院山長、史學家、為官者。一生主要活動於樂安、廬陵。與滕斌、連文鳳、劉將孫、許嗣翁、章應子等人交遊唱和。,81
3394,胡安國,宋,胡安國（1074-1138），宋人，崇安人，理學家、為官者、思想家。,胡安國，宋人，籍貫崇安。生於1074年，卒於1138年。為理學家、為官者、思想家。一生主要活動於崇安。與朱熹、真德秀、王安石、柳貫、陳傅良等人交遊唱和。,76
3718,邵雍,宋,邵雍（1011-1077），宋人，河南人，農民、收徒講學、拒絕出仕。,邵雍，宋人，籍貫河南。生於1011年，卒於1077年。為農民、收徒講學、拒絕出仕。一生主要活動於共城、范陽、河南。與魏了翁、朱熹、司馬光、張崏、尹材等人交遊唱和。,81
3997,王禹偁,宋,王禹偁（954-1001），宋人，鉅野人，為官者。,王禹偁，宋人，籍貫鉅野。生於954年，卒於1001年。為官者。一生主要活動於鉅野。與黃庭堅、羅處約、上官知十、李允則、康延澤等人交遊唱和。,69
10543,陳著,宋,陳著（1224-?），宋人，鄞縣人，為官者、思想家。,陳著，宋人，籍貫鄞縣。生於1224年。為官者、思想家。一生主要活動於鄞縣、奉化州、武康。與白珽、史蒙卿、張伯淳、戴表元、胡立道等人交遊唱和。,70
17935,石介,宋,石介（1005-1045），宋人，奉符人，農民、經學家—易經、為官者。,石介，宋人，籍貫奉符。生於1005年，卒於1045年。為農民、經學家—易經、為官者。一生主要活動於奉符。與范諷、歐陽修、士建中、孔道輔、魏了翁等人交遊唱和。,78
10840,曹彥約,宋,曹彥約（1157-1228），宋人，都昌人，收徒講學、理學家、財政官員。,曹彥約，宋人，籍貫都昌。生於1157年，卒於1228年。為收徒講學、理學家、財政官員。一生主要活動於都昌。與度正、王允初、蔣槮、王氏(曹彥約妻)、晏殊等人交遊唱和。,82
3727,史彌遠,宋,史彌遠（1164-1233），宋人，鄞縣人，宰執。,史彌遠，宋人，籍貫鄞縣。生於1164年，卒於1233年。為宰執。一生主要活動於鄞縣。與魏了翁、宋詡、韓侂胄、張忠恕、胡敬之等人交遊唱和。,68
1220,劉攽,宋,劉攽，宋人，開封人，史學家、財政官員。,劉攽，宋人，籍貫開封。為史學家、財政官員。一生主要活動於新喻、開封。與周必大、賈黯、丁寶臣、王安石、唐詢等人交遊唱和。,59
7263,葛勝仲,宋,葛勝仲，宋人，丹陽人，經學家—春秋、為官者。,葛勝仲，宋人，籍貫丹陽。為經學家—春秋、為官者。一生主要活動於丹陽、江陰。與侍其瑋、陳與義、祝諮、葛次仲、曾孝序等人交遊唱和。,63
8113,史浩,宋,史浩（1106-1194），宋人，鄞縣人，宰執。,史浩，宋人，籍貫鄞縣。生於1106年，卒於1194年。為宰執。一生主要活動於鄞縣。與朱熹、袁桷、貝氏(史浩妻)、趙眘、戴栩等人交遊唱和。,68
12431,張九成,宋,張九成（1092-1159），宋人，錢塘人，理學家、為官者、思想家。,張九成，宋人，籍貫錢塘。生於1092年，卒於1159年。為理學家、為官者、思想家。一生主要活動於錢塘、開封。與倪稱、朱熹、都潔、戴栩、周必大等人交遊唱和。,77
27644,姚勉,宋,姚勉（1216-1262），宋人，新昌人，為官者。,姚勉，宋人，籍貫新昌。生於1216年，卒於1262年。為官者。一生主要活動於新昌。與胡宏甫、胡景顏、田倫、范子堅、牟子才等人交遊唱和。,67
3094,陳淵,宋,陳淵（0-1145），宋人，沙縣人，史學家、為官者。,陳淵，宋人，籍貫沙縣。生於0年，卒於1145年。為史學家、為官者。一生主要活動於沙縣。與胡安國、鄭億年、翁谷、翁挺、向子諲等人交遊唱和。,68
22004,陳文蔚,宋,陳文蔚（1154-1239），宋人，上饒人，理學家、士人。,陳文蔚，宋人，籍貫上饒。生於1154年，卒於1239年。為理學家、士人。一生主要活動於上饒。與朱熹、徐昭然、余大雅、余大猷、李閎祖等人交遊唱和。,72
7252,胡宏,宋,胡宏（1106-1162），宋人，崇安人，理學家、為官者、思想家。,胡宏，宋人，籍貫崇安。生於1106年，卒於1162年。為理學家、為官者、思想家。一生主要活動於崇安。與毛以謨、胡安國、朱熹、程顥、秦檜等人交遊唱和。,74
18341,柳開,宋,柳開（947-1000），宋人，大名人，良吏;循吏、為官者。,柳開，宋人，籍貫大名。生於947年，卒於1000年。為良吏;循吏、為官者。一生主要活動於大名。與臧丙、任唐徵、竇僖、呂蒙正、柳閏等人交遊唱和。,71
3279,范鎮,宋,范鎮（1008-1088），宋人，長社人，王安石新法反對者、為官者。,范鎮，宋人，籍貫長社。生於1008年，卒於1088年。為王安石新法反對者、為官者。一生主要活動於長社、華陽。與司馬光、蘇軾、黃庭堅、宋祁、范祖禹等人交遊唱和。,79
1730,杜衍,宋,杜衍（978-1057），宋人，宋城人，財政官員、宰執。,杜衍，宋人，籍貫宋城。生於978年，卒於1057年。為財政官員、宰執。一生主要活動於宋城、山陰。與歐陽修、尹洙、宋祁、蘇舜欽、范仲淹等人交遊唱和。,73
3081,陳師道,宋,陳師道（1053-1101），宋人，彭城人，好金石、為官者。,陳師道，宋人，籍貫彭城。生於1053年，卒於1101年。為好金石、為官者。一生主要活動於彭城。與黃庭堅、蘇軾、陸游、曾易占、釋道潛等人交遊唱和。,72
13378,鄭獬,宋,鄭獬（1022-1072），宋人，安陸人，富豪、為官者。,鄭獬，宋人，籍貫安陸。生於1022年，卒於1072年。為富豪、為官者。一生主要活動於安陸。與王安石、祖無擇、魯有開、鄭嶼、鄧咸等人交遊唱和。,70
3594,劉一止,宋,劉一止，宋人，歸安人，為官者。,劉一止，宋人，籍貫歸安。為官者。一生主要活動於歸安。與胡宗伋、江端友、錢觀復、臧詢、莫氏(胡宗伋妻)等人交遊唱和。,57
7005,陳襄,宋,陳襄（1017-1080），宋人，宜興人，為官者。,陳襄，宋人，籍貫宜興。生於1017年，卒於1080年。為官者。一生主要活動於宜興、侯官。與黃瑊、富弼、管師常、劉載、呂逢時等人交遊唱和。,68
13847,高斯得,宋,高斯得（1201-?），宋人，蒲江人，史學家、校堪學家、宰執。,高斯得，宋人，籍貫蒲江。生於1201年。為史學家、校堪學家、宰執。一生主要活動於蒲江。與賈似道、李心傳、魏了翁、朱熹、朱時敏等人交遊唱和。,69
10830,李石,宋,李石（1108-0），宋人，磐石人，財政官員。,李石，宋人，籍貫磐石。生於1108年，卒於0年。為財政官員。一生主要活動於磐石。與句龍復成、錢氏(句龍樑妻)、史松老、穆深之、句龍權等人交遊唱和。,73
14034,鄭剛中,宋,鄭剛中（1088-1154），宋人，金華人，熟諳兵法韜略、軍事家、為官者。,鄭剛中，宋人，籍貫金華。生於1088年，卒於1154年。為熟諳兵法韜略、軍事家、為官者。一生主要活動於金華。與秦檜、柳貫、吳師道、符授、梅執禮等人交遊唱和。,78
18049,洪咨夔,宋,洪咨夔（1176-1236），宋人，於潛人，為官者。,洪咨夔，宋人，籍貫於潛。生於1176年，卒於1236年。為官者。一生主要活動於於潛。與劉摯、魏了翁、崔與之、游佀、家大酉等人交遊唱和。,67
20743,牟巘,宋,牟巘（1227-1311），宋人，烏程人，遺民、經學家、為官者。,牟巘，宋人，籍貫烏程。生於1227年，卒於1311年。為遺民、經學家、為官者。一生主要活動於烏程、井研。與張楧、范仲淹、賈似道、釋英、戴表元等人交遊唱和。,77
1324,呂陶,宋,呂陶（1031-1107），宋人，成都人，結社、入元祐黨籍者、財政官員。,呂陶，宋人，籍貫成都。生於1031年，卒於1107年。為結社、入元祐黨籍者、財政官員。一生主要活動於成都。與田況、王安石、陳習、黎錞、古世淳等人交遊唱和。,77
30727,釋惠洪,宋,釋惠洪（1071-1128），宋人，陽安人，僧人。,釋惠洪，宋人，籍貫陽安。生於1071年，卒於1128年。為僧人。一生主要活動於陽安、新昌、豐城。與蘇軾、張商英、釋克文、毛庠、蘇庠等人交遊唱和。,72
3762,蘇洵,宋,蘇洵（1009-1066），宋人，眉山人，經學家、為官者。,蘇洵，宋人，籍貫眉山。生於1009年，卒於1066年。為經學家、為官者。一生主要活動於眉山。與歐陽修、張方平、蘇軾、蘇轍、梅堯臣等人交遊唱和。,71
10451,慕容彥逢,宋,慕容彥逢（1067-1117），宋人，宜興人，為官者。,慕容彥逢，宋人，籍貫宜興。生於1067年，卒於1117年。為官者。一生主要活動於宜興。與蔣瑎、葛書思、單子發、趙叔驍、趙叔濋等人交遊唱和。,69
30359,辛棄疾,宋,辛棄疾（1140-1207），宋人，歷城人，書法家、士人、義軍首領。,辛棄疾，宋人，籍貫歷城。生於1140年，卒於1207年。為書法家、士人、義軍首領。一生主要活動於歷城、錢塘、鉛山、上饒、鎮江府。與袁桷、朱熹、趙希懌、陳成父、周必大等人交遊唱和。,89
375,趙抃,宋,趙抃（1008-1084），宋人，西安人，財政官員、宰執。,趙抃，宋人，籍貫西安。生於1008年，卒於1084年。為財政官員、宰執。一生主要活動於西安。與朱熹、蘇軾、蘇洵、任大中、晁說之等人交遊唱和。,70
3144,張孝祥,宋,張孝祥（1132-1170），宋人，蕪湖人，為官者。,張孝祥，宋人，籍貫蕪湖。生於1132年，卒於1170年。為官者。一生主要活動於歷陽、蕪湖。與朱熹、釋宗杲、張孝祥、謝堯仁、謝伋等人交遊唱和。,70
17116,李昴英,宋,李昴英（1201-1257），宋人，番禺人，為官者。,李昴英，宋人，籍貫番禺。生於1201年，卒於1257年。為官者。一生主要活動於番禺。與方大琮、崔與之、胡元琰、真德秀、許巨川等人交遊唱和。,69
1062,李彌遜,宋,李彌遜（1089-1153），宋人，吳縣人，為官者、財政官員。,李彌遜，宋人，籍貫吳縣。生於1089年，卒於1153年。為官者、財政官員。一生主要活動於連江、吳縣。與李彌大、朱熹、蘇軾、蔡襄、邵搏等人交遊唱和。,73
12066,衛涇,宋,衛涇（1159-1226），宋人，崑山人，宰執。,衛涇，宋人，籍貫崑山。生於1159年，卒於1226年。為宰執。一生主要活動於嘉興、崑山。與蓋經、史彌遠、章氏(蓋經妻)、曾耆年、程卓等人交遊唱和。,73
1314,呂公著,宋,呂公著（1018-1089），宋人，開封人，財政官員、入元祐黨籍者、宰執。,呂公著，宋人，籍貫開封。生於1018年，卒於1089年。為財政官員、入元祐黨籍者、宰執。一生主要活動於壽州、開封。與歐陽修、汪應辰、蘇軾、司馬光、朱熹等人交遊唱和。,82
19840,呂南公,宋,呂南公，宋人，南城人，士人。,呂南公，宋人，籍貫南城。為士人。一生主要活動於南城。與傅公濟、王嚮、陳君益、傅濟道、曾景初等人交遊唱和。,52
19865,李公麟,宋,李公麟（1049-1106），宋人，桐城人，詩人、鑒賞家、甲骨文專家。,李公麟，宋人，籍貫桐城。生於1049年，卒於1106年。為詩人、鑒賞家、甲骨文專家。一生主要活動於桐城。與黃庭堅、周必大、袁桷、李之儀、周紫芝等人交遊唱和。,78
1310,呂頤浩,宋,呂頤浩（1071-1139），宋人，臨海人，財政官員、宰執。,呂頤浩，宋人，籍貫臨海。生於1071年，卒於1139年。為財政官員、宰執。一生主要活動於臨海、歷城、樂陵、齊州。與李端行、范純仁、王欽臣、苗傅、富直柔等人交遊唱和。,82
1450,沈括,宋,沈括（1029-1093），宋人，吳縣人，天文學家（星象家）、數學家、博學之人。,沈括，宋人，籍貫吳縣。生於1029年，卒於1093年。為天文學家（星象家）、數學家、博學之人。一生主要活動於吳縣、錢塘。與賈士彥、張蒭、吳伯舉、田氏(李頎妻)、施氏(胡宗質妻)等人交遊唱和。,95
11391,王邁,宋,王邁（1185-1248），宋人，仙遊人，財政官員。,王邁，宋人，籍貫仙遊。生於1185年，卒於1248年。為財政官員。一生主要活動於仙遊、莆田。與真德秀、劉克莊、方審權、方棐、林磻等人交遊唱和。,71
40774,杜範,宋,杜範（1182-1245），宋人，黃巖人，宰執、理學家。,杜範，宋人，籍貫黃巖。生於1182年，卒於1245年。為宰執、理學家。一生主要活動於黃巖。與劉宰、朱熹、應恕、杜範、夏思恭等人交遊唱和。,68
1309,呂惠卿,宋,呂惠卿（1032-1111），宋人，晉江人，財政官員、思想家、宰執。,呂惠卿，宋人，籍貫晉江。生於1032年，卒於1111年。為財政官員、思想家、宰執。一生主要活動於晉江。與王安石、曾布、李昭遠、歐陽修、章惇等人交遊唱和。,76
7211,范成大,宋,范成大（1126-1193），宋人，崑山人，詩人、為官者。,范成大，宋人，籍貫崑山。生於1126年，卒於1193年。為詩人、為官者。一生主要活動於吳縣、崑山。與陸游、周必大、袁說友、胡元質、牟巘等人交遊唱和。,74
11663,呂大臨,宋,呂大臨（1044-1091），宋人，藍田人，博學之人、學官、思想家。,呂大臨，宋人，籍貫藍田。生於1044年，卒於1091年。為博學之人、學官、思想家。一生主要活動於藍田。與程頤、汪應辰、程顥、乞伏某、李庠彭等人交遊唱和。,76
14973,劉爚,宋,劉爚（1144-1216），宋人，建陽人，理學家、經學家—禮經、財政官員。,劉爚，宋人，籍貫建陽。生於1144年，卒於1216年。為理學家、經學家—禮經、財政官員。一生主要活動於建陽。與朱熹、真德秀、胡安國、章謙亨、范純仁等人交遊唱和。,80
8051,韓維,宋,韓維（1017-1098），宋人，雍邱人，結社、宰執、入元祐黨籍者。,韓維，宋人，籍貫雍邱。生於1017年，卒於1098年。為結社、宰執、入元祐黨籍者。一生主要活動於雍邱。與范純仁、司馬光、晏殊、富弼、李昭亮等人交遊唱和。,76
1707,曾布,宋,曾布（1036-1107），宋人，丹徒人，財政官員、入元祐黨籍者、宰執。,曾布，宋人，籍貫丹徒。生於1036年，卒於1107年。為財政官員、入元祐黨籍者、宰執。一生主要活動於丹徒、南豐。與呂惠卿、曾肇、陳次升、葉祖洽、章惇等人交遊唱和。,81
3655,呂祖儉,宋,呂祖儉（?- 1198），宋人，金華人，削籍官員、為官者、思想家。,呂祖儉，宋人，籍貫金華。卒於1198年。為削籍官員、為官者、思想家。一生主要活動於金華。與朱熹、真德秀、韓侂胄、陳傅良、吳師道等人交遊唱和。,70
13239,劉清之,宋,劉清之（1134-1190），宋人，廬陵人，理學家、為官者、思想家。,劉清之，宋人，籍貫廬陵。生於1134年，卒於1190年。為理學家、為官者、思想家。一生主要活動於廬陵、清江。與朱熹、周必大、呂祖謙、陳傅良、真德秀等人交遊唱和。,80
19880,王應麟,宋,王應麟（1223-1296），宋人，鄞縣人，經學家、經學家—尚書、考據學家。,王應麟，宋人，籍貫鄞縣。生於1223年，卒於1296年。為經學家、經學家—尚書、考據學家。一生主要活動於鄞縣。與袁桷、王庭秀、袁燮、文天祥、沈煥等人交遊唱和。,79
715,向子諲,宋,向子諲（1086-1153），宋人，清江人，財政官員。,向子諲，宋人，籍貫清江。生於1086年，卒於1153年。為財政官員。一生主要活動於清江、開封府、開封。與周必大、秦檜、釋宗杲、魏了翁、陸游等人交遊唱和。,76
3294,方逢辰,宋,方逢辰（1221-1291），宋人，淳安人，為官者、收徒講學、隱居（有隱德）。,方逢辰，宋人，籍貫淳安。生於1221年，卒於1291年。為官者、收徒講學、隱居（有隱德）。一生主要活動於淳安。與何夢桂、林景熙、黃溍、賈似道、鄭清之等人交遊唱和。,81
8024,趙鼎,宋,趙鼎（1085-1147），宋人，聞喜人，宰執。,趙鼎，宋人，籍貫聞喜。生於1085年，卒於1147年。為宰執。一生主要活動於聞喜、錢塘。與汪應辰、周必大、蔡戡、翁蒙之、句龍如淵等人交遊唱和。,71
8170,虞允文,宋,虞允文（1110-1174），宋人，仁壽人，宰執。,虞允文，宋人，籍貫仁壽。生於1110年，卒於1174年。為宰執。一生主要活動於仁壽。與魏了翁、周必大、薛季宣、員興宗、李流謙等人交遊唱和。,69
15459,陳造,宋,陳造（1133-1203），宋人，高郵人，為官者。,陳造，宋人，籍貫高郵。生於1133年，卒於1203年。為官者。一生主要活動於高郵。與張頠、趙師𢍰、毛滂、夏竦、應武等人交遊唱和。,64
15501,馬廷鸞,宋,馬廷鸞（1222-1289），宋人，樂平人，經學家、工於文、詞人。,馬廷鸞，宋人，籍貫樂平。生於1222年，卒於1289年。為經學家、工於文、詞人。一生主要活動於樂平。與馬巖甫、段氏(馬廷鸞母)、黎廷瑞、朱熠、馬駿孺等人交遊唱和。,81
19699,張元幹,宋,張元幹（1092-1161），宋人，長樂人，為官者。,張元幹，宋人，籍貫長樂。生於1092年，卒於1161年。為官者。一生主要活動於長樂。與米芾、蘇庠、李彌遜、鄧肅、吳縝等人交遊唱和。,65
25127,羅從彥,宋,羅從彥（1072-1135），宋人，劍浦人，理學家、經學家—春秋、士人。,羅從彥，宋人，籍貫劍浦。生於1072年，卒於1135年。為理學家、經學家—春秋、士人。一生主要活動於劍浦、南劍州。與朱熹、司馬光、高斯得、石公轍、富弼等人交遊唱和。,82
1641,丁謂,宋,丁謂（966-1037），宋人，長洲人，詩人、音樂學家、圍棋棋手。,丁謂，宋人，籍貫長洲。生於966年，卒於1037年。為詩人、音樂學家、圍棋棋手。一生主要活動於長洲。與黎仲吉、劉克莊、任中正、王欽若、寇準等人交遊唱和。,76
1959,吳潛,宋,吳潛（0-0），宋人，建昌軍人，削籍官員、宰執、為官者。,吳潛，宋人，籍貫建昌軍。生於0年，卒於0年。為削籍官員、宰執、為官者。一生主要活動於循州、建昌軍。與梅應發、魏了翁、史彌遠、孫夢觀、袁桷等人交遊唱和。,75
13565,李昭玘,宋,李昭玘（0-0），宋人，鉅野人，結社、為官者、入元祐黨籍者。,李昭玘，宋人，籍貫鉅野。生於0年，卒於0年。為結社、為官者、入元祐黨籍者。一生主要活動於鉅野、齊州。與蘇軾、晁補之、晁端禮、晁公秉、王彥博等人交遊唱和。,76
14228,周紫芝,宋,周紫芝（0-0），宋人，宣城人，為官者。,周紫芝，宋人，籍貫宣城。生於0年，卒於0年。為官者。一生主要活動於宣城。與洪芻、蘇軾、晁補之、席益、蘇庠等人交遊唱和。,59
27826,何夢桂,宋,何夢桂（0-0），宋人，淳安人，經學家—易經、為官者、拒絕出仕。,何夢桂，宋人，籍貫淳安。生於0年，卒於0年。為經學家—易經、為官者、拒絕出仕。一生主要活動於淳安。與方逢辰、夾谷之奇、邵桂子、林景熙、邵之才等人交遊唱和。,77
703,夏竦,宋,夏竦（985-1051），宋人，開封人，良吏;循吏、甲骨文專家、財政官員。,夏竦，宋人，籍貫開封。生於985年，卒於1051年。為良吏;循吏、甲骨文專家、財政官員。一生主要活動於德安、開封。與司馬光、王欽若、范仲淹、張方平、田況等人交遊唱和。,83
2073,晏殊,宋,晏殊（991-1055），宋人，陽翟人，詩人、史學家、財政官員。,晏殊，宋人，籍貫陽翟。生於991年，卒於1055年。為詩人、史學家、財政官員。一生主要活動於陽翟、臨川。與歐陽修、范仲淹、富弼、魏了翁、孔道輔等人交遊唱和。,78
7030,黃伯思,宋,黃伯思（1079-1118），宋人，邵武人，書法家、畫家、詩人。,黃伯思，宋人，籍貫邵武。生於1079年，卒於1118年。為書法家、畫家、詩人。一生主要活動於邵武。與袁液、王質夫、司馬樟、次明、李表伯等人交遊唱和。,74
7059,梅堯臣,宋,梅堯臣（1002-1060），宋人，宣城人，詩人、為官者。,梅堯臣，宋人，籍貫宣城。生於1002年，卒於1060年。為詩人、為官者。一生主要活動於宣城。與歐陽修、蘇洵、曹偕、謝絳、蘇軾等人交遊唱和。,69
898,寇準,宋,寇準（961-1023），宋人，下邽人，好金石、財政官員、宰執。,寇準，宋人，籍貫下邽。生於961年，卒於1023年。為好金石、財政官員、宰執。一生主要活動於下邽。與王十朋、丁謂、呂大臨、陸游、徐經孫等人交遊唱和。,74
10882,陳淳,宋,陳淳（1159-1223），宋人，龍溪人，理學家、孝子/孝女、士人。,陳淳，宋人，籍貫龍溪。生於1159年，卒於1223年。為理學家、孝子/孝女、士人。一生主要活動於龍溪。與卓琮、郭叔雲、鄭思忱、林易簡、徐寓等人交遊唱和。,76
11658,張載,宋,張載（1020-1077），宋人，郿縣人，收徒講學、經學家、為官者。,張載，宋人，籍貫郿縣。生於1020年，卒於1077年。為收徒講學、經學家、為官者。一生主要活動於郿縣、開封。與范育、程頤、呂大臨、程顥、呂大防等人交遊唱和。,78
8017,張守,宋,張守，宋人，武進人，宰執。,張守，宋人，籍貫武進。為宰執。一生主要活動於晉陵、武進。與司馬光、周麟之、胡交脩、詹抃、唐介等人交遊唱和。,53
8064,胡宿,宋,胡宿（996-1067），宋人，武進人，詩人、宰執。,胡宿，宋人，籍貫武進。生於996年，卒於1067年。為詩人、宰執。一生主要活動於晉陵、武進。與歐陽修、袁燮、鄧肅、李氏(胡霖妻)、張士遜等人交遊唱和。,75
10727,何基,宋,何基（1188-1268），宋人，金華人，地方士人/鄉紳、史學家、理學家。,何基，宋人，籍貫金華。生於1188年，卒於1268年。為地方士人/鄉紳、史學家、理學家。一生主要活動於金華。與金履祥、吳師道、張潤之、季鏞、葉由庚等人交遊唱和。,80
12157,劉弇,宋,劉弇（1048-1102），宋人，安福人，為官者。,劉弇，宋人，籍貫安福。生於1048年，卒於1102年。為官者。一生主要活動於安福。與蔡卞、葉謙甫、歐陽通、李清臣、呂惠卿等人交遊唱和。,67
12988,楊傑,宋,楊傑，宋人，冀寧路人，為官者。,楊傑，宋人，籍貫冀寧路。為官者。一生主要活動於無為、冀寧路。與釋從雅、趙令蠙、范仲淹、蘇軾、李氏(夏安期妻)等人交遊唱和。,61
13460,華鎮,宋,華鎮（0-0），宋人，會稽人，為官者。,華鎮，宋人，籍貫會稽。生於0年，卒於0年。為官者。一生主要活動於會稽。與蔡卞、程師孟、梁燾、劉斁、呂公著等人交遊唱和。,59
21180,方岳,宋,方岳（1199-1262），宋人，歙縣人，士人、史學家、工於駢體文。,方岳，宋人，籍貫歙縣。生於1199年，卒於1262年。為士人、史學家、工於駢體文。一生主要活動於歙縣。與柯維翰、丁大全、徐拱、釋大才、岳飛等人交遊唱和。,76
8061,許景衡,宋,許景衡（1072-1128），宋人，永嘉人，宰執。,許景衡，宋人，籍貫永嘉。生於1072年，卒於1128年。為宰執。一生主要活動於永嘉。與陳氏(許景衡妻)、左緯、張叔夜、林季仲、丁昌期等人交遊唱和。,73
13810,度正,宋,度正（0-0），宋人，石照人，理學家、為官者。,度正，宋人，籍貫石照。生於0年，卒於0年。為理學家、為官者。一生主要活動於石照。與朱熹、程公許、呂夷簡、章良肱、魏了翁等人交遊唱和。,66
3298,方臘,宋,方臘（0-0），宋人，清溪人，叛臣。,方臘，宋人，籍貫清溪。生於0年，卒於0年。為叛臣。一生主要活動於清溪。與童貫、朱勔、薛良貴、毛㮚、錢遹等人交遊唱和。,58
3583,劉跂,宋,劉跂（0-0），宋人，清江人，好金石、為官者。,劉跂，宋人，籍貫清江。生於0年，卒於0年。為好金石、為官者。一生主要活動於清江、將陵、東光。與李常武、任宗誼、趙君錫、趙明誠、田述古等人交遊唱和。,73
7138,強至,宋,強至（1022-1076），宋人，錢塘人，為官者。,強至，宋人，籍貫錢塘。生於1022年，卒於1076年。為官者。一生主要活動於錢塘。與賈昌朝、陸詵、歐陽修、文彥博、李中師等人交遊唱和。,67
10767,包恢,宋,包恢（1182-1268），宋人，南城人，為官者、理學家、財政官員。,包恢，宋人，籍貫南城。生於1182年，卒於1268年。為官者、理學家、財政官員。一生主要活動於南城。與陸九淵、吳榘、朱熹、歐陽守道、吳師道等人交遊唱和。,76
15296,鄭俠,宋,鄭俠（1041-1119），宋人，福清人，為官者、入元祐黨籍者。,鄭俠，宋人，籍貫福清。生於1041年，卒於1119年。為官者、入元祐黨籍者。一生主要活動於福清。與王安石、方叔完、林絢、劉康夫、李天與等人交遊唱和。,74
272,張商英,宋,張商英（1043-1121），宋人，新津人，好金石、財政官員、入元祐黨籍者。,張商英，宋人，籍貫新津。生於1043年，卒於1121年。為好金石、財政官員、入元祐黨籍者。一生主要活動於新津、夔州路。與釋惠洪、來之邵、凌戡、蔡肇、黃伯思等人交遊唱和。,84
3897,宗澤,宋,宗澤（1059-1128），宋人，義烏人，為官者。,宗澤，宋人，籍貫義烏。生於1059年，卒於1128年。為官者。一生主要活動於義烏。與岳飛、程全、邢煥、許景衡、釋宗杲等人交遊唱和。,65
9010,趙構,宋,趙構（1107-1187），宋人，錢塘人，宗子、統治者、皇帝。,趙構，宋人，籍貫錢塘。生於1107年，卒於1187年。為宗子、統治者、皇帝。一生主要活動於錢塘、開封。與周必大、張嵲、岳飛、劉克莊、唐士恥等人交遊唱和。,76
14856,尤袤,宋,尤袤（1127-1194），宋人，無錫人，富豪、為官者。,尤袤，宋人，籍貫無錫。生於1127年，卒於1194年。為富豪、為官者。一生主要活動於無錫。與朱熹、周必大、呂祖謙、汪應辰、陸游等人交遊唱和。,70
34892,釋道璨,宋,釋道璨（0-0），宋人，南昌人，僧人。,釋道璨，宋人，籍貫南昌。生於0年，卒於0年。為僧人。一生主要活動於南昌。與釋祖欽、釋德霑、釋德雲、方逢辰、周應合等人交遊唱和。,63
870,洪适,宋,洪适（1117-1184），宋人，鄱陽人，為官者、財政官員、宰執。,洪适，宋人，籍貫鄱陽。生於1117年，卒於1184年。為官者、財政官員、宰執。一生主要活動於鄱陽。與吳說、許及之、王厚之、朱氏(夏康佐母)、周必大等人交遊唱和。,80
10884,陳俊卿,宋,陳俊卿（1113-1186），宋人，莆田人，宰執。,陳俊卿，宋人，籍貫莆田。生於1113年，卒於1186年。為宰執。一生主要活動於莆田。與朱熹、林光朝、秦檜、呂祖謙、魏了翁等人交遊唱和。,67
15269,曹勛,宋,曹勛（1098-1174），宋人，陽翟人，武官。,曹勛，宋人，籍貫陽翟。生於1098年，卒於1174年。為武官。一生主要活動於天台、陽翟、開封。與施宜生、毛滂、釋了居、黃庭堅、米芾等人交遊唱和。,72
24918,李新,宋,李新（0-0），宋人，仁壽人，為官者、入元祐黨籍者。,李新，宋人，籍貫仁壽。生於0年，卒於0年。為官者、入元祐黨籍者。一生主要活動於仁壽。與宇文昌齡、家彬、張商英、李知新、李君俞等人交遊唱和。,69
1717,祖無擇,宋,祖無擇（1011-1085），宋人，上蔡人，好金石、財政官員。,祖無擇，宋人，籍貫上蔡。生於1011年，卒於1085年。為好金石、財政官員。一生主要活動於上蔡。與歐陽修、王子韶、祖無頗、魏了翁、丘濬等人交遊唱和。,74
11827,劉子翬,宋,劉子翬（1101-1147），宋人，崇安人，收徒講學、為官者、隱居（有隱德）。,劉子翬，宋人，籍貫崇安。生於1101年，卒於1147年。為收徒講學、為官者、隱居（有隱德）。一生主要活動於崇安。與朱熹、劉勉之、歐陽光祖、釋宗杲、劉民覺等人交遊唱和。,83
14765,陳東,宋,陳東（1086-1127），宋人，丹陽人，布衣、為官者、大學生。,陳東，宋人，籍貫丹陽。生於1086年，卒於1127年。為布衣、為官者、大學生。一生主要活動於丹陽。與劉宰、趙子崧、周必大、聶昌、洪擬等人交遊唱和。,73
12331,謝逸,宋,謝逸（?- 1113），宋人，臨川人，落第士人、業進士、工於文。,謝逸，宋人，籍貫臨川。卒於1113年。為落第士人、業進士、工於文。一生主要活動於臨川。與朱世衡、桂氏(朱世衡妻)、季復、晏防、甘氏(蘇昞母)等人交遊唱和。,77
14833,彭龜年,宋,彭龜年（1142-1206），宋人，清江人，理學家、財政官員、思想家。,彭龜年，宋人，籍貫清江。生於1142年，卒於1206年。為理學家、財政官員、思想家。一生主要活動於清江。與朱熹、魏了翁、韓侂胄、陸九淵、熊恪等人交遊唱和。,77
19670,孫復,宋,孫復（992-1057），宋人，奉符人，儒學、落第士人、為官者。,孫復，宋人，籍貫奉符。生於992年，卒於1057年。為儒學、落第士人、為官者。一生主要活動於奉符、臨汾、晉州。與范仲淹、祖無擇、孫立節、陳傅良、姜潛等人交遊唱和。,81
22278,石延年,宋,石延年（994-1041），宋人，宋城人，為官者。,石延年，宋人，籍貫宋城。生於994年，卒於1041年。為官者。一生主要活動於宋城、幽州。與歐陽修、李之儀、范仲淹、杜詵、韋不伐等人交遊唱和。,70
8062,許翰,宋,許翰（?- 1133），宋人，襄邑人，為官者、好金石、宰執。,許翰，宋人，籍貫襄邑。卒於1133年。為官者、好金石、宰執。一生主要活動於襄邑。與范仲淹、黃伯思、鄭剛中、劉克莊、沈昭遜等人交遊唱和。,67
15990,丁大全,宋,丁大全（?- 1263），宋人，丹徒人，宰執。,丁大全，宋人，籍貫丹徒。卒於1263年。為宰執。一生主要活動於丹徒。與馬宋英、周震炎、文復之、麋弇、林公一等人交遊唱和。,60
395,趙鼎臣,宋,趙鼎臣（1071-0），宋人，韋城人，財政官員。,趙鼎臣，宋人，籍貫韋城。生於1071年，卒於0年。為財政官員。一生主要活動於韋城、開德府。與張裁、趙奕、韓粹彥、束斌卿、王安石等人交遊唱和。,70
1156,林之奇,宋,林之奇（1112-1176），宋人，侯官人，王安石新法反對者、財政官員、思想家。,林之奇，宋人，籍貫侯官。生於1112年，卒於1176年。為王安石新法反對者、財政官員、思想家。一生主要活動於侯官。與呂祖謙、釋蘊聞、劉世南、王宗巳、張孝祥等人交遊唱和。,84
3967,王令,宋,王令（1032-1059），宋人，廣陵人，士人。,王令，宋人，籍貫廣陵。生於1032年，卒於1059年。為士人。一生主要活動於廣陵。與王安石、邵必、吳氏(王令妻)、呂惠卿、葛閎等人交遊唱和。,70
8100,呂夷簡,宋,呂夷簡（979-1044），宋人，開封人，宰執。,呂夷簡，宋人，籍貫開封。生於979年，卒於1044年。為宰執。一生主要活動於壽州、開封。與范仲淹、歐陽修、魏了翁、閻文應、度正等人交遊唱和。,70
11904,朱松,宋,朱松（1097-1143），宋人，崇安人，為官者、思想家。,朱松，宋人，籍貫崇安。生於1097年，卒於1143年。為官者、思想家。一生主要活動於崇安、婺源。與朱熹、周必大、鄧肅、秦檜、釋祖源等人交遊唱和。,72
16888,范浚,宋,范浚（1102-1151），宋人，蘭溪人，收徒講學、士人。,范浚，宋人，籍貫蘭溪。生於1102年，卒於1151年。為收徒講學、士人。一生主要活動於蘭溪。與范端臣、柴喆、虞唐佐、范端杲、邵恂等人交遊唱和。,71
27770,鄧肅,宋,鄧肅（1091-1132），宋人，沙縣人，大學生、未參加科舉而卒。,鄧肅，宋人，籍貫沙縣。生於1091年，卒於1132年。為大學生、未參加科舉而卒。一生主要活動於沙縣。與釋可臣、鄧晝、陸游、劉韐、釋惠深等人交遊唱和。,74
8143,王安中,宋,王安中（1076-1134），宋人，陽曲人，宰執。,王安中，宋人，籍貫陽曲。生於1076年，卒於1134年。為宰執。一生主要活動於陽曲。與張近、吳偕、李之儀、楊應詢、梁彥深等人交遊唱和。,67
11073,林亦之,宋,林亦之，宋人，福清人，收徒講學、士人。,林亦之，宋人，籍貫福清。為收徒講學、士人。一生主要活動於福清、莆田。與劉克莊、林光朝、章闢之、陳氏(曹晟妻)、林同季等人交遊唱和。,65
16060,江萬里,宋,江萬里（1198-1274），宋人，都昌人，死國難、為官者、財政官員。,江萬里，宋人，籍貫都昌。生於1198年，卒於1274年。為死國難、為官者、財政官員。一生主要活動於都昌。與艾可翁、文天祥、俞應元、方大琮、劉將孫等人交遊唱和。,79
27397,員興宗,宋,員興宗（0-1171），宋人，仁壽人，為官者。,員興宗，宋人，籍貫仁壽。生於0年，卒於1171年。為官者。一生主要活動於鎮江府、仁壽。與虞允文、釋悟純、林光朝、孫書言、李蘩等人交遊唱和。,69
8015,張邦昌,宋,張邦昌（1081-1127），宋人，東光人，宰執。,張邦昌，宋人，籍貫東光。生於1081年，卒於1127年。為宰執。一生主要活動於東光。與宋齊愈、李熙靖、趙子崧、孫逢、馬伸等人交遊唱和。,67
8131,蔡卞,宋,蔡卞（1058-1117），宋人，仙遊人，宰執。,蔡卞，宋人，籍貫仙遊。生於1058年，卒於1117年。為宰執。一生主要活動於仙遊。與華鎮、陳次升、章惇、呂嘉問、毛滂等人交遊唱和。,65
10325,舒璘,宋,舒璘（1136-1199），宋人，奉化人，理學家、為官者、思想家。,舒璘，宋人，籍貫奉化。生於1136年，卒於1199年。為理學家、為官者、思想家。一生主要活動於奉化。與竺欣、陸九淵、朱熹、全祖望、袁燮等人交遊唱和。,74
22799,王質,宋,王質（1135-1189），宋人，興國人，為官者。,王質，宋人，籍貫興國。生於1135年，卒於1189年。為官者。一生主要活動於興國、鄆州。與虞允文、葉模、汪澈、湯思退、蘇軾等人交遊唱和。,68
43619,唐元,宋,唐元，宋人，吳縣人，儒學、死國難、收藏家。,唐元，宋人，籍貫吳縣。為儒學、死國難、收藏家。一生主要活動於吳縣。與洪焱祖、盛象翁、艾庭暉、胡長孺、汪澤民等人交遊唱和。,60
332,張詠,宋,張詠（946-1015），宋人，鄄城人，財政官員。,張詠，宋人，籍貫鄄城。生於946年，卒於1015年。為財政官員。一生主要活動於鄄城、觀城。與寇準、楊億、張及、宋祁、趙況等人交遊唱和。,67
1521,孫覺,宋,孫覺（1028-1090），宋人，高郵人，財政官員、入元祐黨籍者。,孫覺，宋人，籍貫高郵。生於1028年，卒於1090年。為財政官員、入元祐黨籍者。一生主要活動於高郵。與王安石、李昭玘、劉攽、黃庭堅、翁緯等人交遊唱和。,75
1598,唐庚,宋,唐庚（1071-1121），宋人，丹稜人，為官者、士人、財政官員。,唐庚，宋人，籍貫丹稜。生於1071年，卒於1121年。為官者、士人、財政官員。一生主要活動於丹稜。與張商英、唐伯虎、史南壽、唐彥通、巢谷等人交遊唱和。,75
2054,葉夢得,宋,葉夢得（1077-1148），宋人，長洲人，詞人、財政官員、宰執。,葉夢得，宋人，籍貫長洲。生於1077年，卒於1148年。為詞人、財政官員、宰執。一生主要活動於吳縣、長洲。與秦檜、楊邦乂、方勺、文彥博、晁公耄等人交遊唱和。,78
3672,毛滂,宋,毛滂（0-0），宋人，嘉興人，為官者。,毛滂，宋人，籍貫嘉興。生於0年，卒於0年。為官者。一生主要活動於嘉興、江山。與蘇軾、呂博聞、陳巨中、牛氏(趙岯妻)、豐稷等人交遊唱和。,67
8050,韓世忠,宋,韓世忠（1090-1151），宋人，吳縣人，武將、富豪、武官。,韓世忠，宋人，籍貫吳縣。生於1090年，卒於1151年。為武將、富豪、武官。一生主要活動於吳縣、膚施、臨安、延州。與苗傅、秦檜、邵宏淵、魏矼、劉光世等人交遊唱和。,81
8119,宋庠,宋,宋庠（997-1066），宋人，雍邱人，宰執。,宋庠，宋人，籍貫雍邱。生於997年，卒於1066年。為宰執。一生主要活動於雍邱。與王安石、周必大、歐陽修、姜遵、釋長吉等人交遊唱和。,66
8124,童貫,宋,童貫（1054-1126），宋人，開封人，宦官、宰執。,童貫，宋人，籍貫開封。生於1054年，卒於1126年。為宦官、宰執。一生主要活動於開封。與方臘、余應球、唐重、高俅、李降等人交遊唱和。,67
10948,趙汝騰,宋,趙汝騰（?- 1261），宋人，古田人，宗子、為官者。,趙汝騰，宋人，籍貫古田。卒於1261年。為宗子、為官者。一生主要活動於古田。與方大琮、方逢辰、高斯得、杜去偽、朱熹等人交遊唱和。,64
17527,吳儆,宋,吳儆（1127-1183），宋人，休寧人，理學家、為官者。,吳儆，宋人，籍貫休寧。生於1127年，卒於1183年。為理學家、為官者。一生主要活動於休寧。與范成大、汪楚材、孫彥及、趙汝愚、曹耜等人交遊唱和。,72
24422,李全,宋,李全（0-1244），宋人，北海人，農民、精於騎射、義軍首領。,李全，宋人，籍貫北海。生於0年，卒於1244年。為農民、精於騎射、義軍首領。一生主要活動於北海。與度正、于洋、孫武正、顧續、劉慶福等人交遊唱和。,72
982,李清臣,宋,李清臣（1032-1102），宋人，安陽人，為官者、史學家、財政官員。,李清臣，宋人，籍貫安陽。生於1032年，卒於1102年。為官者、史學家、財政官員。一生主要活動於安陽。與晁補之、畢仲游、蘇軾、李昭玘、韋驤等人交遊唱和。,76
1327,呂大防,宋,呂大防（1027-1097），宋人，藍田人，削籍官員、好金石、財政官員。,呂大防，宋人，籍貫藍田。生於1027年，卒於1097年。為削籍官員、好金石、財政官員。一生主要活動於藍田、信豐。與蘇軾、周必大、朱熹、章惇、韋驤等人交遊唱和。,79
7072,曾肇,宋,曾肇（1047-1107），宋人，南豐人，良吏;循吏、為官者、入元祐黨籍者。,曾肇，宋人，籍貫南豐。生於1047年，卒於1107年。為良吏;循吏、為官者、入元祐黨籍者。一生主要活動於南豐。與曾布、蘇頌、呂南公、司馬光、劉克莊等人交遊唱和。,80
11316,朱長文,宋,朱長文（1039-1098），宋人，吳縣人，士人。,朱長文，宋人，籍貫吳縣。生於1039年，卒於1098年。為士人。一生主要活動於吳縣。與范純仁、蔡天經、米芾、范純禮、蔡抗等人交遊唱和。,67
13809,吳泳,宋,吳泳（0-0），宋人，烏程人，為官者、思想家。,吳泳，宋人，籍貫烏程。生於0年，卒於0年。為官者、思想家。一生主要活動於烏程、中江。與洪咨夔、別湜、趙與懽、劉克莊、高斯得等人交遊唱和。,68
34789,釋契嵩,宋,釋契嵩（1007-1072），宋人，鐔津人，僧人。,釋契嵩，宋人，籍貫鐔津。生於1007年，卒於1072年。為僧人。一生主要活動於鐔津。與楊蟠、周感之、曾公亮、富弼、祖無擇等人交遊唱和。,67
3244,周行己,宋,周行己，宋人，瑞安人，為官者。,周行己，宋人，籍貫瑞安。為官者。一生主要活動於永嘉、瑞安。與朱廷隱、許邦、豐稷、晁端中、葉漸等人交遊唱和。,53
3860,蔡戡,宋,蔡戡（1141-0），宋人，武進人，良吏;循吏、財政官員。,蔡戡，宋人，籍貫武進。生於1141年，卒於0年。為良吏;循吏、財政官員。一生主要活動於武進、仙遊。與王之奇、張忠恕、陳良祐、岳甫、蔡武等人交遊唱和。,74
4013,吳曦,宋,吳曦（0-1206），宋人，成都人，武官。,吳曦，宋人，籍貫成都。生於0年，卒於1206年。為武官。一生主要活動於隴干、成都。與程松、李道傳、吳之巽、韓侂胄、宋之源等人交遊唱和。,67
7045,劉安世,宋,劉安世（1048-1125），宋人，元城人，為官者、入元祐黨籍者。,劉安世，宋人，籍貫元城。生於1048年，卒於1125年。為官者、入元祐黨籍者。一生主要活動於元城、大名。與章惇、司馬光、楊康國、陳傅良、謝悰等人交遊唱和。,77
10743,饒魯,宋,饒魯（1193-1264），宋人，餘干人，收徒講學、思想家。,饒魯，宋人，籍貫餘干。生於1193年，卒於1264年。為收徒講學、思想家。一生主要活動於餘干。與柴元裕、俞應元、程若庸、蔡汝揆、韓秋巖等人交遊唱和。,74
11872,胡憲,宋,胡憲（1086-1162），宋人，崇安人，理學家、為官者、大學生。,胡憲，宋人，籍貫崇安。生於1086年，卒於1162年。為理學家、為官者、大學生。一生主要活動於崇安。與朱熹、林之奇、呂祖謙、周必大、譙定等人交遊唱和。,75
14881,袁說友,宋,袁說友（1140-1204），宋人，建安人，財政官員、宰執。,袁說友，宋人，籍貫建安。生於1140年，卒於1204年。為財政官員、宰執。一生主要活動於建安、湖州。與范成大、米芾、司馬光、魏了翁、葉妙慧等人交遊唱和。,76
19329,李復,宋,李復（0-0），宋人，長安人，詩人、為官者、思想家。,李復，宋人，籍貫長安。生於0年，卒於0年。為詩人、為官者、思想家。一生主要活動於長安。與李昭玘、王欽臣、章惇、朱熹、高士慶等人交遊唱和。,68
22002,徐元傑,宋,徐元傑（1193-1245），宋人，上饒人，為官者。,徐元傑，宋人，籍貫上饒。生於1193年，卒於1245年。為官者。一生主要活動於上饒。與真德秀、趙汝騰、吳如愚、方子方、辛棄疾等人交遊唱和。,69
853,黃裳,宋,黃裳（1044-1130），宋人，劍浦人，習於道術、財政官員。,黃裳，宋人，籍貫劍浦。生於1044年，卒於1130年。為習於道術、財政官員。一生主要活動於劍浦、南劍州。與高遵禮、釋常聰、俞備、陸佃、呂惠卿等人交遊唱和。,77
9002,趙炅,宋,趙炅（939-997），宋人，開封人，統治者、皇帝。,趙炅，宋人，籍貫開封。生於939年，卒於997年。為統治者、皇帝。一生主要活動於開封、如東、宋城。與王懷隱、弭德超、李宗訥、王懷普、王繼昇等人交遊唱和。,76
11885,游酢,宋,游酢（1053-1123），宋人，建陽人，為官者、思想家。,游酢，宋人，籍貫建陽。生於1053年，卒於1123年。為官者、思想家。一生主要活動於建陽。與程顥、朱熹、蕭之敏、游智開、真德秀等人交遊唱和。,70
14299,李廌,宋,李廌（1059-1109），宋人，鄭縣人，士人。,李廌，宋人，籍貫鄭縣。生於1059年，卒於1109年。為士人。一生主要活動於鄭縣、須城。與蘇軾、趙令畤、洪中孚、馬友直、章援等人交遊唱和。,69
16692,王炎,宋,王炎（1138-1218），宋人，婺源人，理學家、財政官員。,王炎，宋人，籍貫婺源。生於1138年，卒於1218年。為理學家、財政官員。一生主要活動於婺源。與朱熹、林卨、王詔德、戴表元、蘇籀等人交遊唱和。,71
25174,崔與之,宋,崔與之，宋人，增城人，宰執。,崔與之，宋人，籍貫增城。為宰執。一生主要活動於增城。與李昴英、洪咨夔、宋詡、劉克莊、牟巘等人交遊唱和。,51
27801,謝枋得,宋,謝枋得（1225-?），宋人，弋陽人，為官者、思想家、隱居（有隱德）。,謝枋得，宋人，籍貫弋陽。生於1225年。為官者、思想家、隱居（有隱德）。一生主要活動於弋陽、貴溪。與賈似道、趙崇憲、王炎午、李謹思、劉漢弻等人交遊唱和。,76
1388,潘良貴,宋,潘良貴（1094-1150），宋人，金華人，財政官員。,潘良貴，宋人，籍貫金華。生於1094年，卒於1150年。為財政官員。一生主要活動於金華。與吳師道、鄭剛中、秦檜、釋行標、柳貫等人交遊唱和。,69
1692,曾幾,宋,曾幾（1084-1166），宋人，山陰人，財政官員。,曾幾，宋人，籍貫山陰。生於1084年，卒於1166年。為財政官員。一生主要活動於山陰、河南。與陸游、李商叟、呂祖謙、邵智卿、汪叔敖等人交遊唱和。,72
10880,陳起,宋,陳起（1167-1230），宋人，錢塘人，詩人、刻工、士人。,陳起，宋人，籍貫錢塘。生於1167年，卒於1230年。為詩人、刻工、士人。一生主要活動於錢塘。與劉克莊、鄭清之、黃載、黃文雷、陳鑒之等人交遊唱和。,73
13279,謝諤,宋,謝諤（1121-1194），宋人，新喻人，收徒講學、良吏;循吏、為官者。,謝諤，宋人，籍貫新喻。生於1121年，卒於1194年。為收徒講學、良吏;循吏、為官者。一生主要活動於新喻。與周必大、王庭珪、劉庭老、鄒昶、王伯芻等人交遊唱和。,79
14996,韋驤,宋,韋驤（1033-1105），宋人，錢塘人，為官者、財政官員。,韋驤，宋人，籍貫錢塘。生於1033年，卒於1105年。為官者、財政官員。一生主要活動於錢塘。與范道卿、胡氏(石秀之妻)、石秀之、王庭老、李清臣等人交遊唱和。,78
636,韓絳,宋,韓絳（1012-1088），宋人，雍邱人，財政官員、宰執。,韓絳，宋人，籍貫雍邱。生於1012年，卒於1088年。為財政官員、宰執。一生主要活動於雍邱。與程頤、黃庭堅、范純仁、劉攽、蘇軾等人交遊唱和。,70
3438,孔武仲,宋,孔武仲，宋人，新淦人，為官者、入元祐黨籍者。,孔武仲，宋人，籍貫新淦。為官者、入元祐黨籍者。一生主要活動於新喻、新淦。與郟亶、曾布、王欽臣、蕭貫、釋元正等人交遊唱和。,60
7381,王蘋,宋,王蘋（1082-1153），宋人，吳江人，為官者。,王蘋，宋人，籍貫吳江。生於1082年，卒於1153年。為官者。一生主要活動於吳江、福清。與胡安國、楊邦弼、尹焞、施庭先、祝允明等人交遊唱和。,70
10049,蔡元定,宋,蔡元定（1135-1198），宋人，建陽人，理學家、收徒講學、思想家。,蔡元定，宋人，籍貫建陽。生於1135年，卒於1198年。為理學家、收徒講學、思想家。一生主要活動於建陽。與朱熹、丘膺、韓侂胄、蔡沈、杜範等人交遊唱和。,75
10878,晁公遡,宋,晁公遡（0-0），宋人，鉛山人，為官者。,晁公遡，宋人，籍貫鉛山。生於0年，卒於0年。為官者。一生主要活動於鉅野、鉛山。與程敦書、師璿、宇文師申、晁公休、孫叔豹等人交遊唱和。,66
20019,李流謙,宋,李流謙（1123-1176），宋人，綿竹人，詩人、為官者。,李流謙，宋人，籍貫綿竹。生於1123年，卒於1176年。為詩人、為官者。一生主要活動於綿竹。與楊先進、虞允文、汪應辰、姚藩、宋誨等人交遊唱和。,71
1366,米友仁,宋,米友仁（1072-1151），宋人，吳縣人，書法家、供奉內廷、畫家。,米友仁，宋人，籍貫吳縣。生於1072年，卒於1151年。為書法家、供奉內廷、畫家。一生主要活動於吳縣。與劉克莊、陸游、魏了翁、林希逸、劉宰等人交遊唱和。,76
1453,沈遼,宋,沈遼（1032-1085），宋人，錢塘人，工於文、財政官員。,沈遼，宋人，籍貫錢塘。生於1032年，卒於1085年。為工於文、財政官員。一生主要活動於錢塘。與王安石、黃庭堅、沈遼、唐詢、馬永譽等人交遊唱和。,72
7052,呂希哲,宋,呂希哲，宋人，開封人，削籍官員、為官者、入元祐黨籍者。,呂希哲，宋人，籍貫開封。為削籍官員、為官者、入元祐黨籍者。一生主要活動於壽州、開封。與顏岐、汪應辰、畢仲游、黎確、朱熹等人交遊唱和。,66
8127,狄青,宋,狄青（1008-1057），宋人，西河人，經學家—左傳、精於騎射、熟諳兵法韜略、軍事家。,狄青，宋人，籍貫西河。生於1008年，卒於1057年。為經學家—左傳、精於騎射、熟諳兵法韜略、軍事家。一生主要活動於西河。與范仲淹、歐陽修、鄭紆、尹洙、唐士恥等人交遊唱和。,86
19714,趙明誠,宋,趙明誠，宋人，諸城人，收藏家、金石學家、為官者。,趙明誠，宋人，籍貫諸城。為收藏家、金石學家、為官者。一生主要活動於諸城。與李清照、晁補之、劉季孫、董之明、王無競等人交遊唱和。,63
573455,釋紹月,宋,釋紹月（915-972），宋人，衡水人，僧人。,釋紹月，宋人，籍貫衡水。生於915年，卒於972年。為僧人。一生主要活動於真定府、河中府、衡水。與釋希詮、釋文顯、釋文安、釋文義、釋文遇等人交遊唱和。,75
264,張嵲,宋,張嵲（1096-1148），宋人，光化人，詩人、財政官員。,張嵲，宋人，籍貫光化。生於1096年，卒於1148年。為詩人、財政官員。一生主要活動於襄陽、光化。與王銍、夏珙、秦檜、胡世將、陳與義等人交遊唱和。,73
10881,陳耆卿,宋,陳耆卿（1180-1236），宋人，臨海人，為官者。,陳耆卿，宋人，籍貫臨海。生於1180年，卒於1236年。為官者。一生主要活動於臨海。與葉適、車似慶、應元袞、商逸卿、車若水等人交遊唱和。,68
11121,黃仲元,宋,黃仲元（1231-1312），宋人，莆田人，地方士人/鄉紳、收徒講學。,黃仲元，宋人，籍貫莆田。生於1231年，卒於1312年。為地方士人/鄉紳、收徒講學。一生主要活動於莆田。與林雷龍、李汝文、洪巖虎、林應承、林氏(郭堂母)等人交遊唱和。,83
1847,王拱辰,宋,王拱辰（1012-1085），宋人，咸平人，財政官員。,王拱辰，宋人，籍貫咸平。生於1012年，卒於1085年。為財政官員。一生主要活動於大名、河南、咸平。與趙抃、劉摯、文彥博、歐陽修、鄭條等人交遊唱和。,74
8146,王黼,宋,王黼（1079-1126），宋人，開封人，宰執。,王黼，宋人，籍貫開封。生於1079年，卒於1126年。為宰執。一生主要活動於開封、祥符。與吳時、沈積中、梅執禮、盧知原、盛子充等人交遊唱和。,70
15219,趙葵,宋,趙葵（1186-1266），宋人，衡山人，畫家、詩人、武官。,趙葵，宋人，籍貫衡山。生於1186年，卒於1266年。為畫家、詩人、武官。一生主要活動於衡山。與劉克莊、羅椅、洪咨夔、呂文德、童居易等人交遊唱和。,73
19168,蘇過,宋,蘇過（1072-1123），宋人，眉山人，書法家、畫家、孝子/孝女。,蘇過，宋人，籍貫眉山。生於1072年，卒於1123年。為書法家、畫家、孝子/孝女。一生主要活動於眉山。與蘇軾、李亨伯、宋肱、釋道潛、蘇迨等人交遊唱和。,75
21912,程洵,宋,程洵（1135-1196），宋人，婺源人，理學家、為官者、隱居（有隱德）。,程洵，宋人，籍貫婺源。生於1135年，卒於1196年。為理學家、為官者、隱居（有隱德）。一生主要活動於婺源。與朱熹、周徽之、董陵、董銖、汪幼鳳等人交遊唱和。,78
25932,趙蕃,宋,趙蕃（1143-1229），宋人，玉山人，詩人、理學家、為官者。,趙蕃，宋人，籍貫玉山。生於1143年，卒於1229年。為詩人、理學家、為官者。一生主要活動於玉山、鄭州。與劉宰、余儔、何處恬、朱熹、阮秀實等人交遊唱和。,76
1296,呂祉,宋,呂祉，宋人，邵武人，貞婦、死國難、財政官員。,呂祉，宋人，籍貫邵武。為貞婦、死國難、財政官員。一生主要活動於邵武、建陽。與蘇師德、岳飛、酈瓊、江渙、趙康直等人交遊唱和。,61
3542,李曾伯,宋,李曾伯（0-0），宋人，嘉興人，財政官員。,李曾伯，宋人，籍貫嘉興。生於0年，卒於0年。為財政官員。一生主要活動於懷州、嘉興。與朱廣用、賈似道、別之傑、鮑義、陳賅等人交遊唱和。,66
7196,周南,宋,周南（1159-1213），宋人，吳縣人，收徒講學、為官者、思想家。,周南，宋人，籍貫吳縣。生於1159年，卒於1213年。為收徒講學、為官者、思想家。一生主要活動於吳縣。與葉適、趙士褭、周葵、朱熹、何氏(周虎母)等人交遊唱和。,79
8023,趙普,宋,趙普（922-992），宋人，洛陽人，宰執。,趙普，宋人，籍貫洛陽。生於922年，卒於992年。為宰執。一生主要活動於洛陽、薊州。與雷德驤、雷有鄰、王繼英、侯莫陳利用、王禹偁等人交遊唱和。,71
8118,孫沔,宋,孫沔，宋人，奉化人，宰執。,孫沔，宋人，籍貫奉化。為宰執。一生主要活動於奉化、會稽。與歐陽修、侯可、劉昴、王安石、陸佃等人交遊唱和。,52
10682,董逌,宋,董逌（0-0），宋人，宜興人，好金石、為官者。,董逌，宋人，籍貫宜興。生於0年，卒於0年。為好金石、為官者。一生主要活動於宜興、平陰、鄆州。與晁補之、許袤民、邵仲參、李季忱、李次升等人交遊唱和。,73
11829,劉珙,宋,劉珙（1122-1178），宋人，崇安人，理學家、宰執。,劉珙，宋人，籍貫崇安。生於1122年，卒於1178年。為理學家、宰執。一生主要活動於崇安。與朱熹、秦檜、真德秀、陳扃、熊禾等人交遊唱和。,68
27761,陳舜俞,宋,陳舜俞（0-1072），宋人，烏程人，強記;博學強記、為官者。,陳舜俞，宋人，籍貫烏程。生於0年，卒於1072年。為強記;博學強記、為官者。一生主要活動於烏程。與陸游、釋寶寧、沈遘、劉一止、歐陽修等人交遊唱和。,73
1449,沈遘,宋,沈遘（1025-1067），宋人，錢塘人，財政官員。,沈遘，宋人，籍貫錢塘。生於1025年，卒於1067年。為財政官員。一生主要活動於錢塘。與蘇軾、王安石、江鉞、劉克莊、歐陽修等人交遊唱和。,68
2112,元絳,宋,元絳（1008-1083），宋人，吳縣人，財政官員、宰執。,元絳，宋人，籍貫吳縣。生於1008年，卒於1083年。為財政官員、宰執。一生主要活動於吳縣、錢塘、餘杭。與危固、閭丘孝終、王安石、強至、米芾等人交遊唱和。,77
3728,史嵩之,宋,史嵩之（1189-1256），宋人，鄞縣人，宰執。,史嵩之，宋人，籍貫鄞縣。生於1189年，卒於1256年。為宰執。一生主要活動於鄞縣。與家大酉、史璟卿、王持垕、郭磊卿、呂午等人交遊唱和。,68
9011,趙眘,宋,趙眘（1127-1194），宋人，錢塘人，宗子、統治者、皇帝。,趙眘，宋人，籍貫錢塘。生於1127年，卒於1194年。為宗子、統治者、皇帝。一生主要活動於錢塘。與周必大、陳傅良、劉克莊、史浩、許蒼舒等人交遊唱和。,74
10319,沈煥,宋,沈煥（1139-1191），宋人，鄞縣人，為官者、思想家。,沈煥，宋人，籍貫鄞縣。生於1139年，卒於1191年。為官者、思想家。一生主要活動於定海、鄞縣。與朱熹、周必大、薛季宣、袁燮、竺欣等人交遊唱和。,72
10363,鄭清之,宋,鄭清之（1176-1251），宋人，鄞縣人，宰執。,鄭清之，宋人，籍貫鄞縣。生於1176年，卒於1251年。為宰執。一生主要活動於鄞縣。與劉克莊、史彌遠、方逢辰、胡朝穎、唐璘等人交遊唱和。,68
10697,王淮,宋,王淮（1126-1189），宋人，金華人，理學家、宰執。,王淮，宋人，籍貫金華。生於1126年，卒於1189年。為理學家、宰執。一生主要活動於金華。與朱熹、程珌、史浩、周必大、范成大等人交遊唱和。,69
11664,謝良佐,宋,謝良佐（0-1102），宋人，上蔡人，為官者、思想家。,謝良佐，宋人，籍貫上蔡。生於0年，卒於1102年。為官者、思想家。一生主要活動於上蔡。與胡安國、程頤、呂大臨、程顥、朱熹等人交遊唱和。,67
14293,吳子良,宋,吳子良（1197-0），宋人，臨海人，財政官員。,吳子良，宋人，籍貫臨海。生於1197年，卒於0年。為財政官員。一生主要活動於臨海。與歐陽守道、葉適、劉克莊、林表民、趙孟堅等人交遊唱和。,68
17514,羅願,宋,羅願（1136-1184），宋人，歙縣人，理學家、良吏;循吏、為官者。,羅願，宋人，籍貫歙縣。生於1136年，卒於1184年。為理學家、良吏;循吏、為官者。一生主要活動於歙縣。與朱熹、辛棄疾、施元之、郟升卿、郟亶等人交遊唱和。,77
19713,李清照,宋,李清照（1084-1155），宋女，歷城人，詩人、詞人、好金石。,李清照，宋女，籍貫歷城。生於1084年，卒於1155年。為詩人、詞人、好金石。一生主要活動於青州、臨安府、越州、萊州、歷城。與趙明誠、韓玉父、端木埰、薩雪如、毛晉等人交遊唱和。,88
20727,苗傅,宋,苗傅（0-1129），宋人，錢塘人，叛臣、武將。,苗傅，宋人，籍貫錢塘。生於0年，卒於1129年。為叛臣、武將。一生主要活動於錢塘、上黨。與韓世忠、呂頤浩、康履、藍珪、林祀等人交遊唱和。,68
427910,郭景脩,宋,郭景脩，宋人，京東路人。,郭景脩，宋人，籍貫京東路。一生主要活動於京東路、須城。與范育、何瓘、沈括、安燾、王薦等人交遊唱和。,49
1787,王之望,宋,王之望（1103-1170），宋人，臨海人，財政官員、宰執。,王之望，宋人，籍貫臨海。生於1103年，卒於1170年。為財政官員、宰執。一生主要活動於臨海、穀城。與王十朋、石延慶、某氏(席旦妻)、范宗尹、葉義問等人交遊唱和。,81
3958,王回,宋,王回（1023-1065），宋人，汝陰人，孝子/孝女、為官者。,王回，宋人，籍貫汝陰。生於1023年，卒於1065年。為孝子/孝女、為官者。一生主要活動於侯官、汝陰。與歐陽修、王安石、劉攽、晁說之、陸游等人交遊唱和。,76
8044,范宗尹,宋,范宗尹（?- 1136），宋人，臨海人，工於文、宰執。,范宗尹，宋人，籍貫臨海。卒於1136年。為工於文、宰執。一生主要活動於臨海、鄧城。與周必大、張嵲、洪咨夔、高斯得、張邦昌等人交遊唱和。,67
8075,李昉,宋,李昉（925-996），宋人，開封人，工於文、宰執。,李昉，宋人，籍貫開封。生於925年，卒於996年。為工於文、宰執。一生主要活動於開封、饒陽。與宋琪、楊徽之、武允成、張好問、孟賓于等人交遊唱和。,72
8163,吳敏,宋,吳敏，宋人，揚子人，宰執。,吳敏，宋人，籍貫揚子。為宰執。一生主要活動於揚子、六合。與蔡翛、余應球、耿南仲、蔡攸、江端友等人交遊唱和。,53
14011,張炎,宋,張炎（1248-1320），宋人，臨安人，詞人、士人。,張炎，宋人，籍貫臨安。生於1248年，卒於1320年。為詞人、士人。一生主要活動於成紀、臨安。與陸文圭、鄭思肖、黃公望、袁桷、屠約等人交遊唱和。,72
14967,詹體仁,宋,詹體仁（1143-1206），宋人，崇安人，理學家、博學之人、財政官員。,詹體仁，宋人，籍貫崇安。生於1143年，卒於1206年。為理學家、博學之人、財政官員。一生主要活動於崇安。與朱熹、真德秀、詹初、元書、周必大等人交遊唱和。,77
15443,王洋,宋,王洋（1087-1153），宋人，金華人，為官者。,王洋，宋人，籍貫金華。生於1087年，卒於1153年。為官者。一生主要活動於金華、山陽、信州。與周必大、王彥隆、沈良能、李商叟、吳諮等人交遊唱和。,73
27385,魏掞之,宋,魏掞之（1116-1173），宋人，建陽人，布衣、落第士人、理學家。,魏掞之，宋人，籍貫建陽。生於1116年，卒於1173年。為布衣、落第士人、理學家。一生主要活動於建陽。與朱熹、曾覿、王安石、呂祖謙、員興宗等人交遊唱和。,76
29845,林逋,宋,林逋（957-1028），宋人，錢塘人，書法家、隱士、詩人。,林逋，宋人，籍貫錢塘。生於957年，卒於1028年。為書法家、隱士、詩人。一生主要活動於錢塘。與劉克莊、陸游、薛映、葉曙、林表民等人交遊唱和。,71
29944,林表民,宋,林表民（0-0），宋人，臨海人，為官者。,林表民，宋人，籍貫臨海。生於0年，卒於0年。為官者。一生主要活動於臨海。與李之儀、應翔孫、應㒡、林師蒧、錢可則等人交遊唱和。,62
1575,宋綬,宋,宋綬（991-1040），宋人，平棘人，藏書家、校堪學家、財政官員。,宋綬，宋人，籍貫平棘。生於991年，卒於1040年。為藏書家、校堪學家、財政官員。一生主要活動於平棘。與黃庭堅、晁補之、汪應辰、文彥博、陳傅良等人交遊唱和。,78
1617,田況,宋,田況（1005-1063），宋人，開封人，財政官員、宰執。,田況，宋人，籍貫開封。生於1005年，卒於1063年。為財政官員、宰執。一生主要活動於信都、陽翟、開封。與王安石、夏竦、范純仁、令狐挻、范祖禹等人交遊唱和。,78
11287,鄭樵,宋,鄭樵（1104-1162），宋人，莆田人，天文學家（星象家）、博學之人、收藏家。,鄭樵，宋人，籍貫莆田。生於1104年，卒於1162年。為天文學家（星象家）、博學之人、收藏家。一生主要活動於莆田。與陸游、林霆、汪應辰、朱德潤、劉克莊等人交遊唱和。,82
11959,陳元晉,宋,陳元晉（0-0），宋人，崇仁人，良吏;循吏、為官者。,陳元晉，宋人，籍貫崇仁。生於0年，卒於0年。為良吏;循吏、為官者。一生主要活動於崇仁。與陳元晉、程頤、雷孝友、何異、樂大章等人交遊唱和。,68
12890,陳韡,宋,陳韡（1180-1261），宋人，侯官人，為官者。,陳韡，宋人，籍貫侯官。生於1180年，卒於1261年。為官者。一生主要活動於侯官。與劉克莊、真德秀、葉適、李昴英、宋慈等人交遊唱和。,66
13807,程公許,宋,程公許（0-0），宋人，烏程人，為官者。,程公許，宋人，籍貫烏程。生於0年，卒於0年。為官者。一生主要活動於烏程、眉山、宣化、宜賓。與程公許、胡侊、度正、宋煇、趙㮚等人交遊唱和。,68
13893,馮時行,宋,馮時行（?- 1163），宋人，壁山人，經學家—易經、為官者。,馮時行，宋人，籍貫壁山。卒於1163年。為經學家—易經、為官者。一生主要活動於壁山。與秦檜、員興宗、施晉卿、于格、晁公武等人交遊唱和。,67
14355,林季仲,宋,林季仲，宋人，永嘉人，為官者。,林季仲，宋人，籍貫永嘉。為官者。一生主要活動於永嘉。與秦檜、林叔豹、朱京、許景衡、席益等人交遊唱和。,50
16504,徐僑,宋,徐僑（1160-1237），宋人，義烏人，理學家、為官者。,徐僑，宋人，籍貫義烏。生於1160年，卒於1237年。為理學家、為官者。一生主要活動於義烏。與朱熹、呂祖謙、吳師道、劉宰、余嶸等人交遊唱和。,70
24294,李成,宋,李成（?- 965），宋人，長安人，音樂學家、圍棋棋手、精於某種樂器。,李成，宋人，籍貫長安。卒於965年。為音樂學家、圍棋棋手、精於某種樂器。一生主要活動於益都、京兆府、長安。與郝孝隆、郭鐵子(別號)、衛融、李宗成、周鼐等人交遊唱和。,82
27722,汪莘,宋,汪莘（1155-1227），宋人，休寧人，隱士、理學家、博學之人。,汪莘，宋人，籍貫休寧。生於1155年，卒於1227年。為隱士、理學家、博學之人。一生主要活動於休寧。與朱熹、孫嶸叟、李以申、劉次臯、宇文十朋等人交遊唱和。,77
27759,穆修,宋,穆修（979-1032），宋人，汝陽人，數學家、理學家、為官者。,穆修，宋人，籍貫汝陽。生於979年，卒於1032年。為數學家、理學家、為官者。一生主要活動於汝陽、須城、鄆州。與蘇舜欽、任中正、李之才、蘇舜賓、种放等人交遊唱和。,81
41511,吳泳,宋,吳泳（?- 1275），宋人，崇仁人，死國難。,吳泳，宋人，籍貫崇仁。卒於1275年。為死國難。一生主要活動於崇仁。與魏了翁、程掌、蔣重珍、家𢴍、胡穎等人交遊唱和。,58
1571,宋敏求,宋,宋敏求（1019-1079），宋人，平棘人，藏書家、校堪學家、版本學家。,宋敏求，宋人，籍貫平棘。生於1019年，卒於1079年。為藏書家、校堪學家、版本學家。一生主要活動於平棘。與歐陽修、畢仲游、司馬光、蘇頌、劉克莊等人交遊唱和。,79
1970,吳芾,宋,吳芾（1104-1183），宋人，仙居人，為官者、財政官員。,吳芾，宋人，籍貫仙居。生於1104年，卒於1183年。為官者、財政官員。一生主要活動於臨安府、婺州、仙居、處州、太平州。與秦檜、李之儀、左達功、朱熹、陳氏(朱伯履妻)等人交遊唱和。,90
9008,趙佶,宋,趙佶（1082-1135），宋人，五國人，統治者、皇帝。,趙佶，宋人，籍貫五國。生於1082年，卒於1135年。為統治者、皇帝。一生主要活動於韓州、開封、五國、開封府、亳州。與高斯得、司馬光、林靈素、吳侔、吳儲等人交遊唱和。,83
27814,舒嶽祥,宋,舒嶽祥（1236-1298），宋人，寧海人，為官者、隱居（有隱德）。,舒嶽祥，宋人，籍貫寧海。生於1236年，卒於1298年。為官者、隱居（有隱德）。一生主要活動於寧海。與劉莊孫、林處恭、戴表元、袁桷、董景愈等人交遊唱和。,76
1593,唐介,宋,唐介（1010-1069），宋人，江陵人，財政官員、宰執。,唐介，宋人，籍貫江陵。生於1010年，卒於1069年。為財政官員、宰執。一生主要活動於江陵。與葛勝仲、劉摯、袁桷、張守、王十朋等人交遊唱和。,70
3134,張俊,宋,張俊，宋人，吳縣人，武官。,張俊，宋人，籍貫吳縣。為武官。一生主要活動於吳縣、成紀。與戚方、秦檜、周麟之、岳飛、田師中等人交遊唱和。,52
3907,曾協,宋,曾協（0-1173），宋人，德清人，落第士人、業進士、為官者。,曾協，宋人，籍貫德清。生於0年，卒於1173年。為落第士人、業進士、為官者。一生主要活動於德清、丹徒、南豐。與強行父、曾協、傅景裴、詹體仁、程顥等人交遊唱和。,79
10658,劉光祖,宋,劉光祖（1142-1222），宋人，德清人，史學家、財政官員。,劉光祖，宋人，籍貫德清。生於1142年，卒於1222年。為史學家、財政官員。一生主要活動於德清、陽安。與魏了翁、朱熹、度正、呂殊、杜廣心等人交遊唱和。,75
15270,周孚,宋,周孚（1135-1177），宋人，丹徒人，士人、詩人、詞人。,周孚，宋人，籍貫丹徒。生於1135年，卒於1177年。為士人、詩人、詞人。一生主要活動於丹徒、歷城、齊州。與辛棄疾、朱叔珤、鄭樵、丘崈、柴氏(王勝妻)等人交遊唱和。,82
22389,吳獵,宋,吳獵（1143-1213），宋人，善化人，財政官員、思想家。,吳獵，宋人，籍貫善化。生於1143年，卒於1213年。為財政官員、思想家。一生主要活動於善化、醴陵。與魏了翁、度正、朱熹、歐陽守道、安世通等人交遊唱和。,76
49048,傅寅,宋,傅寅（1148-1215），宋人，義烏人，天文學家（星象家）、博學之人、地理學家。,傅寅，宋人，籍貫義烏。生於1148年，卒於1215年。為天文學家（星象家）、博學之人、地理學家。一生主要活動於東陽、義烏。與孫礿、葉適、蘇伯衡、戴溪、傅師蒙等人交遊唱和。,85
450811,趙九成,宋,趙九成，宋人，好金石。,趙九成，宋人。為好金石。與范雍、克中、克一、祖博、張壻等人交遊唱和。,34
461,蔣之奇,宋,蔣之奇（1031-1104），宋人，宜興人，好金石、入元祐黨籍者、財政官員。,蔣之奇，宋人，籍貫宜興。生於1031年，卒於1104年。為好金石、入元祐黨籍者、財政官員。一生主要活動於宜興。與王安石、華鎮、丁隲、歐陽修、仲并等人交遊唱和。,79
465,蔣堂,宋,蔣堂（980-1054），宋人，吳縣人，工於文、好學、財政官員。,蔣堂，宋人，籍貫吳縣。生於980年，卒於1054年。為工於文、好學、財政官員。一生主要活動於吳縣、宜興。與宋祁、張方平、施堪、魏了翁、蔣之奇等人交遊唱和。,77
1391,龐籍,宋,龐籍（988-1063），宋人，成武人，財政官員、宰執。,龐籍，宋人，籍貫成武。生於988年，卒於1063年。為財政官員、宰執。一生主要活動於成武。與司馬光、強至、周必大、高良夫、夏竦等人交遊唱和。,70
1760,王安禮,宋,王安禮（1034-1095），宋人，臨川人，財政官員、思想家、宰執。,王安禮，宋人，籍貫臨川。生於1034年，卒於1095年。為財政官員、思想家、宰執。一生主要活動於臨川。與岑象求、蘇軾、呂公弼、劉克莊、趙仲罃等人交遊唱和。,77
8085,林希,宋,林希，宋人，福清人，好金石、宰執。,林希，宋人，籍貫福清。為好金石、宰執。一生主要活動於福清。與章惇、蘇軾、朱熹、傅察、劉摯等人交遊唱和。,51
10592,鄭伯熊,宋,鄭伯熊（0-0），宋人，永嘉人，為官者。,鄭伯熊，宋人，籍貫永嘉。生於0年，卒於0年。為官者。一生主要活動於永嘉。與陳傅良、朱熹、朱伯起、葉適、周必大等人交遊唱和。,61
10900,梁克家,宋,梁克家（1128-1187），宋人，晉江人，宰執。,梁克家，宋人，籍貫晉江。生於1128年，卒於1187年。為宰執。一生主要活動於晉江。與薛季宣、周必大、陳傅良、朱熹、曾丰等人交遊唱和。,67
33320,李侗,宋,李侗（1093-1163），宋人，劍浦人，理學家、士人、思想家。,李侗，宋人，籍貫劍浦。生於1093年，卒於1163年。為理學家、士人、思想家。一生主要活動於劍浦。與朱熹、羅博文、林表民、劉玶、劉嘉譽等人交遊唱和。,74
291,張舜民,宋,張舜民（0-0），宋人，新平人，詩人、好金石、財政官員。,張舜民，宋人，籍貫新平。生於0年，卒於0年。為詩人、好金石、財政官員。一生主要活動於新平。與司馬光、黃伯思、范祖禹、畢仲游、趙明誠等人交遊唱和。,72
1094,李燾,宋,李燾（1115-1184），宋人，丹稜人，史學家、小學家、博學之人。,李燾，宋人，籍貫丹稜。生於1115年，卒於1184年。為史學家、小學家、博學之人。一生主要活動於丹稜。與周必大、呂祖謙、汪應辰、㬊淵、謝疇等人交遊唱和。,76
1237,劉才邵,宋,劉才邵（1086-1158），宋人，廬陵人，財政官員。,劉才邵，宋人，籍貫廬陵。生於1086年，卒於1158年。為財政官員。一生主要活動於廬陵。與李彌遜、歐陽伯虎、彭氏(李發母)、羅無兢、劉紀明等人交遊唱和。,76
1647,蔡確,宋,蔡確，宋人，晉江人，財政官員、宰執。,蔡確，宋人，籍貫晉江。為財政官員、宰執。一生主要活動於晉江。與吳處厚、王安石、裴彥臣、蘇轍、汪應辰等人交遊唱和。,56
1768,王欽若,宋,王欽若（962-1025），宋人，新喻人，財政官員、宰執。,王欽若，宋人，籍貫新喻。生於962年，卒於1025年。為財政官員、宰執。一生主要活動於新喻。與夏竦、丁謂、任顓、劉忠順、林特等人交遊唱和。,69
7084,王鞏,宋,王鞏（?- 0），宋人，莘縣人，詩人、為官者、入元祐黨籍者。,王鞏，宋人，籍貫莘縣。卒於0年。為詩人、為官者、入元祐黨籍者。一生主要活動於莘縣。與蘇軾、蘇轍、張方平、黃庭堅、周必大等人交遊唱和。,66
10010,唐仲友,宋,唐仲友（1136-1188），宋人，金華人，天文學家（星象家）、史學家、理學家。,唐仲友，宋人，籍貫金華。生於1136年，卒於1188年。為天文學家（星象家）、史學家、理學家。一生主要活動於金華。與朱熹、周必大、丁時發、葉秀發、傅定等人交遊唱和。,82
10245,吳玠,宋,吳玠（?- 1139），宋人，成都人，武官。,吳玠，宋人，籍貫成都。卒於1139年。為武官。一生主要活動於成都、德順軍、隴干、水洛城、清海軍節度。與劉子羽、魏了翁、高萬、盧法原、牛皓等人交遊唱和。,75
27800,陽枋,宋,陽枋（1187-1267），宋人，巴川人，為官者。,陽枋，宋人，籍貫巴川。生於1187年，卒於1267年。為官者。一生主要活動於巴川。與王謹禮、㬊淵、陽恪、陽景春、陽鼐等人交遊唱和。,65
37205,曾耒,宋,曾耒（0-0），宋人，晉江人，為官者。,曾耒，宋人，籍貫晉江。生於0年，卒於0年。為官者。一生主要活動於晉江。與陳景俊、周必大、宋价、范仲藝、釋祖道等人交遊唱和。,61
39257,丘崈,宋,丘崈，宋人，江陰軍人，宰執。,丘崈，宋人，籍貫江陰軍。為宰執。一生主要活動於江陰軍。與劉宰、呂祖謙、虞允文、葉適、衛涇等人交遊唱和。,51
44099,馬遠,宋,馬遠，宋人，錢塘人，畫家。,馬遠，宋人，籍貫錢塘。為畫家。一生主要活動於錢塘、河中府。與林金蘭、邵南、戴璡、范禮、沈希遠等人交遊唱和。,53
49698,董源,宋,董源，宋人，江南人，畫家。,董源，宋人，籍貫江南。為畫家。一生主要活動於江南。與祁豸佳、張文樞、萬弘衟、周鼐、周熙載等人交遊唱和。,51
593,范雍,宋,范雍（979-1046），宋人，洛陽人，藏書家、好金石、財政官員。,范雍，宋人，籍貫洛陽。生於979年，卒於1046年。為藏書家、好金石、財政官員。一生主要活動於洛陽、仁壽、太原。與計用章、楊氏(趙恆妃)、呂夷簡、蕭揔、寇準等人交遊唱和。,85
971,李常,宋,李常（1027-1090），宋人，建昌人，為官者、王安石新法反對者、財政官員。,李常，宋人，籍貫建昌。生於1027年，卒於1090年。為官者、王安石新法反對者、財政官員。一生主要活動於建昌。與黃庭堅、蘇軾、王安石、范祖禹、杜汝霖等人交遊唱和。,81
1646,蔡齊,宋,蔡齊（988-1039），宋人，膠水人，財政官員、宰執。,蔡齊，宋人，籍貫膠水。生於988年，卒於1039年。為財政官員、宰執。一生主要活動於膠水。與張方平、范仲淹、歐陽修、郭勸、楊偕等人交遊唱和。,70
1901,王曾,宋,王曾（978-1038），宋人，開封人，財政官員、宰執。,王曾，宋人，籍貫開封。生於978年，卒於1038年。為財政官員、宰執。一生主要活動於開封、益都。與宋祁、嵇穎、富弼、符惟忠、尹洙等人交遊唱和。,71
1960,吳充,宋,吳充（1021-1080），宋人，浦城人，財政官員、宰執。,吳充，宋人，籍貫浦城。生於1021年，卒於1080年。為財政官員、宰執。一生主要活動於浦城。與歐陽修、司馬光、蔡確、王安石、沈遼等人交遊唱和。,71
3050,陳長方,宋,陳長方（1108-1148），宋人，吳江人，地方士人/鄉紳、為官者。,陳長方，宋人，籍貫吳江。生於1108年，卒於1148年。為地方士人/鄉紳、為官者。一生主要活動於吳江、閩縣、長樂。與胡嶧、胡百能、黃端冕、唐瑑、陳少方等人交遊唱和。,82
3690,潘景憲,宋,潘景憲（1134-1190），宋人，金華人，富豪、為官者。,潘景憲，宋人，籍貫金華。生於1134年，卒於1190年。為富豪、為官者。一生主要活動於金華。與呂祖謙、朱熹、汪應辰、王十朋、芮燁等人交遊唱和。,71
7106,邢恕,宋,邢恕（0-0），宋人，雍邱人，門客、好金石、為官者。,邢恕，宋人，籍貫雍邱。生於0年，卒於0年。為門客、好金石、為官者。一生主要活動於雍邱、陽武。與司馬光、文及甫、章惇、程顥、陳傅良等人交遊唱和。,71
8031,賈昌朝,宋,賈昌朝（998-1065），宋人，開封人，宰執。,賈昌朝，宋人，籍貫開封。生於998年，卒於1065年。為宰執。一生主要活動於獲鹿、開封。與王安石、強至、宋祁、錢明逸、李士良等人交遊唱和。,69
9001,趙匡胤,宋,趙匡胤（927-976），宋人，開封人，武將、統治者、孝子/孝女。,趙匡胤，宋人，籍貫開封。生於927年，卒於976年。為武將、統治者、孝子/孝女。一生主要活動於開封、如東、宋城。與王安石、李謙昇、董宗本、杜審瓊、杜審肇等人交遊唱和。,83
10349,汪大猷,宋,汪大猷（1120-1200），宋人，鄞縣人，為官者。,汪大猷，宋人，籍貫鄞縣。生於1120年，卒於1200年。為官者。一生主要活動於鄞縣。與鄭若冲、史浩、張祖順、趙不枯、樓士穎等人交遊唱和。,68
11957,韓駒,宋,韓駒（0-1135），宋人，井研人，為官者。,韓駒，宋人，籍貫井研。生於0年，卒於1135年。為官者。一生主要活動於井研、隆州。與周必大、陸游、范季隨、釋宗杲、蘇轍等人交遊唱和。,66
18588,徐誼,宋,徐誼（?- 1208），宋人，平陽人，財政官員。,徐誼，宋人，籍貫平陽。卒於1208年。為財政官員。一生主要活動於平陽。與汪莘、韓侂胄、陳傅良、趙汝愚、周必大等人交遊唱和。,61
27784,徐經孫,宋,徐經孫（1192-1273），宋人，豐城人，為官者。,徐經孫，宋人，籍貫豐城。生於1192年，卒於1273年。為官者。一生主要活動於豐城。與賈似道、劉克莊、厲文翁、徐希周、熊朋來等人交遊唱和。,69
29608,姜夔,宋,姜夔（1155-1221），宋人，武康人，詩人、詞人、士人。,姜夔，宋人，籍貫武康。生於1155年，卒於1221年。為詩人、詞人、士人。一生主要活動於武康、鄱陽。與史達祖、范成大、潘檉、辛棄疾、單煒等人交遊唱和。,75
40916,李芾,宋,李芾（?- 1276），宋人，衡州人，經學家—禮經。,李芾，宋人，籍貫衡州。卒於1276年。為經學家—禮經。一生主要活動於開封府、洺州、衡州。與尹穀、魏了翁、文天祥、牟子才、徐卿孫等人交遊唱和。,70
1,安惇,宋,安惇（1042-1104），宋人，廣安軍人，財政官員、宰執。,安惇，宋人，籍貫廣安軍。生於1042年，卒於1104年。為財政官員、宰執。一生主要活動於廣安軍。與章惇、司馬光、劉摯、華鎮、安燾等人交遊唱和。,71
98,陳堯佐,宋,陳堯佐（963-1044），宋人，管城人，詩人、史學家、習於道術。,陳堯佐，宋人，籍貫管城。生於963年，卒於1044年。為詩人、史學家、習於道術。一生主要活動於西水、管城。與歐陽修、楊氏(趙恆妃)、王師顏、范仲淹、种放等人交遊唱和。,83
738,辛次膺,宋,辛次膺（1092-1170），宋人，丹徒人，孝子/孝女、財政官員、宰執。,辛次膺，宋人，籍貫丹徒。生於1092年，卒於1170年。為孝子/孝女、財政官員、宰執。一生主要活動於丹徒、萊州、掖縣。與真德秀、秦檜、魏了翁、陳傅良、趙善括等人交遊唱和。,85
8004,陳與義,宋,陳與義，宋人，洛陽人，詩人、宰執。,陳與義，宋人，籍貫洛陽。為詩人、宰執。一生主要活動於洛陽、青城。與周必大、姜仲謙、葛勝仲、張嵲、朱熹等人交遊唱和。,57
8065,黃潛善,宋,黃潛善（0-1129），宋人，邵武人，宰執。,黃潛善，宋人，籍貫邵武。生於0年，卒於1129年。為宰執。一生主要活動於邵武。與趙士褭、許景衡、馮檝、歐陽澈、邢煥等人交遊唱和。,64
8136,曾公亮,宋,曾公亮（999-1078），宋人，晉江人，宰執。,曾公亮，宋人，籍貫晉江。生於999年，卒於1078年。為宰執。一生主要活動於晉江。與王安石、曾布、歐陽修、宋祁、釋契嵩等人交遊唱和。,66
9004,趙禎,宋,趙禎（1010-1063），宋人，開封人，宗子、統治者、皇帝。,趙禎，宋人，籍貫開封。生於1010年，卒於1063年。為宗子、統治者、皇帝。一生主要活動於開封。與唐士恥、歐陽修、劉克莊、曹修古、郭諮等人交遊唱和。,74
10157,洪邁,宋,洪邁（1123-1202），宋人，鄱陽人，博學之人、為官者。,洪邁，宋人，籍貫鄱陽。生於1123年，卒於1202年。為博學之人、為官者。一生主要活動於鄱陽。與余元發、馬廷鸞、王十朋、秦檜、周頡等人交遊唱和。,72
12995,黃庶,宋,黃庶（0-0），宋人，分寧人，詩人、為官者。,黃庶，宋人，籍貫分寧。生於0年，卒於0年。為詩人、為官者。一生主要活動於分寧。與向宗道、雷簡夫、富弼、范仲淹、章得象等人交遊唱和。,65
14310,种放,宋,种放（0-1015），宋人，洛陽人，好學、隱居（有隱德）、為官者。,种放，宋人，籍貫洛陽。生於0年，卒於1015年。為好學、隱居（有隱德）、為官者。一生主要活動於洛陽。與李溉、高弁、宋澥、張無夢、張荷等人交遊唱和。,73
14406,陳著,宋,陳著（0-0），宋人，臨海人，為官者。,陳著，宋人，籍貫臨海。生於0年，卒於0年。為官者。一生主要活動於臨海。與孫書、胡應之、常楙、文天祥、趙汝楳等人交遊唱和。,60
15259,喬行簡,宋,喬行簡（1156-1241），宋人，東陽人，財政官員、宰執。,喬行簡，宋人，籍貫東陽。生於1156年，卒於1241年。為財政官員、宰執。一生主要活動於東陽。與魏了翁、胡楚材、樓鏞、劉震孫、方大琮等人交遊唱和。,73
20043,吳思齊,宋,吳思齊（1238-1301），宋人，永康人，隱士、為官者。,吳思齊，宋人，籍貫永康。生於1238年，卒於1301年。為隱士、為官者。一生主要活動於永康、浦江、桐廬。與謝翱、柳貫、黃溍、賈似道、宋濂等人交遊唱和。,75
20457,劉羲仲,宋,劉羲仲（0-0），宋人，星子人，史學家、為官者、隱居（有隱德）。,劉羲仲，宋人，籍貫星子。生於0年，卒於0年。為史學家、為官者、隱居（有隱德）。一生主要活動於南安、星子。與晁說之、黃庭堅、晁補之、蘇軾等人交遊唱和。,74
20699,馬光祖,宋,馬光祖，宋人，東陽人，財政官員、宰執。,馬光祖，宋人，籍貫東陽。為財政官員、宰執。一生主要活動於東陽、金華。與方大琮、崔友諒等人交遊唱和。,49
24788,倪思,宋,倪思（1147-1220），宋人，歸安人，為官者。,倪思，宋人，籍貫歸安。生於1147年，卒於1220年。為官者。一生主要活動於歸安。與韓侂胄、史彌遠、劉宰、真德秀、袁燮等人交遊唱和。,66
34891,釋道潛,宋,釋道潛（0-0），宋人，於潛人，詩人、僧人。,釋道潛，宋人，籍貫於潛。生於0年，卒於0年。為詩人、僧人。一生主要活動於於潛。與蘇軾、釋環省、汪汝謙、蘇過、劉和叔等人交遊唱和。,64
575273,釋法雨,宋,釋法雨（1043-1102），宋人，襄垣人，僧人。,釋法雨，宋人，籍貫襄垣。生於1043年，卒於1102年。為僧人。一生主要活動於上黨、襄垣、潞州。與釋智海、釋智定、釋智元、釋智福、釋智登等人交遊唱和。,75
1144,廖剛,宋,廖剛（1071-1143），宋人，順昌人，財政官員。,廖剛，宋人，籍貫順昌。生於1071年，卒於1143年。為財政官員。一生主要活動於順昌。與秦檜、蔡卞、上官惕、張哿、謝克家等人交遊唱和。,67
1408,蒲宗孟,宋,蒲宗孟，宋人，南部人，財政官員、宰執。,蒲宗孟，宋人，籍貫南部。為財政官員、宰執。一生主要活動於南部、新井。與蘇軾、陽孝本、唐慎微、呂惠卿、趙仲瞞等人交遊唱和。,60
1786,王之道,宋,王之道（1093-1169），宋人，巢縣人，財政官員。,王之道，宋人，籍貫巢縣。生於1093年，卒於1169年。為財政官員。一生主要活動於含山、巢縣。與釋思古、秦檜、趙若虛、陳師良、孫氏(王之道妻)等人交遊唱和。,78
1941,魏杞,宋,魏杞（1121-1184），宋人，鄞縣人，財政官員、宰執。,魏杞，宋人，籍貫鄞縣。生於1121年，卒於1184年。為財政官員、宰執。一生主要活動於鄞縣、壽春、下蔡。與朱熹、趙敦臨、袁燮、史浩、鄭清之等人交遊唱和。,76
7360,崔敦詩,宋,崔敦詩（?- 1182），宋人，常熟人，為官者。,崔敦詩，宋人，籍貫常熟。卒於1182年。為官者。一生主要活動於常熟、靜海。與宋若水、勾昌泰、王明發、沈揆、柳大雅等人交遊唱和。,63
10831,李心傳,宋,李心傳（1167-1244），宋人，井研人，史學家、校堪學家、為官者。,李心傳，宋人，籍貫井研。生於1167年，卒於1244年。為史學家、校堪學家、為官者。一生主要活動於井研。與魏了翁、高斯得、虞剛簡、范仲黼、員興宗等人交遊唱和。,79
11110,黃公度,宋,黃公度（1109-1156），宋人，莆田人，為官者。,黃公度，宋人，籍貫莆田。生於1109年，卒於1156年。為官者。一生主要活動於莆田。與秦檜、黃沃、林孔彰、邢孝揚、丁婁明等人交遊唱和。,67
15106,趙孟堅,宋,趙孟堅（1199-1263），宋人，海鹽人，畫家、詩人、史學家。,趙孟堅，宋人，籍貫海鹽。生於1199年，卒於1263年。為畫家、詩人、史學家。一生主要活動於海鹽。與孫夢觀、史亞卿、趙與旹、趙與𥲅、釋智愚等人交遊唱和。,76
15286,綦崇禮,宋,綦崇禮（1083-1142），宋人，北海人，音樂學家、詞人、為官者。,綦崇禮，宋人，籍貫北海。生於1083年，卒於1142年。為音樂學家、詞人、為官者。一生主要活動於北海。與潘特竦、呂頤浩、史浩、王之望、范宗尹等人交遊唱和。,77
16049,江公望,宋,江公望（0-0），宋人，建德人，結社、為官者、入元祐黨籍者。,江公望，宋人，籍貫建德。生於0年，卒於0年。為結社、為官者、入元祐黨籍者。一生主要活動於建德。與劉克莊、朱熹、袁燮、真德秀、梁寅等人交遊唱和。,71
17112,陸秀夫,宋,陸秀夫（1237-?），宋人，鹽城人，宰執。,陸秀夫，宋人，籍貫鹽城。生於1237年。為宰執。一生主要活動於鹽城、丹徒。與鄧光薦、黃溍、龔開、衛富益、劉鼎孫等人交遊唱和。,62
20221,劉几,宋,劉几（1008-1088），宋人，洛陽人，精於某種樂器、為官者。,劉几，宋人，籍貫洛陽。生於1008年，卒於1088年。為精於某種樂器、為官者。一生主要活動於洛陽。與文彥博、尹洙、張方平、賈昌朝、曾公亮等人交遊唱和。,75
21240,蘇庠,宋,蘇庠，宋人，丹徒人，詩人、隱士、不求仕。,蘇庠，宋人，籍貫丹徒。為詩人、隱士、不求仕。一生主要活動於泉州、丹徒。與孫齍、釋惠洪、蘇軾、朱熹、魏了翁等人交遊唱和。,59
21619,丁寶臣,宋,丁寶臣（1010-1067），宋人，武進人，為官者。,丁寶臣，宋人，籍貫武進。生於1010年，卒於1067年。為官者。一生主要活動於晉陵、武進。與歐陽修、王安石、劉攽、趙曙等人交遊唱和。,66
25776,徐鹿卿,宋,徐鹿卿（1189-1250），宋人，豐城人，為官者。,徐鹿卿，宋人，籍貫豐城。生於1189年，卒於1250年。為官者。一生主要活動於豐城。與劉克莊、真德秀、方大琮、丁中、曾嶧等人交遊唱和。,67
29869,徐積,宋,徐積（1028-1103），宋人，山陽人，處士、孝子/孝女、為官者。,徐積，宋人，籍貫山陽。生於1028年，卒於1103年。為處士、孝子/孝女、為官者。一生主要活動於山陽。與汪應辰、江端禮、馬存、趙師旦、陸游等人交遊唱和。,76
38864,范寬,宋,范寬（0-0），宋人，華原人，畫家。,范寬，宋人，籍貫華原。生於0年，卒於0年。為畫家。一生主要活動於萬年、華陰、華原。與林谷成、商訓、楊安道、甯濤、紀真等人交遊唱和。,65
40009,胡三省,宋,胡三省（1229-1302），宋人，寧海人，為官者、遺民、思想家。,胡三省，宋人，籍貫寧海。生於1229年，卒於1302年。為官者、遺民、思想家。一生主要活動於寧海。與袁桷、賈似道、汪宗臣、司馬光、全祖望等人交遊唱和。,75
40789,李誠之,宋,李誠之（1153-1221），宋人，東陽人，好學。,李誠之，宋人，籍貫東陽。生於1153年，卒於1221年。為好學。一生主要活動於東陽。與袁燮、真德秀、劉克莊、呂祖謙等人交遊唱和。,64
578,范百祿,宋,范百祿（1030-1094），宋人，開封人，財政官員、入元祐黨籍者、宰執。,范百祿，宋人，籍貫開封。生於1030年，卒於1094年。為財政官員、入元祐黨籍者、宰執。一生主要活動於華陽、開封。與范祖禹、蘇軾、黃庭堅、宋承之等人交遊唱和。,79
735,鮮于侁,宋,鮮于侁（1019-1087），宋人，閬中人，財政官員、入元祐黨籍者。,鮮于侁，宋人，籍貫閬中。生於1019年，卒於1087年。為財政官員、入元祐黨籍者。一生主要活動於閬中。與蘇軾、魏了翁、王安石、范純仁、范祖禹等人交遊唱和。,77
965,雷簡夫,宋,雷簡夫（0-0），宋人，長安人，書院山長、酋長、隱居（有隱德）。,雷簡夫，宋人，籍貫長安。生於0年，卒於0年。為書院山長、酋長、隱居（有隱德）。一生主要活動於長安、郃陽。與蘇洵、黃庭堅、蘇轍、蘇軾、張方平等人交遊唱和。,76
1615,田錫,宋,田錫（940-1003），宋人，京兆府人，史學家、財政官員。,田錫，宋人，籍貫京兆府。生於940年，卒於1003年。為史學家、財政官員。一生主要活動於京兆府、洪雅。與司馬光、盧多遜、蘇軾、范仲淹、田懿等人交遊唱和。,76
3941,王洙,宋,王洙（997-1057），宋人，宋城人，書法家、數學家、史學家。,王洙，宋人，籍貫宋城。生於997年，卒於1057年。為書法家、數學家、史學家。一生主要活動於宋城。與范仲淹、梅堯臣、歐陽修、王安石、王師顏等人交遊唱和。,76
7076,王安國,宋,王安國（1028-1074），宋人，臨川人，為官者、思想家。,王安國，宋人，籍貫臨川。生於1028年，卒於1074年。為官者、思想家。一生主要活動於臨川。與蘇軾、釋贊元、施大任、晁補之、王安石等人交遊唱和。,72
7376,王詵,宋,王詵（0-0），宋人，長安人，書法家、畫家、詩人。,王詵，宋人，籍貫長安。生於0年，卒於0年。為書法家、畫家、詩人。一生主要活動於開封府、長安、陽曲。與蘇軾、黃庭堅、范純禮等人交遊唱和。,67
8082,李邴,宋,李邴（1085-1146），宋人，晉江人，宰執。,李邴，宋人，籍貫晉江。生於1085年，卒於1146年。為宰執。一生主要活動於晉江、鉅野、泉州。與釋宗杲、周必大、苗傅、朱熹、傅察等人交遊唱和。,71
8142,汪伯彥,宋,汪伯彥（1069-1141），宋人，祁門人，宰執。,汪伯彥，宋人，籍貫祁門。生於1069年，卒於1141年。為宰執。一生主要活動於祁門。與林安上、馬伸、邵成章、張所、吳順之等人交遊唱和。,67
8153,王旦,宋,王旦（957-1017），宋人，開封人，史學家、宰執。,王旦，宋人，籍貫開封。生於957年，卒於1017年。為史學家、宰執。一生主要活動於開封、莘縣。與葉適、孔武仲、周必大、王禹偁、歐陽修等人交遊唱和。,73
11053,鄭僑,宋,鄭僑（0-0），宋人，仙遊人，書法家、經學家—春秋、宰執。,鄭僑，宋人，籍貫仙遊。生於0年，卒於0年。為書法家、經學家—春秋、宰執。一生主要活動於仙遊、永福、莆田。與朱熹、張貴謨、范仲藝、雷孝友、施康年等人交遊唱和。,78
11357,龔茂良,宋,龔茂良（0-1178），宋人，莆田人，宰執。,龔茂良，宋人，籍貫莆田。生於0年，卒於1178年。為宰執。一生主要活動於莆田。與朱熹、陸游、謝廓然、龍大淵、潘預等人交遊唱和。,63
11450,林栗,宋,林栗（0-0），宋人，福清人，理學家、為官者。,林栗，宋人，籍貫福清。生於0年，卒於0年。為理學家、為官者。一生主要活動於福清。與朱熹、葉適、陳士楚、胡晉臣、黃顏榮等人交遊唱和。,65
15449,黃次山,宋,黃次山（?- 1139），宋人，臨川人，為官者。,黃次山，宋人，籍貫臨川。卒於1139年。為官者。一生主要活動於臨川、豐城。與胡世將、王安石、危素、釋義光、杜崯等人交遊唱和。,62
18063,賀鑄,宋,賀鑄（1052-1125），宋人，吳縣人，藏書家、校堪學家、曲作家。,賀鑄，宋人，籍貫吳縣。生於1052年，卒於1125年。為藏書家、校堪學家、曲作家。一生主要活動於吳縣、衛州、開封。與李之儀、范祖禹、方安行、王拙等人交遊唱和。,79
20419,劉恕,宋,劉恕（1032-1078），宋人，星子人，史學家、為官者、思想家。,劉恕，宋人，籍貫星子。生於1032年，卒於1078年。為史學家、為官者、思想家。一生主要活動於星子、高安。與司馬光、薛季宣、晁說之、蘇軾、范祖禹等人交遊唱和。,79
21356,孫夢觀,宋,孫夢觀（1200-1257），宋人，慈溪人，布衣、良吏;循吏、為官者。,孫夢觀，宋人，籍貫慈溪。生於1200年，卒於1257年。為布衣、良吏;循吏、為官者。一生主要活動於慈溪。與趙孟堅、危素、史嵩之、徐清叟、常挺等人交遊唱和。,77
27723,游九言,宋,游九言（1142-1206），宋人，建陽人，為官者。,游九言，宋人，籍貫建陽。生於1142年，卒於1206年。為官者。一生主要活動於建陽。與朱熹、趙師秀、范楷、魏了翁、楊邦乂等人交遊唱和。,67
27773,高登,宋,高登（?- 1148），宋人，漳浦人，大學生、為官者。,高登，宋人，籍貫漳浦。卒於1148年。為大學生、為官者。一生主要活動於漳浦。與秦檜、朱熹、林宗臣、种師道、陳景肅等人交遊唱和。,63
35109,吳仁傑,宋,吳仁傑（0-0），宋人，崑山人，收徒講學、理學家、為官者。,吳仁傑，宋人，籍貫崑山。生於0年，卒於0年。為收徒講學、理學家、為官者。一生主要活動於崑山、洛陽。與朱熹、陳茂英、龔昱、陳傅良、曾絳等人交遊唱和。,73
42572,孟賓于,宋,孟賓于，宋人，連州人，詩人、文人、工於文。,孟賓于，宋人，籍貫連州。為詩人、文人、工於文。一生主要活動於連州、太原。與王禹偁、韓熙載、杜甫、顏詡、符蒙等人交遊唱和。,60
79,陳師錫,宋,陳師錫，宋人，建陽人，史學家、好金石、財政官員。,陳師錫，宋人，籍貫建陽。為史學家、好金石、財政官員。一生主要活動於建陽。與蘇軾、蔡卞、韋驤、李之儀、史浩等人交遊唱和。,59
1078,李師中,宋,李師中（1013-1078），宋人，須城人，為官者、財政官員。,李師中，宋人，籍貫須城。生於1013年，卒於1078年。為官者、財政官員。一生主要活動於須城、東光、楚丘。與司馬光、蘇軾、富弼、范仲淹、王安石等人交遊唱和。,78
1316,呂公弼,宋,呂公弼（1007-1073），宋人，開封人，財政官員、宰執。,呂公弼，宋人，籍貫開封。生於1007年，卒於1073年。為財政官員、宰執。一生主要活動於壽州、開封。與王安石、歐陽修、宋道隆、吳師孟等人交遊唱和。,73
1353,馬遵,宋,馬遵，宋人，樂平人，財政官員。,馬遵，宋人，籍貫樂平。為財政官員。一生主要活動於樂平。與馬廷鸞、王安石、吳師道、歐陽修、梁適等人交遊唱和。,53
1460,沈與求,宋,沈與求（1086-1137），宋人，德清人，財政官員、宰執。,沈與求，宋人，籍貫德清。生於1086年，卒於1137年。為財政官員、宰執。一生主要活動於德清。與劉一止、盛允升、劉韐、李彌大、辛炳等人交遊唱和。,72
3880,曹友聞,宋,曹友聞（0-1236），宋人，同谷人，死國難、為官者。,曹友聞，宋人，籍貫同谷。生於0年，卒於1236年。為死國難、為官者。一生主要活動於同谷、栗亭、靈壽。與全貴、夏用、呂嗣宗、劉孝全、魏了翁等人交遊唱和。,75
10579,薛叔似,宋,薛叔似（?- 1221），宋人，永嘉人，天文學家（星象家）、理學家、博學之人。,薛叔似，宋人，籍貫永嘉。卒於1221年。為天文學家（星象家）、理學家、博學之人。一生主要活動於永嘉、河東。與韓侂胄、史浩、朱熹、呂渭孫、林夢英等人交遊唱和。,78
10794,虞剛簡,宋,虞剛簡（1164-1227），宋人，仁壽人，收徒講學、良吏;循吏、為官者。,虞剛簡，宋人，籍貫仁壽。生於1164年，卒於1227年。為收徒講學、良吏;循吏、為官者。一生主要活動於仁壽。與魏了翁、范仲黼、李心傳等人交遊唱和。,73
10915,羅點,宋,羅點（1150-1194），宋人，崇仁人，宰執。,羅點，宋人，籍貫崇仁。生於1150年，卒於1194年。為宰執。一生主要活動於崇仁。與魏了翁、劉宰、杜範、袁燮、真德秀等人交遊唱和。,65
11433,方士繇,宋,方士繇（1148-1199），宋人，崇安人，收徒講學、理學家、經學家—易經。,方士繇，宋人，籍貫崇安。生於1148年，卒於1199年。為收徒講學、理學家、經學家—易經。一生主要活動於崇安、莆田。與朱熹、陸游等人交遊唱和。,71
11826,劉子羽,宋,劉子羽（1097-1146），宋人，崇安人，為官者。,劉子羽，宋人，籍貫崇安。生於1097年，卒於1146年。為官者。一生主要活動於崇安。與朱熹、秦檜、釋宗杲、游九言、張嵲等人交遊唱和。,66
14451,傅伯成,宋,傅伯成（1143-1226），宋人，晉江人，富豪、理學家、詞人。,傅伯成，宋人，籍貫晉江。生於1143年，卒於1226年。為富豪、理學家、詞人。一生主要活動於晉江。與劉克莊、朱熹、卓先、魏了翁、真德秀等人交遊唱和。,74
17926,芮燁,宋,芮燁（1114-1172），宋人，烏程人，為官者。,芮燁，宋人，籍貫烏程。生於1114年，卒於1172年。為官者。一生主要活動於烏程。與秦檜、周必大、朱熹、呂祖謙、陸游等人交遊唱和。,65
18449,項安世,宋,項安世（?- 1208），宋人，江陵人，理學家、為官者。,項安世，宋人，籍貫江陵。卒於1208年。為理學家、為官者。一生主要活動於江陵、處州、松陽。與朱熹、陸九淵、鄭克寬、高斯得、柳貫等人交遊唱和。,70
18685,戴栩,宋,戴栩（0-0），宋人，永嘉人，為官者。,戴栩，宋人，籍貫永嘉。生於0年，卒於0年。為官者。一生主要活動於永嘉。與史浩、葉適、蔣叔輿、戴若冰、婁鑄等人交遊唱和。,59
19430,趙汝談,宋,趙汝談（?- 1237），宋人，祥符人，宗子、財政官員。,趙汝談，宋人，籍貫祥符。卒於1237年。為宗子、財政官員。一生主要活動於祥符、餘杭。與趙汝愚、韓侂胄、劉克莊、朱熹、方大琮等人交遊唱和。,68
19509,郭熙,宋,郭熙（0-0），宋人，河陽人，為官者、畫家。,郭熙，宋人，籍貫河陽。生於0年，卒於0年。為官者、畫家。一生主要活動於河陽、溫縣。與楊士賢、賀真、宋處、馮久照、戴璡等人交遊唱和。,65
21382,孫奭,宋,孫奭（962-1033），宋人，須城人，收徒講學、為官者。,孫奭，宋人，籍貫須城。生於962年，卒於1033年。為收徒講學、為官者。一生主要活動於須城、博平。與宋祁、楊光輔、晁說之、邢昺、崔頤正等人交遊唱和。,74
22123,王陶,宋,王陶（1020-1080），宋人，長社人，為官者。,王陶，宋人，籍貫長社。生於1020年，卒於1080年。為官者。一生主要活動於長社、長安、萬年。與歐陽修、周必大、范純仁、姜愚、孫侔等人交遊唱和。,72
22849,喻樗,宋,喻樗（?- 1180），宋人，建德人，良吏;循吏、財政官員。,喻樗，宋人，籍貫建德。卒於1180年。為良吏;循吏、財政官員。一生主要活動於建德、嚴州。與汪應辰、薛季宣、周必大、秦檜、程顥等人交遊唱和。,69
24925,趙令畤,宋,趙令畤（1061-1134），宋人，錢塘人，結社、為官者、入元祐黨籍者。,趙令畤，宋人，籍貫錢塘。生於1061年，卒於1134年。為結社、為官者、入元祐黨籍者。一生主要活動於錢塘、開封。與蘇軾、李廌、周必大、范祖禹、朱熹等人交遊唱和。,80
37826,安丙,宋,安丙（1148-1221），宋人，廣安軍人，良吏;循吏。,安丙，宋人，籍貫廣安軍。生於1148年，卒於1221年。為良吏;循吏。一生主要活動於廣安軍。與魏了翁、家炎、宇文紹節、宋德之、史彌遠等人交遊唱和。,73
40292,釋顯達,宋,釋顯達（1018-1109），宋人，洛陽人，僧人。,釋顯達，宋人，籍貫洛陽。生於1018年，卒於1109年。為僧人。一生主要活動於洛陽。與釋妙慧、釋妙太、釋妙昇、釋妙遵、釋妙演等人交遊唱和。,69
575289,釋果圜,宋,釋果圜（1072-1119），宋人，曲江人，僧人。,釋果圜，宋人，籍貫曲江。生於1072年，卒於1119年。為僧人。一生主要活動於長安、襄陽、蘇州、韶州、曲江。與釋廣明、釋希淨、姚彥等人交遊唱和。,72
118,程琳,宋,程琳（988-1056），宋人，洛陽人，財政官員、宰執。,程琳，宋人，籍貫洛陽。生於988年，卒於1056年。為財政官員、宰執。一生主要活動於洛陽、博野、新鄭。與歐陽修、程敏政、王安石、張景晟、劉氏(趙恆皇后)等人交遊唱和。,83
165,權邦彥,宋,權邦彥（1080-1133），宋人，婺源人，財政官員、宰執。,權邦彥，宋人，籍貫婺源。生於1080年，卒於1133年。為財政官員、宰執。一生主要活動於婺源、河間、瀛州。與呂頤浩、周葵、梁揚祖、呂廣問、樓炤等人交遊唱和。,78
560,范純禮,宋,范純禮（1031-1106），宋人，洛陽人，財政官員、入元祐黨籍者、宰執。,范純禮，宋人，籍貫洛陽。生於1031年，卒於1106年。為財政官員、入元祐黨籍者、宰執。一生主要活動於吳縣、洛陽。與畢仲游、司馬光、范祖禹、范純仁、蘇轍等人交遊唱和。,83
607,馮京,宋,馮京（1021-1094），宋人，武昌人，財政官員、宰執。,馮京，宋人，籍貫武昌。生於1021年，卒於1094年。為財政官員、宰執。一生主要活動於江夏、武昌。與歐陽修、富弼、周必大、鄧咸、王安石等人交遊唱和。,74
1400,彭汝礪,宋,彭汝礪（1041-1094），宋人，鄱陽人，財政官員。,彭汝礪，宋人，籍貫鄱陽。生於1041年，卒於1094年。為財政官員。一生主要活動於鄱陽。與曾肇、程禦、唐既、陸佃、王安石等人交遊唱和。,67
1411,包拯,宋,包拯（999-1062），宋人，合肥人，宰執、為官者、良吏;循吏。,包拯，宋人，籍貫合肥。生於999年，卒於1062年。為宰執、為官者、良吏;循吏。一生主要活動於合肥。與周必大、朱熹、盧士宏、汪應辰、劉克莊等人交遊唱和。,76
1881,王素,宋,王素（1007-1073），宋人，開封人，農民、農學家、財政官員。,王素，宋人，籍貫開封。生於1007年，卒於1073年。為農民、農學家、財政官員。一生主要活動於開封。與蘇軾、張方平、歐陽修、韓公彥、文彥博等人交遊唱和。,76
1919,王堯臣,宋,王堯臣（1003-1058），宋人，虞城人，財政官員、宰執。,王堯臣，宋人，籍貫虞城。生於1003年，卒於1058年。為財政官員、宰執。一生主要活動於虞城。與歐陽修、李及之、孫惟恭、令狐挻、丁司農等人交遊唱和。,74
7023,仲并,宋,仲并（0-0），宋人，江都人，詩人、強記;博學強記、好學。,仲并，宋人，籍貫江都。生於0年，卒於0年。為詩人、強記;博學強記、好學。一生主要活動於江都。與莊安常、朱勝非、秦檜、周必大、陳靜婉等人交遊唱和。,72
7046,劉光世,宋,劉光世（1089-1142），宋人，錢塘人，武官。,劉光世，宋人，籍貫錢塘。生於1089年，卒於1142年。為武官。一生主要活動於錢塘、保安軍、膚施。與邵青、程全、韓元傑、劉一止、韓雋等人交遊唱和。,73
8066,黃履,宋,黃履（0-0），宋人，邵武人，宰執、入元祐黨籍者。,黃履，宋人，籍貫邵武。生於0年，卒於0年。為宰執、入元祐黨籍者。一生主要活動於邵武。與呂大防、司馬光、趙彥若、范祖禹、曾肇等人交遊唱和。,68
8128,翟汝文,宋,翟汝文，宋人，常熟人，書法家、畫家、宰執。,翟汝文，宋人，籍貫常熟。為書法家、畫家、宰執。一生主要活動於常熟、丹陽。與蔡襄、秦檜、翟繁、翟汝特、汪應辰等人交遊唱和。,60
8134,曹彬,宋,曹彬（931-999），宋人，靈壽人，宰執、牙將、武官。,曹彬，宋人，籍貫靈壽。生於931年，卒於999年。為宰執、牙將、武官。一生主要活動於靈壽。與田敏、查道、史珪、常思德、弭德超等人交遊唱和。,69
10170,江休復,宋,江休復（1005-1060），宋人，陳留人，詩人、圍棋棋手、精於某種樂器。,江休復，宋人，籍貫陳留。生於1005年，卒於1060年。為詩人、圍棋棋手、精於某種樂器。一生主要活動於陳留。與尹洙、歐陽修、黃庭堅、蘇舜欽、司馬光等人交遊唱和。,80
10210,崔敦禮,宋,崔敦禮（?- 1181），宋人，溧陽人，為官者。,崔敦禮，宋人，籍貫溧陽。卒於1181年。為官者。一生主要活動於溧陽、靜海。與周必大、史浩、蔡確、韓駒、林安宅等人交遊唱和。,61
10927,留正,宋,留正（1129-1206），宋人，永春人，宰執。,留正，宋人，籍貫永春。生於1129年，卒於1206年。為宰執。一生主要活動於永春、晉江。與朱熹、胡晉臣、姜特立、趙汝愚、曾三聘等人交遊唱和。,70
12457,方耒,宋,方耒（0-0），宋人，莆田人，良吏;循吏、為官者。,方耒，宋人，籍貫莆田。生於0年，卒於0年。為良吏;循吏、為官者。一生主要活動於莆田。與朱熹、劉克莊、真德秀、王庭珪等人交遊唱和。,64
14103,章穎,宋,章穎，宋人，新喻人，為官者。,章穎，宋人，籍貫新喻。為官者。一生主要活動於新喻。與朱熹、陸九淵、韓侂胄、張淏、汪應辰等人交遊唱和。,50
14885,袁樞,宋,袁樞（1131-1205），宋人，建安人，史學家、經學家—易經、工於作賦。,袁樞，宋人，籍貫建安。生於1131年，卒於1205年。為史學家、經學家—易經、工於作賦。一生主要活動於建安。與朱熹、司馬光、呂祖謙、真德秀等人交遊唱和。,76
18082,林憲,宋,林憲（0-0），宋人，天台人，詩人、為官者。,林憲，宋人，籍貫天台。生於0年，卒於0年。為詩人、為官者。一生主要活動於天台、烏程。與方大琮、王厚之、賀允中等人交遊唱和。,61
18159,史蒙卿,宋,史蒙卿（1247-1306），宋人，鄞縣人，理學家、為官者、收徒講學。,史蒙卿，宋人，籍貫鄞縣。生於1247年，卒於1306年。為理學家、為官者、收徒講學。一生主要活動於臨海、天台、鄞縣。與袁桷、鄧文原、戴表元、朱熹、全祖望等人交遊唱和。,83
18508,黃灝,宋,黃灝（0-0），宋人，都昌人，理學家、孝子/孝女、財政官員。,黃灝，宋人，籍貫都昌。生於0年，卒於0年。為理學家、孝子/孝女、財政官員。一生主要活動於都昌。與朱熹、陳傅良、杜範、司馬光、高閌等人交遊唱和。,71
18705,沈晦,宋,沈晦（1084-1149），宋人，錢塘人，為官者。,沈晦，宋人，籍貫錢塘。生於1084年，卒於1149年。為官者。一生主要活動於錢塘、松陽。與范雩、單時、方雲翼、高布、張絢等人交遊唱和。,67
20027,李道傳,宋,李道傳（1170-1217），宋人，井研人，為官者。,李道傳，宋人，籍貫井研。生於1170年，卒於1217年。為官者。一生主要活動於井研。與魏了翁、胡榘、真德秀、劉宰、朱熹等人交遊唱和。,66
20584,陸九齡,宋,陸九齡（1132-1180），宋人，金谿人，收徒講學、為官者。,陸九齡，宋人，籍貫金谿。生於1132年，卒於1180年。為收徒講學、為官者。一生主要活動於金谿。與朱熹、呂祖謙、舒黻、袁燮、劉堯夫等人交遊唱和。,72
20910,石𡼖,宋,石𡼖（1128-1182），宋人，臨海人，理學家、為官者。,石𡼖，宋人，籍貫臨海。生於1128年，卒於1182年。為理學家、為官者。一生主要活動於新昌、臨海。與朱熹等人交遊唱和。,59
21544,唐璘,宋,唐璘（0-0），宋人，古田人，為官者、孝子/孝女、財政官員。,唐璘，宋人，籍貫古田。生於0年，卒於0年。為官者、孝子/孝女、財政官員。一生主要活動於古田、懷安。與劉克莊、鄭清之、方大琮、李昴英等人交遊唱和。,72
22681,孟珙,宋,孟珙（1195-1246），宋人，歸安人，金石學家、武官。,孟珙，宋人，籍貫歸安。生於1195年，卒於1246年。為金石學家、武官。一生主要活動於歸安、隨州。與劉克莊、高斯得、桂子恭、趙昀、杜範等人交遊唱和。,74
27769,郭祥正,宋,郭祥正（0-0），宋人，當塗人，詩人、為官者。,郭祥正，宋人，籍貫當塗。生於0年，卒於0年。為詩人、為官者。一生主要活動於當塗。與徐子美、胡氏(趙文妻)、梅堯臣、鍾離景伯、徐子山等人交遊唱和。,72
37892,石一鰲,宋,石一鰲（0-0），宋人，義烏人，為官者、理學家、長於制舉之文。,石一鰲，宋人，籍貫義烏。生於0年，卒於0年。為官者、理學家、長於制舉之文。一生主要活動於義烏。與黃溍、王龍澤、許熹、許勳、許文昌等人交遊唱和。,71
38487,朱勔,宋,朱勔，宋人，蘇州人。,朱勔，宋人，籍貫蘇州。一生主要活動於蘇州。與毛友、方臘、陳過庭、余應球、趙訓之等人交遊唱和。,46
43532,姚奭,宋,姚奭（1015-1071），宋人，洛陽人，為官者。,姚奭，宋人，籍貫洛陽。生於1015年，卒於1071年。為官者。一生主要活動於洛陽、梓州路。與邵雍、梁適、文彥博、賈昌朝、任逵等人交遊唱和。,69
5,查籥,宋,查籥（0-0），宋人，江陵人，為官者、財政官員。,查籥，宋人，籍貫江陵。生於0年，卒於0年。為官者、財政官員。一生主要活動於江陵、海陵、荊門軍。與杜莘老、陸游、汪應辰、林光朝、馮方等人交遊唱和。,72
405,折彥質,宋,折彥質（?- 1160），宋人，郴縣人，財政官員、宰執。,折彥質，宋人，籍貫郴縣。卒於1160年。為財政官員、宰執。一生主要活動於郴縣、崞縣、雲中。與秦檜、周必大、廖邃明、尹焞、呂頤浩等人交遊唱和。,70
591,范育,宋,范育（0-0），宋人，三水人，孝子/孝女、好金石、財政官員。,范育，宋人，籍貫三水。生於0年，卒於0年。為孝子/孝女、好金石、財政官員。一生主要活動於三水。與郭景脩、文彥博、王氏(蘇通妻)、呂大臨、蘇通等人交遊唱和。,77
727,謝絳,宋,謝絳（994-1039），宋人，穰縣人，良吏;循吏、財政官員。,謝絳，宋人，籍貫穰縣。生於994年，卒於1039年。為良吏;循吏、財政官員。一生主要活動於穰縣、富陽、吳江。與歐陽修、梅堯臣、王安石、尹洙、范仲淹等人交遊唱和。,80
911,高若訥,宋,高若訥（997-1055），宋人，榆次人，天文學家（星象家）、醫學、財政官員。,高若訥，宋人，籍貫榆次。生於997年，卒於1055年。為天文學家（星象家）、醫學、財政官員。一生主要活動於衛州、榆次。與歐陽修、王安石、呂景初、范仲淹、宋祁等人交遊唱和。,85
1373,万俟卨,宋,万俟卨（1083-1157），宋人，長壽人，宰執、財政官員。,万俟卨，宋人，籍貫長壽。生於1083年，卒於1157年。為宰執、財政官員。一生主要活動於長壽。與岳飛、秦檜、何鑄、何彥猷、岳雲等人交遊唱和。,70
1541,孫抃,宋,孫抃（996-1064），宋人，管城人，藏書家、財政官員、宰執。,孫抃，宋人，籍貫管城。生於996年，卒於1064年。為藏書家、財政官員、宰執。一生主要活動於管城、眉山。與蘇頌、寇準、梁適、吳中復、丁度等人交遊唱和。,75
1611,滕宗諒,宋,滕宗諒，宋人，洛陽人，財政官員。,滕宗諒，宋人，籍貫洛陽。為財政官員。一生主要活動於洛陽。與范仲淹、歐陽修、蘇舜欽、張方平、郭京等人交遊唱和。,54
1882,王隨,宋,王隨，宋人，河陽人，財政官員、宰執。,王隨，宋人，籍貫河陽。為財政官員、宰執。一生主要活動於河陽、河南、洛陽。與林倩、陸佃、釋延壽、釋小壽、釋惟淨等人交遊唱和。,61
2032,楊畏,宋,楊畏（1044-1112），宋人，洛陽人，孝子/孝女、好學、財政官員。,楊畏，宋人，籍貫洛陽。生於1044年，卒於1112年。為孝子/孝女、好學、財政官員。一生主要活動於洛陽。與呂惠卿、王安石、來之邵、呂大防、劉摯等人交遊唱和。,78
3103,程珦,宋,程珦（1006-1090），宋人，洛陽人，為官者、思想家。,程珦，宋人，籍貫洛陽。生於1006年，卒於1090年。為官者、思想家。一生主要活動於洛陽。與文彥博、程敏政、程頤、蘇頌、司馬旦等人交遊唱和。,70
3258,朱翌,宋,朱翌（1097-1167），宋人，鄞縣人，為官者。,朱翌，宋人，籍貫鄞縣。生於1097年，卒於1167年。為官者。一生主要活動於鄞縣、懷寧。與秦檜、周必大、陸游、晁說之、釋仲晚等人交遊唱和。,69
8060,徐俯,宋,徐俯，宋人，分寧人，詩人、宰執。,徐俯，宋人，籍貫分寧。為詩人、宰執。一生主要活動於分寧。與黃庭堅、成子、林彖、張邦昌、梁寅等人交遊唱和。,52
8122,湯思退,宋,湯思退（1117-1164），宋人，青田人，宰執。,湯思退，宋人，籍貫青田。生於1117年，卒於1164年。為宰執。一生主要活動於青田。與薛季宣、釋宗杲、秦檜、辛次膺、汪澈等人交遊唱和。,67
10555,輔廣,宋,輔廣（0-0），宋人，崇德人，收徒講學、理學家、士人。,輔廣，宋人，籍貫崇德。生於0年，卒於0年。為收徒講學、理學家、士人。一生主要活動於崇德、趙州。與朱熹、余端臣、朱鵬飛、呂祖謙、袁桷等人交遊唱和。,72
10617,洪芻,宋,洪芻（0-0），宋人，南昌人，為官者、入元祐黨籍者。,洪芻，宋人，籍貫南昌。生於0年，卒於0年。為官者、入元祐黨籍者。一生主要活動於南昌。與黃庭堅、周紫芝、劉克莊、朱熹、梁寅等人交遊唱和。,67
10640,史堯弼,宋,史堯弼（0-0），宋人，丹稜人，為官者。,史堯弼，宋人，籍貫丹稜。生於0年，卒於0年。為官者。一生主要活動於丹稜。與宇文時中、程敦厚、史堯俟、彭氏(楊椿母)、釋紹宗等人交遊唱和。,68
10702,王師愈,宋,王師愈（1122-1190），宋人，金華人，財政官員。,王師愈，宋人，籍貫金華。生於1122年，卒於1190年。為財政官員。一生主要活動於金華。與朱熹、呂祖儉、呂祖謙等人交遊唱和。,62
11075,林公遇,宋,林公遇（1189-1246），宋人，福清人，孝子/孝女、為官者。,林公遇，宋人，籍貫福清。生於1189年，卒於1246年。為孝子/孝女、為官者。一生主要活動於福清。與劉克莊、方大琮等人交遊唱和。,64
11372,豐稷,宋,豐稷（1033-1107），宋人，鄞縣人，為官者、入元祐黨籍者。,豐稷，宋人，籍貫鄞縣。生於1033年，卒於1107年。為官者、入元祐黨籍者。一生主要活動於鄞縣。與周行己、章惇、安燾、朱熹、張壽鏞等人交遊唱和。,72
11811,劉韐,宋,劉韐（1067-1127），宋人，崇安人，為官者。,劉韐，宋人，籍貫崇安。生於1067年，卒於1127年。為官者。一生主要活動於崇安。與沈與求、陳宗譽、祝奕、張嵲、岳飛等人交遊唱和。,65
12053,王遂,宋,王遂，宋人，金壇人，財政官員。,王遂，宋人，籍貫金壇。為財政官員。一生主要活動於金壇。與劉克莊、劉宰、真德秀、包恢、杜範等人交遊唱和。,51
13303,孫逢吉,宋,孫逢吉（1135-1199），宋人，龍泉人，理學家、為官者。,孫逢吉，宋人，籍貫龍泉。生於1135年，卒於1199年。為理學家、為官者。一生主要活動於龍泉。與韓侂胄、姜夔、劉孝昌、毌昭裔、朱熹等人交遊唱和。,72
13481,曾開,宋,曾開，宋人，山陰人，為官者、思想家。,曾開，宋人，籍貫山陰。為官者、思想家。一生主要活動於山陰、河南府、會稽、洛陽、虔州。與釋宗杲、釋法清、游酢、曾集、周必大等人交遊唱和。,67
14584,葉祖洽,宋,葉祖洽（?- 1118），宋人，上元人，入元祐黨籍者、為官者。,葉祖洽，宋人，籍貫上元。卒於1118年。為入元祐黨籍者、為官者。一生主要活動於上元、江寧、泰寧、邵武。與曾布、江側、蔡確、呂惠卿等人交遊唱和。,71
16877,朱景,宋,朱景（998-1068），宋人，偃師人，為官者。,朱景，宋人，籍貫偃師。生於998年，卒於1068年。為官者。一生主要活動於偃師。與李中師、王尚恭、衛景山、向傳式、魚周詢等人交遊唱和。,67
17479,劉安上,宋,劉安上（1069-1128），宋人，永嘉人，地方士人/鄉紳、為邑里所重、為官者。,劉安上，宋人，籍貫永嘉。生於1069年，卒於1128年。為地方士人/鄉紳、為邑里所重、為官者。一生主要活動於永嘉。與薛嘉言、劉安禮、徐氏(劉瑩妻)、葉適、范純仁等人交遊唱和。,87
20415,劉渙,宋,劉渙（1000-1080），宋人，星子人，為官者。,劉渙，宋人，籍貫星子。生於1000年，卒於1080年。為官者。一生主要活動於星子、高安、筠州。與朱熹、蘇轍、陸游、黃庭堅、歐陽修等人交遊唱和。,71
20742,牟子才,宋,牟子才（0-0），宋人，烏程人，為官者。,牟子才，宋人，籍貫烏程。生於0年，卒於0年。為官者。一生主要活動於烏程、井研。與魏了翁、文天祥、賈似道、丁大全、董宋臣等人交遊唱和。,66
21039,時少章,宋,時少章（1204-0），宋人，金華人，書院山長、史學家、博學之人。,時少章，宋人，籍貫金華。生於1204年，卒於0年。為書院山長、史學家、博學之人。一生主要活動於金華。與呂祖謙、邵自元、吳師道、徐徽言、毛㮚等人交遊唱和。,76
24276,孫侔,宋,孫侔（1019-1084），宋人，湖州人，業進士、孝子/孝女、落第士人。,孫侔，宋人，籍貫湖州。生於1019年，卒於1084年。為業進士、孝子/孝女、落第士人。一生主要活動於湖州。與王安石、歐陽修、沈遘、林希等人交遊唱和。,74
24851,歐陽澈,宋,歐陽澈（1091-1127），宋人，崇仁人，布衣。,歐陽澈，宋人，籍貫崇仁。生於1091年，卒於1127年。為布衣。一生主要活動於崇仁。與周必大、陸游、程珌、范應鈴、鄧名世等人交遊唱和。,67
40880,李燔,宋,李燔，宋人，建昌人，理學家。,李燔，宋人，籍貫建昌。為理學家。一生主要活動於建昌。與朱熹、真德秀、方輗、柳貫、劉宰等人交遊唱和。,49
41857,羅椅,宋,羅椅（1213-?），宋人，廬陵人。,羅椅，宋人，籍貫廬陵。生於1213年。一生主要活動於廬陵。與歐陽玄、羅洪先、羅苹、袁氏(羅椅妻)、文天祥等人交遊唱和。,59
43676,唐重,宋,唐重（1083-1128），宋人，彭山人，為官者、死國難。,唐重，宋人，籍貫彭山。生於1083年，卒於1128年。為官者、死國難。一生主要活動於彭山。與范致虛、童貫、魏了翁、程迪、蔡攸等人交遊唱和。,69
62,陳康伯,宋,陳康伯（1097-1165），宋人，弋陽人，財政官員、宰執。,陳康伯，宋人，籍貫弋陽。生於1097年，卒於1165年。為財政官員、宰執。一生主要活動於弋陽。與王十朋、史正志、林彖、陸游、真德秀等人交遊唱和。,72
147,錢公輔,宋,錢公輔，宋人，武進人，財政官員。,錢公輔，宋人，籍貫武進。為財政官員。一生主要活動於武進。與王安石、司馬光、查深、余象、蘇軾等人交遊唱和。,52
252,張綱,宋,張綱（1083-1166），宋人，金壇人，財政官員、宰執。,張綱，宋人，籍貫金壇。生於1083年，卒於1166年。為財政官員、宰執。一生主要活動於丹陽、金壇。與秦檜、周必大、洪邁、李朝正、倪氏(李華妻)等人交遊唱和。,78
336,章服,宋,章服（1106-1173），宋人，永康人，為邑里所重、財政官員。,章服，宋人，籍貫永康。生於1106年，卒於1173年。為邑里所重、財政官員。一生主要活動於鹽官、永康。與朱夏卿、俞畢、戚方、劉祖禮等人交遊唱和。,72
344,章得象,宋,章得象（978-1048），宋人，浦城人，好學、財政官員、宰執。,章得象，宋人，籍貫浦城。生於978年，卒於1048年。為好學、財政官員、宰執。一生主要活動於浦城。與楊億、宋祁、黃挺、章授、歐陽修等人交遊唱和。,72
561,范純粹,宋,范純粹（1046-1117），宋人，洛陽人，為官者、財政官員、入元祐黨籍者。,范純粹，宋人，籍貫洛陽。生於1046年，卒於1117年。為官者、財政官員、入元祐黨籍者。一生主要活動於吳縣、洛陽。與畢仲游、范純仁、梁寬、李清臣、黃庭堅等人交遊唱和。,83
606,馮拯,宋,馮拯（958-1023），宋人，河陽人，財政官員、宰執。,馮拯，宋人，籍貫河陽。生於958年，卒於1023年。為財政官員、宰執。一生主要活動於河陽、偃師、開封。與劉太初、陸游、王世則、趙普、向敏中等人交遊唱和。,76
627,傅堯俞,宋,傅堯俞，宋人，濟源人，富豪、財政官員、入元祐黨籍者。,傅堯俞，宋人，籍貫濟源。為富豪、財政官員、入元祐黨籍者。一生主要活動於濟源、須城。與司馬光、汪應辰、邵雍、范純仁、毛滂等人交遊唱和。,66
644,韓忠彥,宋,韓忠彥（1038-1109），宋人，安陽人，結社、財政官員、入元祐黨籍者。,韓忠彥，宋人，籍貫安陽。生於1038年，卒於1109年。為結社、財政官員、入元祐黨籍者。一生主要活動於安陽。與畢仲游、徐勣、文氏(韓治妻)、曾布、劉摯等人交遊唱和。,82
714,向子忞,宋,向子忞（1097-1165），宋人，衡山人，財政官員。,向子忞，宋人，籍貫衡山。生於1097年，卒於1165年。為財政官員。一生主要活動於衡山、開封府、開封。與王庭珪等人交遊唱和。,62
874,任顓,宋,任顓（990-1067），宋人，壽光人，經學家—尚書、財政官員。,任顓，宋人，籍貫壽光。生於990年，卒於1067年。為經學家—尚書、財政官員。一生主要活動於臨清、壽光、定陶、洛陽、開封。與王欽若、范諷、孔道輔、夏竦、祖無擇等人交遊唱和。,86
1137,梁適,宋,梁適（1000-1069），宋人，須城人，財政官員、宰執。,梁適，宋人，籍貫須城。生於1000年，卒於1069年。為財政官員、宰執。一生主要活動於須城。與劉元瑜、呂景初、吳中復、龔鼎臣、盧震等人交遊唱和。,72
1294,呂嘉問,宋,呂嘉問，宋人，開封人，為官者、財政官員。,呂嘉問，宋人，籍貫開封。為官者、財政官員。一生主要活動於壽州、開封。與王安石、章惇、蔡卞、李孝壽等人交遊唱和。,55
1496,蘇籀,宋,蘇籀（1091-1164），宋人，金華人，財政官員。,蘇籀，宋人，籍貫金華。生於1091年，卒於1164年。為財政官員。一生主要活動於金華、眉州。與蘇轍、秦檜、王浚明、蘇詡、伍崇曜等人交遊唱和。,70
1712,曾紆,宋,曾紆（1073-1135），宋人，丹徒人，結社、財政官員、入元祐黨籍者。,曾紆，宋人，籍貫丹徒。生於1073年，卒於1135年。為結社、財政官員、入元祐黨籍者。一生主要活動於丹徒、南豐。與周必大、黃庭堅、馬廷鸞、陸游、梁寅等人交遊唱和。,81
3483,李建中,宋,李建中（945-1013），宋人，洛陽人，書法家、為官者。,李建中，宋人，籍貫洛陽。生於945年，卒於1013年。為書法家、為官者。一生主要活動於洛陽、京兆府、華陽。與歐陽修、孔武仲、黃庭堅、周必大、吳師道等人交遊唱和。,80
7001,常同,宋,常同（1090-1149），宋人，海鹽人，史學家、為官者。,常同，宋人，籍貫海鹽。生於1090年，卒於1149年。為史學家、為官者。一生主要活動於海鹽、嘉興、邛州、開封。與林仲堪、吳元美、綦崇禮、汪應辰、高斯得等人交遊唱和。,82
8022,趙槩,宋,趙槩（996-1083），宋人，虞城人，收藏家、宰執。,趙槩，宋人，籍貫虞城。生於996年，卒於1083年。為收藏家、宰執。一生主要活動於虞城。與張方平、蘇軾、歐陽修、蘇舜欽、宋祁等人交遊唱和。,69
8052,何㮚,宋,何㮚（1089-1127），宋人，仁壽人，死國難、宰執。,何㮚，宋人，籍貫仁壽。生於1089年，卒於1127年。為死國難、宰執。一生主要活動於仁壽。與林待聘、魏了翁、胡閎休、趙栩、員興宗等人交遊唱和。,71
8162,吳奎,宋,吳奎（1011-1068），宋人，北海人，好金石、宰執。,吳奎，宋人，籍貫北海。生於1011年，卒於1068年。為好金石、宰執。一生主要活動於北海。與歐陽修、劉攽、唐介、時旦、趙明誠等人交遊唱和。,69
8178,王倫,宋,王倫（1084-1144），宋人，莘縣人，宰執。,王倫，宋人，籍貫莘縣。生於1084年，卒於1144年。為宰執。一生主要活動於莘縣、開封。與袁燮、陳之茂、秦檜、朱熹等人交遊唱和。,64
10156,洪皓,宋,洪皓（1088-1155），宋人，鄱陽人，農民、為官者。,洪皓，宋人，籍貫鄱陽。生於1088年，卒於1155年。為農民、為官者。一生主要活動於鄱陽。與洪适、秦檜、真德秀、胡次焱等人交遊唱和。,66
11864,劉勉之,宋,劉勉之，宋人，崇安人，農民、收徒講學。,劉勉之，宋人，籍貫崇安。為農民、收徒講學。一生主要活動於崇安。與朱熹、劉子翬、譙定、程頤、秦檜等人交遊唱和。,54
14761,邢居實,宋,邢居實（1068-1087），宋人，雍邱人，士人、未參加科舉而卒。,邢居實，宋人，籍貫雍邱。生於1068年，卒於1087年。為士人、未參加科舉而卒。一生主要活動於雍邱、陽武。與黃庭堅、晁說之、陳傅良、司馬光、晁補之等人交遊唱和。,80
15217,趙方,宋,趙方（?- 1221），宋人，衡山人，為官者、武官。,趙方，宋人，籍貫衡山。卒於1221年。為官者、武官。一生主要活動於衡山。與劉宰、江應洪、蔣叔輿、程光庭、朱熹等人交遊唱和。,61
15571,曾丰,宋,曾丰（1142-0），宋人，樂安人，為官者。,曾丰，宋人，籍貫樂安。生於1142年，卒於0年。為官者。一生主要活動於樂安。與鄧傳之、程叔達、李如箎、虞集、趙汝愚等人交遊唱和。,64
15744,孫甫,宋,孫甫（998-1057），宋人，陽翟人，好學、財政官員。,孫甫，宋人，籍貫陽翟。生於998年，卒於1057年。為好學、財政官員。一生主要活動於陽翟。與司馬光、王安石、尹洙、歐陽修、呂南公等人交遊唱和。,71
15772,程元鳳,宋,程元鳳（1200-1269），宋人，歙縣人，財政官員、宰執。,程元鳳，宋人，籍貫歙縣。生於1200年，卒於1269年。為財政官員、宰執。一生主要活動於歙縣。與程敏政、鮑壽孫、吳龍翰、丁大全、何景文等人交遊唱和。,74
15939,孔道輔,宋,孔道輔（986-1039），宋人，仙源人，為官者。,孔道輔，宋人，籍貫仙源。生於986年，卒於1039年。為官者。一生主要活動於曲阜、仙源。與晏殊、任顓、吳師道、朱存理、王安石等人交遊唱和。,69
20987,李存,宋,李存（0-0），宋人，汴梁路人，為官者。,李存，宋人，籍貫汴梁路。生於0年，卒於0年。為官者。一生主要活動於興國、汴梁路。與于岳、毛克周、夏有慶、祝蕃、張靁等人交遊唱和。,64
21672,曹豳,宋,曹豳（1170-1249），宋人，吳縣人，為官者。,曹豳，宋人，籍貫吳縣。生於1170年，卒於1249年。為官者。一生主要活動於吳縣、瑞安。與劉克莊、方大琮、劉宰、郭磊卿、徐清叟等人交遊唱和。,70
22275,韋不伐,宋,韋不伐（979-1052），宋人，穀城人，收徒講學、鄉先生、低級官僚。,韋不伐，宋人，籍貫穀城。生於979年，卒於1052年。為收徒講學、鄉先生、低級官僚。一生主要活動於襄陽、宋城、穀城。與張方平、范仲淹、石延年、明鎬、晏殊等人交遊唱和。,83
23969,方疇,宋,方疇（0-0），宋人，弋陽人，為官者、思想家。,方疇，宋人，籍貫弋陽。生於0年，卒於0年。為官者、思想家。一生主要活動於弋陽。與秦檜、真德秀、戴表元、汪應辰等人交遊唱和。,61
24657,梁師成,宋,梁師成（0-1126），宋人，開封人，宦官。,梁師成，宋人，籍貫開封。生於0年，卒於1126年。為宦官。一生主要活動於開封。與石?、金安節、蔣瑎、蘇元老、高俅等人交遊唱和。,63
26431,家鉉翁,宋,家鉉翁（1213-0），宋人，鄜州人，遺民、經學家、宰執。,家鉉翁，宋人，籍貫鄜州。生於1213年，卒於0年。為遺民、經學家、宰執。一生主要活動於鄜州、眉山、眉州。與吳師道、釋虎巖、趙汝騰、陸九淵等人交遊唱和。,75
33263,許月卿,宋,許月卿（1216-1285），宋人，婺源人，死國難、為官者。,許月卿，宋人，籍貫婺源。生於1216年，卒於1285年。為死國難、為官者。一生主要活動於婺源。與許大寧、丁大全、謝枋得、賈似道、許日卿等人交遊唱和。,74
35005,曾季貍,宋,曾季貍（0-0），宋人，臨川人，理學家、隱居（有隱德）。,曾季貍，宋人，籍貫臨川。生於0年，卒於0年。為理學家、隱居（有隱德）。一生主要活動於臨川。與朱熹、陸游、林之奇、呂祖謙等人交遊唱和。,66
38818,戚方,宋,戚方（0-0），宋人，武將、軍閥、精於騎射。,戚方，宋人。生於0年，卒於0年。為武將、軍閥、精於騎射。與扈成、岳飛、方致堯、章服、朱嗣孟等人交遊唱和。,52
41396,吳翌,宋,吳翌（1129-1177），宋人，建寧人，處士、主動放棄科舉、理學家。,吳翌，宋人，籍貫建寧。生於1129年，卒於1177年。為處士、主動放棄科舉、理學家。一生主要活動於建寧、衡山、建州。與朱熹等人交遊唱和。,68
42373,林彖,宋,林彖，宋人，仙遊人，隱士、孝子/孝女。,林彖，宋人，籍貫仙遊。為隱士、孝子/孝女。一生主要活動於仙遊、真州。與任象先、任申先、周葵、林孝澤、徐俯等人交遊唱和。,59
3,安燾,宋,安燾，宋人，開封人，布衣、財政官員、入元祐黨籍者。,安燾，宋人，籍貫開封。為布衣、財政官員、入元祐黨籍者。一生主要活動於開封。與章惇、安惇、豐稷、來之邵、葉濤等人交遊唱和。,60
128,程瑀,宋,程瑀（1087-1152），宋人，浮梁人，財政官員。,程瑀，宋人，籍貫浮梁。生於1087年，卒於1152年。為財政官員。一生主要活動於浮梁。與程敏政、秦檜、胡璪、徐處仁等人交遊唱和。,64
634,韓縝,宋,韓縝（1019-1097），宋人，雍邱人，財政官員、宰執。,韓縝，宋人，籍貫雍邱。生於1019年，卒於1097年。為財政官員、宰執。一生主要活動於雍邱。與俞康直、蘇轍、章惇、馮如晦、畢仲游等人交遊唱和。,71
1464,施昌言,宋,施昌言（0-1064），宋人，吳縣人，為官者、財政官員。,施昌言，宋人，籍貫吳縣。生於0年，卒於1064年。為官者、財政官員。一生主要活動於吳縣、靜海。與歐陽修、范仲淹、蘇頌、賈昌朝、沈遘等人交遊唱和。,72
1767,王欽臣,宋,王欽臣，宋人，宋城人，藏書家、版本學家、好金石。,王欽臣，宋人，籍貫宋城。為藏書家、版本學家、好金石。一生主要活動於宋城。與呂頤浩、文彥博、呂大臨、孔武仲、畢仲游等人交遊唱和。,63
1967,吳中復,宋,吳中復（1011-1078），宋人，永興人，良吏;循吏、經學家—易經、財政官員。,吳中復，宋人，籍貫永興。生於1011年，卒於1078年。為良吏;循吏、經學家—易經、財政官員。一生主要活動於永興。與歐陽修、梁適、孔武仲、呂景初、蘇洵等人交遊唱和。,82
2058,葉顒,宋,葉顒，宋人，仙遊人，財政官員、宰執。,葉顒，宋人，籍貫仙遊。為財政官員、宰執。一生主要活動於仙遊。與林光朝、汪應辰、王十朋、張孝祥等人交遊唱和。,53
3031,戚同文,宋,戚同文（904-976），宋人，楚丘人，詩人、孝子/孝女、收徒講學。,戚同文，宋人，籍貫楚丘。生於904年，卒於976年。為詩人、孝子/孝女、收徒講學。一生主要活動於楚丘。與滕知白、宗翼、許驤、李承造、滕涉等人交遊唱和。,75
3439,孔文仲,宋,孔文仲（1037-1087），宋人，新淦人，財政官員、入元祐黨籍者。,孔文仲，宋人，籍貫新淦。生於1037年，卒於1087年。為財政官員、入元祐黨籍者。一生主要活動於新喻、新淦。與丁隲、文彥博、蘇軾、周必大、蘇頌等人交遊唱和。,78
7053,呂誨,宋,呂誨（1014-1071），宋人，洛陽人，為官者。,呂誨，宋人，籍貫洛陽。生於1014年，卒於1071年。為官者。一生主要活動於開封府、安次、洛陽。與司馬光、周必大、王安石、卓玘、侯紹曾等人交遊唱和。,74
7105,謝濤,宋,謝濤（?- 1034），宋人，吳江人，為官者。,謝濤，宋人，籍貫吳江。卒於1034年。為官者。一生主要活動於富陽、吳江。與范仲淹、丁謂、錢昆、龔緯、凌咸等人交遊唱和。,59
7225,傅楫,宋,傅楫（1042-1102），宋人，仙遊人，為官者。,傅楫，宋人，籍貫仙遊。生於1042年，卒於1102年。為官者。一生主要活動於宜興、仙遊。與曾布、林希等人交遊唱和。,57
7335,石宗昭,宋,石宗昭（0-0），宋人，新昌人，為官者。,石宗昭，宋人，籍貫新昌。生於0年，卒於0年。為官者。一生主要活動於新昌。與朱熹、呂祖謙、黃溍、薛季宣、陸九淵等人交遊唱和。,61
8039,朱勝非,宋,朱勝非（1082-1144），宋人，吳縣人，宰執。,朱勝非，宋人，籍貫吳縣。生於1082年，卒於1144年。為宰執。一生主要活動於吳縣、蔡州、汝陽。與仲并、劉彥弼、秦檜、江躋、汪應辰等人交遊唱和。,72
8140,汪澈,宋,汪澈（1109-1171），宋人，浮梁人，宰執。,汪澈，宋人，籍貫浮梁。生於1109年，卒於1171年。為宰執。一生主要活動於浮梁。與薛季宣、周必大、湯思退等人交遊唱和。,60
10224,高閌,宋,高閌（1097-1153），宋人，鄞縣人，經學家、為官者。,高閌，宋人，籍貫鄞縣。生於1097年，卒於1153年。為經學家、為官者。一生主要活動於鄞縣。與秦檜、柴禹聲、師維藩、袁燮、蔣璯等人交遊唱和。,70
10244,吳璘,宋,吳璘（1102-1167），宋人，成都人，精於騎射、武官。,吳璘，宋人，籍貫成都。生於1102年，卒於1167年。為精於騎射、武官。一生主要活動於隴干、成都。與魏了翁、汪應辰、晁公遡、王曮、楊從義等人交遊唱和。,75
10567,楊長孺,宋,楊長孺，宋人，吉水人，良吏;循吏、為官者。,楊長孺，宋人，籍貫吉水。為良吏;循吏、為官者。一生主要活動於吉水、廬陵。與歐陽守道、朱熹、王庭珪、葛長庚、吳懿德等人交遊唱和。,63
10759,岳珂,宋,岳珂（1183-?），宋人，貴池人，良吏;循吏、財政官員。,岳珂，宋人，籍貫貴池。生於1183年。為良吏;循吏、財政官員。一生主要活動於蕩陰、貴池。與岳飛、阮秀實、米芾、秦檜、曾孝總等人交遊唱和。,68
11080,陳次升,宋,陳次升（1044-1119），宋人，仙遊人，為官者、入元祐黨籍者。,陳次升，宋人，籍貫仙遊。生於1044年，卒於1119年。為官者、入元祐黨籍者。一生主要活動於仙遊。與蔡卞、曾布、章惇、林彖、薛紹彭等人交遊唱和。,72
12332,謝薖,宋,謝薖（?- 1116），宋人，臨川人，詩人、士人。,謝薖，宋人，籍貫臨川。卒於1116年。為詩人、士人。一生主要活動於臨川。與吳仕舜、黃庭堅等人交遊唱和。,51
13192,蕭楚,宋,蕭楚（1064-1130），宋人，太和人，經學家—春秋、收徒講學。,蕭楚，宋人，籍貫太和。生於1064年，卒於1130年。為經學家—春秋、收徒講學。一生主要活動於太和。與胡鑄、馮澥等人交遊唱和。,63
13682,張良臣,宋,張良臣（0-0），宋人，鄞縣人，詩人、為官者。,張良臣，宋人，籍貫鄞縣。生於0年，卒於0年。為詩人、為官者。一生主要活動於鄞縣、洛陽。與孫夢觀、魏杞、周必大、戴表元等人交遊唱和。,65
15200,張世傑,宋,張世傑（?- 1279），宋人，范陽人，武官。,張世傑，宋人，籍貫范陽。卒於1279年。為武官。一生主要活動於范陽。與吳寶信、呂再興、鄭思肖、陸秀夫、蘇劉義等人交遊唱和。,61
16667,朱壽昌,宋,朱壽昌，宋人，天長人，孝子/孝女、為官者、隱居（有隱德）。,朱壽昌，宋人，籍貫天長。為孝子/孝女、為官者、隱居（有隱德）。一生主要活動於天長。與蘇軾、王安石、蘇頌等人交遊唱和。,58
16878,朱光庭,宋,朱光庭（1037-1094），宋人，偃師人，為官者、入元祐黨籍者。,朱光庭，宋人，籍貫偃師。生於1037年，卒於1094年。為官者、入元祐黨籍者。一生主要活動於偃師。與范祖禹、程顥、程頤、章惇、蔡確等人交遊唱和。,72
17635,唐士恥,宋,唐士恥（0-0），宋人，金華人，為官者。,唐士恥，宋人，籍貫金華。生於0年，卒於0年。為官者。一生主要活動於金華。與范祖禹、邢昺、狄青等人交遊唱和。,53
18726,薛紹彭,宋,薛紹彭（0-0），宋人，長安人，好金石、為官者。,薛紹彭，宋人，籍貫長安。生於0年，卒於0年。為好金石、為官者。一生主要活動於長安、萬泉。與趙令穰、蘇軾、呂大臨、陳次升、孫畋等人交遊唱和。,69
22250,王師顏,宋,王師顏（0-0），宋人，洹水人，為官者。,王師顏，宋人，籍貫洹水。生於0年，卒於0年。為官者。一生主要活動於浚儀、洹水、成安、鄭州。與嵇穎、石延年、王廣廉、王廣淵、王廣臨等人交遊唱和。,71
22488,楊輔,宋,楊輔（0-0），宋人，小溪人，財政官員。,楊輔，宋人，籍貫小溪。生於0年，卒於0年。為財政官員。一生主要活動於小溪、遂寧。與魏了翁、安世通、李道傳、安丙等人交遊唱和。,62
24710,游佀,宋,游佀（0-0），宋人，德清人，為官者。,游佀，宋人，籍貫德清。生於0年，卒於0年。為官者。一生主要活動於德清、南充。與魏了翁、方大琮、洪咨夔、劉克莊、趙汝騰等人交遊唱和。,65
24717,黃度,宋,黃度（1138-1213），宋人，新昌人，為官者。,黃度，宋人，籍貫新昌。生於1138年，卒於1213年。為官者。一生主要活動於新昌。與葉適、袁燮、呂祖謙、劉宰、朱熹等人交遊唱和。,64
27708,趙善括,宋,趙善括（0-0），宋人，南昌人，宗子、為官者。,趙善括，宋人，籍貫南昌。生於0年，卒於0年。為宗子、為官者。一生主要活動於南昌、虔州。與趙伯術、辛次膺、范仲淹、趙抃、辛棄疾等人交遊唱和。,69
37927,王珹,宋,王珹（1247-1324），宋人，金華人，博學之人。,王珹，宋人，籍貫金華。生於1247年，卒於1324年。為博學之人。一生主要活動於金華、義烏。與葉閶、金履祥、戴表元、胡長孺、謝翺等人交遊唱和。,71
41534,吳必大,宋,吳必大，宋人，興國軍人，理學家。,吳必大，宋人，籍貫興國軍。為理學家。一生主要活動於興國、興國軍。與朱熹、呂祖謙等人交遊唱和。,46
42522,林用中,宋,林用中，宋人，古田人，地方士人/鄉紳、收徒講學、不求仕。,林用中，宋人，籍貫古田。為地方士人/鄉紳、收徒講學、不求仕。一生主要活動於古田。與朱熹、林師魯、林光朝、程深父等人交遊唱和。,62
44565,夏珪,宋,夏珪，宋人，錢塘人，畫家。,夏珪，宋人，籍貫錢塘。為畫家。一生主要活動於錢塘。與范寬、丁玉川、章瑾、戴璡等人交遊唱和。,45
573520,釋法照,宋,釋法照（910-989），宋女，高平人，比丘尼。,釋法照，宋女，籍貫高平。生於910年，卒於989年。為比丘尼。一生主要活動於洛陽、高平、中山。與釋瓊禧、彭祐之、李氏(李嗣源女)、釋堅俊、釋堅滿等人交遊唱和。,79
122,程師孟,宋,程師孟（1009-1086），宋人，吳縣人，財政官員。,程師孟，宋人，籍貫吳縣。生於1009年，卒於1086年。為財政官員。一生主要活動於吳縣。與華鎮、陸佃、程敏政、王安石、元絳等人交遊唱和。,68
150,錢端禮,宋,錢端禮（1109-1177），宋人，錢塘人，財政官員、宰執。,錢端禮，宋人，籍貫錢塘。生於1109年，卒於1177年。為財政官員、宰執。一生主要活動於錢塘、臨海。與李龜朋、蘇峴、湯思退等人交遊唱和。,68
797,許元,宋,許元（989-1057），宋人，宣城人，收藏家、財政官員。,許元，宋人，籍貫宣城。生於989年，卒於1057年。為收藏家、財政官員。一生主要活動於宣城、歙縣。與歐陽修、釋奉真、施昌言、張方平等人交遊唱和。,72
815,胡直孺,宋,胡直孺（0-1131），宋人，奉新人，為官者、詩人、財政官員。,胡直孺，宋人，籍貫奉新。生於0年，卒於1131年。為官者、詩人、財政官員。一生主要活動於奉新。與黃庭堅、陸游等人交遊唱和。,61
829,胡則,宋,胡則（963-1039），宋人，永康人，財政官員。,胡則，宋人，籍貫永康。生於963年，卒於1039年。為財政官員。一生主要活動於錢塘、永康。與范仲淹、黃溍、倪展、丁謂等人交遊唱和。,65
833,胡宗愈,宋,胡宗愈（1029-1094），宋人，武進人，財政官員、入元祐黨籍者、宰執。,胡宗愈，宋人，籍貫武進。生於1029年，卒於1094年。為財政官員、入元祐黨籍者、宰執。一生主要活動於晉陵、武進。與司馬光、蔣之奇、丁隲、楊康國、胡宗回等人交遊唱和。,83
1216,劉牧,宋,劉牧（1011-1064），宋人，西安人，經學家—春秋、財政官員。,劉牧，宋人，籍貫西安。生於1011年，卒於1064年。為經學家—春秋、財政官員。一生主要活動於西安。與吳祕、范仲淹、范諤昌、黃黎獻、李溉等人交遊唱和。,75
1256,劉元瑜,宋,劉元瑜（0-0），宋人，洛陽人，財政官員。,劉元瑜，宋人，籍貫洛陽。生於0年，卒於0年。為財政官員。一生主要活動於洛陽。與梁適、李昭亮、孫士龍、歐陽修、尹洙等人交遊唱和。,63
1313,呂廣問,宋,呂廣問（1098-1170），宋人，太平人，財政官員。,呂廣問，宋人，籍貫太平。生於1098年，卒於1170年。為財政官員。一生主要活動於新安、太平、徽州。與朱熹、汪紹、羅竦、劉一止、胡景脩等人交遊唱和。,74
1504,蘇師德,宋,蘇師德（1098-1177），宋人，丹徒人，削籍官員、宰執、財政官員。,蘇師德，宋人，籍貫丹徒。生於1098年，卒於1177年。為削籍官員、宰執、財政官員。一生主要活動於丹徒、開封府、丹陽、晉江。與秦檜、呂祖謙、汪應辰等人交遊唱和。,80
1595,唐詢,宋,唐詢（1005-1064），宋人，錢塘人，財政官員。,唐詢，宋人，籍貫錢塘。生於1005年，卒於1064年。為財政官員。一生主要活動於錢塘。與蔡襄、劉克莊、劉攽、沈遼、葛勝仲等人交遊唱和。,67
1648,蔡肇,宋,蔡肇（?- 1119），宋人，丹陽人，富豪、史學家、好金石。,蔡肇，宋人，籍貫丹陽。卒於1119年。為富豪、史學家、好金石。一生主要活動於丹陽。與王安石、張商英、范祖禹、邵納史、蘇軾等人交遊唱和。,67
1722,杜杞,宋,杜杞（1005-1050），宋人，開封人，數學家、陰陽家、卜筮者（太乙、軌革、六壬、遁甲等）。,杜杞，宋人，籍貫開封。生於1005年，卒於1050年。為數學家、陰陽家、卜筮者（太乙、軌革、六壬、遁甲等）。一生主要活動於無錫、開封。與王安石、歐陽修、范仲淹、蘇頌、區希範等人交遊唱和。,93
1878,王庶,宋,王庶（?- 1143），宋人，慶陽府人，削籍官員、財政官員、宰執。,王庶，宋人，籍貫慶陽府。卒於1143年。為削籍官員、財政官員、宰執。一生主要活動於慶陽府。與秦檜、朱熹、岳飛、句龍如淵、邵隆等人交遊唱和。,69
3517,李呂,宋,李呂（1122-1198），宋人，光澤人，收徒講學、主動放棄科舉。,李呂，宋人，籍貫光澤。生於1122年，卒於1198年。為收徒講學、主動放棄科舉。一生主要活動於光澤。與李純德、周必大、高氏(李呂妻)、朱熹等人交遊唱和。,76
7000,常安民,宋,常安民（1043-1112），宋人，開封人，結社、為官者、入元祐黨籍者。,常安民，宋人，籍貫開封。生於1043年，卒於1112年。為結社、為官者、入元祐黨籍者。一生主要活動於開封、邛州、臨邛。與章惇、安燾、葉適、高斯得、范楫等人交遊唱和。,82
7079,王質,宋,王質（1001-1045），宋人，開封人，為官者。,王質，宋人，籍貫開封。生於1001年，卒於1045年。為官者。一生主要活動於莘縣、開封。與范仲淹、歐陽修、張保雍、蘇舜欽、宋祁等人交遊唱和。,70
7116,胥偃,宋,胥偃（983-1039），宋人，長沙人，詩人、史學家、為官者。,胥偃，宋人，籍貫長沙。生於983年，卒於1039年。為詩人、史學家、為官者。一生主要活動於長沙、陽翟。與歐陽修、林倩、范仲淹、謝絳等人交遊唱和。,72
7308,歐陽發,宋,歐陽發（1040-1085），宋人，新鄭人，天文學家（星象家）、史學家、博學之人。,歐陽發，宋人，籍貫新鄭。生於1040年，卒於1085年。為天文學家（星象家）、史學家、博學之人。一生主要活動於廬陵、新鄭。與蘇軾、歐陽修等人交遊唱和。,75
7310,潘畤,宋,潘畤（1126-1189），宋人，金華人，書法家、為官者。,潘畤，宋人，籍貫金華。生於1126年，卒於1189年。為書法家、為官者。一生主要活動於上虞、金華。與朱熹、呂祖謙、史浩、陳傅良、廖行之等人交遊唱和。,74
7372,王銍,宋,王銍（0-0），宋人，汝陰人，為官者。,王銍，宋人，籍貫汝陰。生於0年，卒於0年。為官者。一生主要活動於汝陰。與張嵲、晁說之、黃庭堅、釋仲皎、秦檜等人交遊唱和。,60
8047,富直柔,宋,富直柔（0-1156），宋人，常熟人，宰執。,富直柔，宋人，籍貫常熟。生於0年，卒於1156年。為宰執。一生主要活動於常熟、河南、洛陽。與呂頤浩、秦檜、釋宗杲、富直英、李彌遜等人交遊唱和。,71
10072,洪天錫,宋,洪天錫（?- 1272），宋人，晉江人，為官者、財政官員。,洪天錫，宋人，籍貫晉江。卒於1272年。為官者、財政官員。一生主要活動於晉江。與謝方叔、饒應子、丘葵、吳燧、劉克莊等人交遊唱和。,64
10099,陳摶,宋,陳摶（?- 989），宋人，華陰人，落第士人、好學、隱居道士。,陳摶，宋人，籍貫華陰。卒於989年。為落第士人、好學、隱居道士。一生主要活動於華陰、真源、亳州。與張無夢、吳景鸞、吳克誠、晁說之、張方平等人交遊唱和。,75
10239,陳居仁,宋,陳居仁（1129-1197），宋人，鄞縣人，良吏;循吏、為官者。,陳居仁，宋人，籍貫鄞縣。生於1129年，卒於1197年。為良吏;循吏、為官者。一生主要活動於莆田、鄞縣。與鄭若冲、周必大、魏杞、朱熹等人交遊唱和。,73
10795,趙雄,宋,趙雄（1129-1193），宋人，磐石人，理學家、宰執。,趙雄，宋人，籍貫磐石。生於1129年，卒於1193年。為理學家、宰執。一生主要活動於磐石。與朱熹、虞允文、孫松壽、韓世忠、周必大等人交遊唱和。,71
11004,劉朔,宋,劉朔（1127-1170），宋人，莆田人，為官者。,劉朔，宋人，籍貫莆田。生於1127年，卒於1170年。為官者。一生主要活動於莆田。與林光朝、葉適、虞允文、劉克莊、真德秀等人交遊唱和。,67
11839,趙崇憲,宋,趙崇憲（1160-1219），宋人，餘干人，良吏;循吏、為官者。,趙崇憲，宋人，籍貫餘干。生於1160年，卒於1219年。為良吏;循吏、為官者。一生主要活動於餘干。與真德秀、袁燮、朱熹、曾協、謝枋得等人交遊唱和。,73
12889,陳孔碩,宋,陳孔碩（0-0），宋人，侯官人，理學家、財政官員。,陳孔碩，宋人，籍貫侯官。生於0年，卒於0年。為理學家、財政官員。一生主要活動於侯官。與真德秀、呂祖謙、朱熹、劉克莊等人交遊唱和。,64
12941,楊徽之,宋,楊徽之（920-999），宋人，浦城人，為官者。,楊徽之，宋人，籍貫浦城。生於920年，卒於999年。為官者。一生主要活動於浦城。與蘇頌、寇準、溫仲舒、楊億、江爲等人交遊唱和。,63
14172,洪興祖,宋,洪興祖，宋人，丹陽人，良吏;循吏、好學、為官者。,洪興祖，宋人，籍貫丹陽。為良吏;循吏、好學、為官者。一生主要活動於丹陽。與葛勝仲、秦檜、陸游、陳長方、孔端朝等人交遊唱和。,61
14993,趙師秀,宋,趙師秀，宋人，永嘉人，宗子、詩人、為官者。,趙師秀，宋人，籍貫永嘉。為宗子、詩人、為官者。一生主要活動於永嘉。與翁卷、游九言、劉克莊、衛涇、釋居簡等人交遊唱和。,58
16643,胡宗伋,宋,胡宗伋（1071-1140），宋人，餘姚人，落第士人、地方士人/鄉紳、為官者。,胡宗伋，宋人，籍貫餘姚。生於1071年，卒於1140年。為落第士人、地方士人/鄉紳、為官者。一生主要活動於餘姚。與劉一止、虞仲琳、孫疇等人交遊唱和。,74
17172,宇文紹節,宋,宇文紹節（?- 1213），宋人，華陽人，宰執。,宇文紹節，宋人，籍貫華陽。卒於1213年。為宰執。一生主要活動於華陽。與魏了翁、韓侂胄、安丙等人交遊唱和。,53
17981,鞏豐,宋,鞏豐（1148-1217），宋人，武義人，詩人、理學家、財政官員。,鞏豐，宋人，籍貫武義。生於1148年，卒於1217年。為詩人、理學家、財政官員。一生主要活動於武義。與朱熹、呂祖謙、葉適、邵自元、宋濂等人交遊唱和。,74
19790,李遇,宋,李遇（1178-1248），宋人，侯官人，財政官員。,李遇，宋人，籍貫侯官。生於1178年，卒於1248年。為財政官員。一生主要活動於閩縣、侯官。與劉克莊、真德秀、汪晫、方大琮等人交遊唱和。,68
21432,句中正,宋,句中正（929-1002），宋人，開封人，史學家、小學家、小學家－說文。,句中正，宋人，籍貫開封。生於929年，卒於1002年。為史學家、小學家、小學家－說文。一生主要活動於開封、華陽。與毌昭裔、林罕等人交遊唱和。,70
21915,董銖,宋,董銖（1152-1214），宋人，德興人，理學家、為官者、思想家。,董銖，宋人，籍貫德興。生於1152年，卒於1214年。為理學家、為官者、思想家。一生主要活動於德興。與朱熹、程正則、程時登、董鼎等人交遊唱和。,71
22102,王大受,宋,王大受（0-0），宋人，吳縣人，詩人、經世學者、士人。,王大受，宋人，籍貫吳縣。生於0年，卒於0年。為詩人、經世學者、士人。一生主要活動於吳縣、烏程、饒州。與史彌遠、葉適等人交遊唱和。,64
22273,韋襄,宋,韋襄（935-997），宋人，穀城人，為官者。,韋襄，宋人，籍貫穀城。生於935年，卒於997年。為官者。一生主要活動於襄陽、穀城。與喬維岳、戚同文、宗度、張茂直、姚鉉等人交遊唱和。,67
24320,劉錡,宋,劉錡（1098-1162），宋人，成紀人，精於騎射、武官。,劉錡，宋人，籍貫成紀。生於1098年，卒於1162年。為精於騎射、武官。一生主要活動於德順軍、成紀。與歐陽守道、丘奐、虞允文、席天祐等人交遊唱和。,73
25345,胡珵,宋,胡珵（0-0），宋人，武進人，史學家、校堪學家、為官者。,胡珵，宋人，籍貫武進。生於0年，卒於0年。為史學家、校堪學家、為官者。一生主要活動於武進。與秦檜等人交遊唱和。,55
27715,裘萬頃,宋,裘萬頃（0-0），宋人，新建人，為官者。,裘萬頃，宋人，籍貫新建。生於0年，卒於0年。為官者。一生主要活動於新建。與宋犖、朱彝尊、劉克莊、陳元晉、林惟孝等人交遊唱和。,62
27793,劉黻,宋,劉黻，宋人，樂清人，為官者、思想家。,劉黻，宋人，籍貫樂清。為官者、思想家。一生主要活動於樂清。與解道寧、林公一、賈孝槱、朱熹、陸九淵等人交遊唱和。,55
29582,陳郁,宋,陳郁（?- 1275），宋人，崇仁人，供奉內廷。,陳郁，宋人，籍貫崇仁。卒於1275年。為供奉內廷。一生主要活動於崇仁、臨川。與陳世崇、杜汝能、黃力敘、吳石翁、劉彥朝等人交遊唱和。,65
33480,郭忠恕,宋,郭忠恕（0-977），宋人，洛陽人，書法家、削籍官員、小學家。,郭忠恕，宋人，籍貫洛陽。生於0年，卒於977年。為書法家、削籍官員、小學家。一生主要活動於洛陽。與薛季宣、晁補之、蘇軾等人交遊唱和。,66
35278,王阮,宋,王阮（?- 1208），宋人，德安人，理學家、好學、為官者。,王阮，宋人，籍貫德安。卒於1208年。為理學家、好學、為官者。一生主要活動於德安。與朱熹、韓侂胄、劉克莊、章節夫等人交遊唱和。,63
37768,王德,宋,王德（1087-1154），宋人，通遠軍人。,王德，宋人，籍貫通遠軍。生於1087年，卒於1154年。一生主要活動於上元、通遠軍。與姚古、邵青、劉光世、折彥質、完顏宗弼等人交遊唱和。,68
38223,王壽卿,宋,王壽卿（1060-1122），宋人，陳留人，書法家、布衣、好金石。,王壽卿，宋人，籍貫陳留。生於1060年，卒於1122年。為書法家、布衣、好金石。一生主要活動於河南、陳留。與趙明誠、王安石、李陽冰、曹永年等人交遊唱和。,76
38417,王柟,宋,王柟（1143-1217），宋人，永嘉人，為官者、詩人、良吏;循吏。,王柟，宋人，籍貫永嘉。生於1143年，卒於1217年。為官者、詩人、良吏;循吏。一生主要活動於永嘉。與葉適、劉克莊、真德秀、吳師道、程珌等人交遊唱和。,75
39757,車若水,宋,車若水（0-0），宋人，黃巖人。,車若水，宋人，籍貫黃巖。生於0年，卒於0年。一生主要活動於黃巖。與杜範、沈可亨、胡常、曹淇、盛象翁等人交遊唱和。,56
40258,陳埴,宋,陳埴，宋人，永嘉人，理學家、思想家。,陳埴，宋人，籍貫永嘉。為理學家、思想家。一生主要活動於永嘉。與朱熹、車安行、葉適、翁敏之、翁巖壽等人交遊唱和。,55
40892,李埴,宋,李埴（1161-1238），宋人，丹稜人，為官者。,李埴，宋人，籍貫丹稜。生於1161年，卒於1238年。為官者。一生主要活動於丹稜。與魏了翁、蔡戡、王象之、真德秀、劉克莊等人交遊唱和。,67
41973,何時,宋,何時（1229-?），宋人，上猶人，隱士、詩人、死國難。,何時，宋人，籍貫上猶。生於1229年。為隱士、詩人、死國難。一生主要活動於樂安、上猶。與文天祥、方逢辰等人交遊唱和。,58
46308,徐昭然,宋,徐昭然，宋人，鉛山人，理學家。,徐昭然，宋人，籍貫鉛山。為理學家。一生主要活動於鉛山。與朱熹等人交遊唱和。,37
48090,陸經,宋,陸經，宋人，紹興府人，金石學家。,陸經，宋人，籍貫紹興府。為金石學家。一生主要活動於紹興府。與歐陽修、劉元瑜、周必大、沈邈、王貽慶等人交遊唱和。,55
53139,釋巨然,宋,釋巨然，宋人，江寧人，僧人、畫家。,釋巨然，宋人，籍貫江寧。為僧人、畫家。一生主要活動於江寧。與劉克莊、顧大申、沈宗敬、惲本初、張文樞等人交遊唱和。,56
573098,釋審定,宋,釋審定（933-1004），宋女，開封府人，僧人。,釋審定，宋女，籍貫開封府。生於933年，卒於1004年。為僧人。一生主要活動於開封府、河南府、河南。與釋審貞、釋某某、伴姑、伴姐、釋紹從等人交遊唱和。,75
34,陳執中,宋,陳執中（990-1059），宋人，開封人，財政官員、宰執。,陳執中，宋人，籍貫開封。生於990年，卒於1059年。為財政官員、宰執。一生主要活動於南昌、開封。與張方平、李中師、張景晟、呂溱、王師顏等人交遊唱和。,75
174,張闡,宋,張闡，宋人，永嘉人，理學家、財政官員。,張闡，宋人，籍貫永嘉。為理學家、財政官員。一生主要活動於永嘉。與王十朋、周必大、秦檜、朱熹、謝雩等人交遊唱和。,55
345,章楶,宋,章楶，宋人，浦城人，財政官員、宰執。,章楶，宋人，籍貫浦城。為財政官員、宰執。一生主要活動於吳縣、浦城。與蘇軾、和鎮、劉氏(李中吉妻)、曾布、畢仲游等人交遊唱和。,62
360,趙湘,宋,趙湘（0-0），宋人，西安人，財政官員。,趙湘，宋人，籍貫西安。生於0年，卒於0年。為財政官員。一生主要活動於西安、會稽。與王彖、宋祁、歐陽修、孫星華、劉蒙叟等人交遊唱和。,65
491,周葵,宋,周葵（1098-1174），宋人，宜興人，財政官員、宰執。,周葵，宋人，籍貫宜興。生於1098年，卒於1174年。為財政官員、宰執。一生主要活動於宜興。與林彖、沈大廉、周必大、真德秀等人交遊唱和。,68
828,胡旦,宋,胡旦（0-0），宋人，渤海人，為官者、史學家。,胡旦，宋人，籍貫渤海。生於0年，卒於0年。為官者、史學家。一生主要活動於渤海。與趙普、盧多遜、梁顥、王繼恩等人交遊唱和。,60
935,顧臨,宋,顧臨，宋人，餘姚人，小學家、小學家－訓詁學、校堪學家。,顧臨，宋人，籍貫餘姚。為小學家、小學家－訓詁學、校堪學家。一生主要活動於會稽、餘姚。與華鎮、蘇軾、孔武仲、孔文仲等人交遊唱和。,63
1000,李之純,宋,李之純，宋人，無棣人，財政官員、入元祐黨籍者。,李之純，宋人，籍貫無棣。為財政官員、入元祐黨籍者。一生主要活動於無棣、山陽。與蘇轍、蘇軾、唐慎微、文彥博、董敦逸等人交遊唱和。,63
1360,梅執禮,宋,梅執禮（1079-1127），宋人，浦江人，財政官員。,梅執禮，宋人，籍貫浦江。生於1079年，卒於1127年。為財政官員。一生主要活動於浦江。與尹焞、錢遹、陳知質、鄭剛中、安扶等人交遊唱和。,68
1555,孫永,宋,孫永（1020-1087），宋人，長社人，為官者、財政官員。,孫永，宋人，籍貫長社。生於1020年，卒於1087年。為官者、財政官員。一生主要活動於長社、趙州。與范純仁、范純禮、蘇頌、富弼、蘇軾等人交遊唱和。,73
2045,葉清臣,宋,葉清臣（1000-1049），宋人，長洲人，好學、財政官員。,葉清臣，宋人，籍貫長洲。生於1000年，卒於1049年。為好學、財政官員。一生主要活動於長洲。與宋祁、范仲淹、蘇舜欽、尹洙、沈與求等人交遊唱和。,72
2074,晏敦復,宋,晏敦復（1075-1145），宋人，臨川人，宰執、財政官員。,晏敦復，宋人，籍貫臨川。生於1075年，卒於1145年。為宰執、財政官員。一生主要活動於臨川。與范柔中、程頤、歐陽守道、李穎士、施庭臣等人交遊唱和。,74
3109,程大昌,宋,程大昌（1123-1195），宋人，休寧人，博學之人、為官者。,程大昌，宋人，籍貫休寧。生於1123年，卒於1195年。為博學之人、為官者。一生主要活動於休寧。與周必大、程敏政、楊大法、周頡、朱熹等人交遊唱和。,73
3591,劉震孫,宋,劉震孫（?- 1268），宋人，四川人，財政官員。,劉震孫，宋人，籍貫四川。卒於1268年。為財政官員。一生主要活動於東平府、四川、鄆州。與劉克莊、林希逸、蘇軾、文天祥、袁桷等人交遊唱和。,68
4129,尹源,宋,尹源（996-1045），宋人，洛陽人，強記;博學強記、為官者。,尹源，宋人，籍貫洛陽。生於996年，卒於1045年。為強記;博學強記、為官者。一生主要活動於洛陽。與歐陽修、蘇舜欽、范仲淹、尹洙等人交遊唱和。,71
4171,滕元發,宋,滕元發（1020-1090），宋人，東陽人，為官者。,滕元發，宋人，籍貫東陽。生於1020年，卒於1090年。為官者。一生主要活動於吳縣、東陽。與蘇軾、范仲淹、唐淑問、張方平、范純仁等人交遊唱和。,71
7212,范正平,宋,范正平（0-0），宋人，洛陽人，詩人、文人、為官者。,范正平，宋人，籍貫洛陽。生於0年，卒於0年。為詩人、文人、為官者。一生主要活動於吳縣、洛陽。與畢仲游、范純仁、蔡克明等人交遊唱和。,65
8019,張燾,宋,張燾（1092-1166），宋人，德興人，好金石、宰執。,張燾，宋人，籍貫德興。生於1092年，卒於1166年。為好金石、宰執。一生主要活動於德興。與周必大、程宏圖、蔡戡、黃伯思、朱翌等人交遊唱和。,70
8026,蔡攸,宋,蔡攸（1077-1126），宋人，仙遊人，宰執。,蔡攸，宋人，籍貫仙遊。生於1077年，卒於1126年。為宰執。一生主要活動於仙遊。與余應球、童貫、唐重、謝服等人交遊唱和。,61
8034,周麟之,宋,周麟之（1118-1164），宋人，海陵人，宰執。,周麟之，宋人，籍貫海陵。生於1118年，卒於1164年。為宰執。一生主要活動於海陵。與葛勝仲、張守、周必大、釋善彬、王十朋等人交遊唱和。,68
8042,范致虛,宋,范致虛（1070-1129），宋人，建陽人，宰執。,范致虛，宋人，籍貫建陽。生於1070年，卒於1129年。為宰執。一生主要活動於建陽。與唐重、劉正夫、范祖禹、趙宗印等人交遊唱和。,64
8177,陳彭年,宋,陳彭年（961-1017），宋人，南城人，強記;博學強記、宰執。,陳彭年，宋人，籍貫南城。生於961年，卒於1017年。為強記;博學強記、宰執。一生主要活動於南城。與王欽若、丁謂、丘雍、林特等人交遊唱和。,69
9006,趙頊,宋,趙頊（1048-1085），宋人，開封人，宗子、統治者、孝子/孝女。,趙頊，宋人，籍貫開封。生於1048年，卒於1085年。為宗子、統治者、孝子/孝女。一生主要活動於開封。與歐陽修、王安石、周必大、狄青、唐士恥等人交遊唱和。,77
9009,趙桓,宋,趙桓（1101-1161），宋人，開封人，宗子、統治者、音樂學家。,趙桓，宋人，籍貫開封。生於1101年，卒於1161年。為宗子、統治者、音樂學家。一生主要活動於開封。與劉克莊、魏了翁、袁燮等人交遊唱和。,68
10225,張鎡,宋,張鎡（?- 1207），宋人，吳縣人，畫家、為官者。,張鎡，宋人，籍貫吳縣。卒於1207年。為畫家、為官者。一生主要活動於吳縣、成紀。與史浩、韓侂胄、傅景夏、趙季言等人交遊唱和。,62
10257,袁章,宋,袁章（1120-1199），宋人，鄞縣人，儒學、鄉先生、為官者。,袁章，宋人，籍貫鄞縣。生於1120年，卒於1199年。為儒學、鄉先生、為官者。一生主要活動於鄞縣。與胡處約、袁燮、金彥博、莫冠卿等人交遊唱和。,71
10304,趙師淵,宋,趙師淵（0-0），宋人，黃巖人，宗子、理學家、為官者。,趙師淵，宋人，籍貫黃巖。生於0年，卒於0年。為宗子、理學家、為官者。一生主要活動於黃巖。與朱熹、趙汝愚、陳傅良、應恕、袁燮等人交遊唱和。,68
10577,薛徽言,宋,薛徽言（1093-1139），宋人，永嘉人，為官者。,薛徽言，宋人，籍貫永嘉。生於1093年，卒於1139年。為官者。一生主要活動於永嘉。與秦檜、薛季宣、胡安國、鄭剛中等人交遊唱和。,64
10589,蔡幼學,宋,蔡幼學（1154-1217），宋人，瑞安人，財政官員。,蔡幼學，宋人，籍貫瑞安。生於1154年，卒於1217年。為財政官員。一生主要活動於瑞安。與陳傅良、葉適、呂聲之、魏了翁、張持之等人交遊唱和。,70
10700,王佖,宋,王佖（0-0），宋人，蘭溪人，財政官員。,王佖，宋人，籍貫蘭溪。生於0年，卒於0年。為財政官員。一生主要活動於金華、蘭溪。與林拾、陸震發、饒魯、李方子、黃士毅等人交遊唱和。,65
10829,范仲黼,宋,范仲黼（0-0），宋人，華陽人，收徒講學、為官者。,范仲黼，宋人，籍貫華陽。生於0年，卒於0年。為收徒講學、為官者。一生主要活動於華陽。與魏了翁、虞剛簡、李心傳、鄧諫從、蘇在鎔等人交遊唱和。,69
11120,黃績,宋,黃績（1196-1266），宋人，莆田人，書院山長、收徒講學、士人。,黃績，宋人，籍貫莆田。生於1196年，卒於1266年。為書院山長、收徒講學、士人。一生主要活動於莆田。與劉克莊、林㝱協、鄭獻翁、潘柄等人交遊唱和。,73
11127,潘柄,宋,潘柄（1168-1227），宋人，懷安人，理學家、儒學。,潘柄，宋人，籍貫懷安。生於1168年，卒於1227年。為理學家、儒學。一生主要活動於懷安。與朱熹、蘇國台、林應承等人交遊唱和。,63
11305,方蒙仲,宋,方蒙仲（1214-1261），宋人，莆田人，財政官員。,方蒙仲，宋人，籍貫莆田。生於1214年，卒於1261年。為財政官員。一生主要活動於莆田。與劉克莊、賈似道、方大琮、歐陽守道等人交遊唱和。,68
11661,呂大鈞,宋,呂大鈞（1031-1082），宋人，藍田人，為官者、思想家。,呂大鈞，宋人，籍貫藍田。生於1031年，卒於1082年。為官者、思想家。一生主要活動於藍田。與朱熹、呂大防、呂大臨、陳鍌、范育等人交遊唱和。,70
11833,劉玶,宋,劉玶（1138-1185），宋人，崇安人，理學家、為官者。,劉玶，宋人，籍貫崇安。生於1138年，卒於1185年。為理學家、為官者。一生主要活動於崇安。與朱熹等人交遊唱和。,56
11871,胡實,宋,胡實（1136-1173），宋人，崇安人，理學家。,胡實，宋人，籍貫崇安。生於1136年，卒於1173年。為理學家。一生主要活動於崇安。與朱熹等人交遊唱和。,52
12566,敖陶孫,宋,敖陶孫（1154-1227），宋人，崑山人，理學家、財政官員。,敖陶孫，宋人，籍貫崑山。生於1154年，卒於1227年。為理學家、財政官員。一生主要活動於崑山、福清。與韓侂胄、劉克莊、朱熹、趙汝愚等人交遊唱和。,73
12732,何澹,宋,何澹（1146-1220），宋人，龍泉人，宰執。,何澹，宋人，籍貫龍泉。生於1146年，卒於1220年。為宰執。一生主要活動於松陽、龍泉。與辛棄疾、郭晞宗、慕容藴慈(朱正純妻)、葉適、衛涇等人交遊唱和。,76
12969,章援,宋,章援（0-0），宋人，浦城人，為官者。,章援，宋人，籍貫浦城。生於0年，卒於0年。為官者。一生主要活動於蘇州、長興、浦城。與蘇軾、劉克莊、李廌、葛勝仲、張商英等人交遊唱和。,66
13077,黃㽦,宋,黃㽦（1150-1212），宋人，分寧人，理學家、為官者。,黃㽦，宋人，籍貫分寧。生於1150年，卒於1212年。為理學家、為官者。一生主要活動於分寧。與朱熹、葉適等人交遊唱和。,59
13250,劉孟容,宋,劉孟容（0-0），宋人，隆興府人，收徒講學、理學家、為官者。,劉孟容，宋人，籍貫隆興府。生於0年，卒於0年。為收徒講學、理學家、為官者。一生主要活動於隆興府、清江。與朱熹、陸九淵、劉清之、陳傅良等人交遊唱和。,73
13907,李壁,宋,李壁（1159-1222），宋人，丹稜人，宰執。,李壁，宋人，籍貫丹稜。生於1159年，卒於1222年。為宰執。一生主要活動於丹稜。與朱熹、魏了翁、韓侂胄、葉適、真德秀等人交遊唱和。,66
13924,張擴,宋,張擴（?- 1147），宋人，德興人，為官者。,張擴，宋人，籍貫德興。卒於1147年。為官者。一生主要活動於德興。與秦檜、周必大、顧禧、顧彥成、張大年等人交遊唱和。,58
14305,王雲,宋,王雲（?- 1126），宋人，晉城人，為官者。,王雲，宋人，籍貫晉城。卒於1126年。為官者。一生主要活動於晉城。與黃庭堅、趙子崧等人交遊唱和。,48
15991,陳宜中,宋,陳宜中（0-0），宋人，永嘉人，宰執。,陳宜中，宋人，籍貫永嘉。生於0年，卒於0年。為宰執。一生主要活動於永嘉。與林則祖、賈似道、丁大全、劉將孫、陸秀夫等人交遊唱和。,63
16302,京鏜,宋,京鏜（1138-1200），宋人，新建人，財政官員、宰執。,京鏜，宋人，籍貫新建。生於1138年，卒於1200年。為財政官員、宰執。一生主要活動於新建。與周必大、劉德秀、韓侂胄、曾耒等人交遊唱和。,68
16783,范仲藝,宋,范仲藝（0-0），宋人，洛陽人，經學家—尚書、為官者。,范仲藝，宋人，籍貫洛陽。生於0年，卒於0年。為經學家—尚書、為官者。一生主要活動於華陽、洛陽。與葉適、周必大、陳傅良、曾丰、曾耒等人交遊唱和。,71
17491,呂浩,宋,呂浩（0-0），宋人，永康人，富豪、為官者、預鄉薦。,呂浩，宋人，籍貫永康。生於0年，卒於0年。為富豪、為官者、預鄉薦。一生主要活動於永康。與葉適、林逋、趙眘等人交遊唱和。,59
17706,吳琚,宋,吳琚（0-0），宋人，錢塘人，書法家、外戚、財政官員。,吳琚，宋人，籍貫錢塘。生於0年，卒於0年。為書法家、外戚、財政官員。一生主要活動於開封府、錢塘。與趙汝愚、陳傅良、韓侂胄、釋道璨、朱舜庸等人交遊唱和。,75
17989,郭欽止,宋,郭欽止（1128-1184），宋人，東陽人，富豪、為善鄉里。,郭欽止，宋人，籍貫東陽。生於1128年，卒於1184年。為富豪、為善鄉里。一生主要活動於東陽。與陸游、朱熹、葉適、韓淲、陳傅良等人交遊唱和。,70
19568,李洪,宋,李洪（1129-0），宋人，揚州人，財政官員。,李洪，宋人，籍貫揚州。生於1129年，卒於0年。為財政官員。一生主要活動於揚州、海鹽、歸安。與李正民、釋源治、鄭紹孫、釋淨歡、寇準等人交遊唱和。,72
20634,沈介,宋,沈介（0-0），宋人，德清人，為官者。,沈介，宋人，籍貫德清。生於0年，卒於0年。為官者。一生主要活動於德清。與釋居簡、游操、潘良能、黃景伯、張孝祥等人交遊唱和。,61
20984,李樸,宋,李樸（1064-1128），宋人，興國人，為官者。,李樸，宋人，籍貫興國。生於1064年，卒於1128年。為官者。一生主要活動於興國。與汪應辰、程頤、毛叔度等人交遊唱和。,59
21918,胡方平,宋,胡方平（0-0），宋人，婺源人，理學家、經學家—易經、士人。,胡方平，宋人，籍貫婺源。生於0年，卒於0年。為理學家、經學家—易經、士人。一生主要活動於婺源。與胡次焱、董夢程、朱熹、汪師泰等人交遊唱和。,69
25123,廖德明,宋,廖德明（0-0），宋人，順昌人，理學家、為官者。,廖德明，宋人，籍貫順昌。生於0年，卒於0年。為理學家、為官者。一生主要活動於順昌。與朱熹、鄒應博等人交遊唱和。,55
26590,胡泳,宋,胡泳（0-0），宋人，建昌人，不求仕、理學家。,胡泳，宋人，籍貫建昌。生於0年，卒於0年。為不求仕、理學家。一生主要活動於建昌。與朱熹、劉宰、李仁深、李仁垕等人交遊唱和。,61
26889,王伯芻,宋,王伯芻（1132-1201），宋人，廬陵人，史學家、藏書家、經學家。,王伯芻，宋人，籍貫廬陵。生於1132年，卒於1201年。為史學家、藏書家、經學家。一生主要活動於廬陵。與周必大、劉岳申、湯邦彥等人交遊唱和。,70
29597,程迥,宋,程迥（0-0），宋人，寧陵人，為官者。,程迥，宋人，籍貫寧陵。生於0年，卒於0年。為官者。一生主要活動於餘姚、寧陵。與朱熹、喻樗、聞人滋等人交遊唱和。,55
38447,李順,宋,李順（?- 1017），宋人，四川人。,李順，宋人，籍貫四川。卒於1017年。一生主要活動於四川。與秦傳序、古成之、郭延濬、衛紹欽、王繼恩等人交遊唱和。,56
38978,楊復,宋,楊復（0-0），宋人，福安縣人，理學家。,楊復，宋人，籍貫福安縣。生於0年，卒於0年。為理學家。一生主要活動於長溪、福安縣。與朱熹、龔郯、真德秀等人交遊唱和。,58
41765,范瓊,宋,范瓊（?- 1129），宋人，開封府人，武將。,范瓊，宋人，籍貫開封府。卒於1129年。為武將。一生主要活動於開封府。與苗傅、呂頤浩、鄧紹密、趙許之、趙諶等人交遊唱和。,60
43033,孫立節,宋,孫立節，宋人，虔化人，為官者、經學家。,孫立節，宋人，籍貫虔化。為官者、經學家。一生主要活動於虔化、寧都。與蘇軾、王安石等人交遊唱和。,47
43508,韋許,宋,韋許，宋人，蕪湖人，隱士。,韋許，宋人，籍貫蕪湖。為隱士。一生主要活動於蕪湖。與黃庭堅、李彌遜、李之儀、蘇軾等人交遊唱和。,47
45841,王爚,宋,王爚，宋人，新昌人，書院山長。,王爚，宋人，籍貫新昌。為書院山長。一生主要活動於新昌。與盛夬、劉克莊、杜範、顧續等人交遊唱和。,47
46177,徐存,宋,徐存，宋人，江山人。,徐存，宋人，籍貫江山。一生主要活動於江山。與董為良、柴衛、鄭升、鄭升之、鄭可與等人交遊唱和。,46
52320,錢選,宋,錢選，宋人，烏程人。,錢選，宋人，籍貫烏程。一生主要活動於烏程。與陸心源、趙孟頫、戴表元、劉仁本、錢惟善等人交遊唱和。,48
145,錢勰,宋,錢勰（1034-1097），宋人，開封人，書法家、藏書家、財政官員。,錢勰，宋人，籍貫開封。生於1034年，卒於1097年。為書法家、藏書家、財政官員。一生主要活動於錢塘、開封。與周必大、王安石、錢龢、蘇軾等人交遊唱和。,75
146,錢易,宋,錢易，宋人，錢塘人，書法家、畫家、財政官員。,錢易，宋人，籍貫錢塘。為書法家、畫家、財政官員。一生主要活動於錢塘。與石待問、周必大、蘇易簡、楊億、米芾等人交遊唱和。,59
279,張士遜,宋,張士遜（964-1049），宋人，光化人，財政官員、宰執。,張士遜，宋人，籍貫光化。生於964年，卒於1049年。為財政官員、宰執。一生主要活動於光化、光化軍。與宋祁、張若谷等人交遊唱和。,64
301,張璪,宋,張璪（0-1093），宋人，全椒人，財政官員、宰執。,張璪，宋人，籍貫全椒。生於0年，卒於1093年。為財政官員、宰執。一生主要活動於全椒。與韋驤、呂惠卿、上官均、鄭俠等人交遊唱和。,64
394,趙挺之,宋,趙挺之（1040-1107），宋人，諸城人，好金石、財政官員、宰執。,趙挺之，宋人，籍貫諸城。生於1040年，卒於1107年。為好金石、財政官員、宰執。一生主要活動於諸城。與黃庭堅、畢仲游、趙明誠等人交遊唱和。,70
469,金安節,宋,金安節（1095-1171），宋人，休寧人，財政官員。,金安節，宋人，籍貫休寧。生於1095年，卒於1171年。為財政官員。一生主要活動於休寧。與秦檜、周必大、范宗尹、梁師成、真德秀等人交遊唱和。,70
648,韓璜,宋,韓璜（0-0），宋人，衡山人，收徒講學、財政官員。,韓璜，宋人，籍貫衡山。生於0年，卒於0年。為收徒講學、財政官員。一生主要活動於衡山、開封府、雍邱。與胡安國、向子忞、李彌大、秦檜等人交遊唱和。,71
901,孔平仲,宋,孔平仲（0-0），宋人，新淦人，史學家、工於文、財政官員。,孔平仲，宋人，籍貫新淦。生於0年，卒於0年。為史學家、工於文、財政官員。一生主要活動於新喻、新淦。與蘇軾、周必大、朱熹、盛次仲、黃庭堅等人交遊唱和。,74
941,龔原,宋,龔原（0-0），宋人，歷陽人，財政官員、入元祐黨籍者。,龔原，宋人，籍貫歷陽。生於0年，卒於0年。為財政官員、入元祐黨籍者。一生主要活動於歷陽、遂昌。與王安石、張孝祥、周必大、林晞顏等人交遊唱和。,70
1013,李中師,宋,李中師（1015-1075），宋人，開封人，財政官員。,李中師，宋人，籍貫開封。生於1015年，卒於1075年。為財政官員。一生主要活動於開封、內黃。與蘇頌、強至、任顓等人交遊唱和。,63
1063,李彌大,宋,李彌大（1080-1140），宋人，吳縣人，為官者、財政官員。,李彌大，宋人，籍貫吳縣。生於1080年，卒於1140年。為官者、財政官員。一生主要活動於吳縣。與李彌遜、沈與求、呂頤浩等人交遊唱和。,66
1178,劉拯,宋,劉拯（0-0），宋人，南陵人，史學家、財政官員。,劉拯，宋人，籍貫南陵。生於0年，卒於0年。為史學家、財政官員。一生主要活動於南陵。與黃庭堅、范祖禹、呂大防、呂頤浩等人交遊唱和。,64
1505,蘇舜元,宋,蘇舜元（1006-1054），宋人，開封人，書法家、詩人、財政官員。,蘇舜元，宋人，籍貫開封。生於1006年，卒於1054年。為書法家、詩人、財政官員。一生主要活動於銅山、開封。與蔡襄、蘇軾、程鉅夫、范仲淹等人交遊唱和。,75
1542,孫升,宋,孫升，宋人，高郵人，為官者、財政官員、入元祐黨籍者。,孫升，宋人，籍貫高郵。為官者、財政官員、入元祐黨籍者。一生主要活動於汀州、高郵。與華鎮、王安石、蘇軾、黃庭堅等人交遊唱和。,61
1590,湯鵬舉,宋,湯鵬舉（1088-1165），宋人，金壇人，財政官員、宰執。,湯鵬舉，宋人，籍貫金壇。生於1088年，卒於1165年。為財政官員、宰執。一生主要活動於金壇。與任盡言、葉義問、李孟堅、王之奇、秦檜等人交遊唱和。,73
1635,刁約,宋,刁約（1004-1083），宋人，丹陽人，史學家、財政官員。,刁約，宋人，籍貫丹陽。生於1004年，卒於1083年。為史學家、財政官員。一生主要活動於丹陽。與蘇軾、歐陽修、杜宗象、蘇頌、魏了翁等人交遊唱和。,72
1802,王蕃,宋,王蕃（0-0），宋人，歸安人，財政官員。,王蕃，宋人，籍貫歸安。生於0年，卒於0年。為財政官員。一生主要活動於歸安、益都、開封。與黃庭堅等人交遊唱和。,54
1844,王廣淵,宋,王廣淵，宋人，洹水人，王安石新法支持者、財政官員。,王廣淵，宋人，籍貫洹水。為王安石新法支持者、財政官員。一生主要活動於洹水、成安。與程顥、黃庭堅、張方平、王師顏、王安石等人交遊唱和。,66
1897,王存,宋,王存（1023-1101），宋人，丹陽人，財政官員、入元祐黨籍者、宰執。,王存，宋人，籍貫丹陽。生於1023年，卒於1101年。為財政官員、入元祐黨籍者、宰執。一生主要活動於丹陽、江寧。與王安石、曾肇、虞太熙、呂公著、歐陽修等人交遊唱和。,82
3136,張枃,宋,張枃（0-1197），宋人，衡陽人，財政官員。,張枃，宋人，籍貫衡陽。生於0年，卒於1197年。為財政官員。一生主要活動於漢州、衡陽。與朱熹、曹盅、真德秀、呂祖謙等人交遊唱和。,64
3309,傅自得,宋,傅自得（1116-1183），宋人，晉江人，富豪、為官者。,傅自得，宋人，籍貫晉江。生於1116年，卒於1183年。為富豪、為官者。一生主要活動於晉江、濟源。與朱熹、魏了翁、李公懋等人交遊唱和。,67
3337,何鎬,宋,何鎬（1128-1175），宋人，邵武人，理學家、為官者。,何鎬，宋人，籍貫邵武。生於1128年，卒於1175年。為理學家、為官者。一生主要活動於邵武。與朱熹、李呂、呂祖謙等人交遊唱和。,63
3951,王厚之,宋,王厚之（1131-1204），宋人，諸暨人，財政官員。,王厚之，宋人，籍貫諸暨。生於1131年，卒於1204年。為財政官員。一生主要活動於諸暨、臨川。與洪适、沈揆、林師蒧、戴表元、陸九淵等人交遊唱和。,72
3966,王藺,宋,王藺（0-0），宋人，巢縣人，宰執。,王藺，宋人，籍貫巢縣。生於0年，卒於0年。為宰執。一生主要活動於巢縣。與朱熹、辛棄疾、真德秀、杜範、陸九淵等人交遊唱和。,60
4215,楊氏(趙恆妃),宋,楊氏(趙恆妃)（984-1036），宋女，開封人，供奉內廷、后妃。,楊氏(趙恆妃)，宋女，籍貫開封。生於984年，卒於1036年。為供奉內廷、后妃。一生主要活動於巴縣、開封。與范雍、夏竦、晏殊、趙積、錢惟演等人交遊唱和。,76
7203,朱晞顏,宋,朱晞顏（1163-1221），宋人，吳縣人，為官者。,朱晞顏，宋人，籍貫吳縣。生於1163年，卒於1221年。為官者。一生主要活動於吳縣、長興。與劉宰、戴栩、游九言等人交遊唱和。,62
7337,司馬康,宋,司馬康（1050-1090），宋人，夏縣人，孝子/孝女、博學之人、為官者。,司馬康，宋人，籍貫夏縣。生於1050年，卒於1090年。為孝子/孝女、博學之人、為官者。一生主要活動於夏縣。與范祖禹、范純仁、黃庭堅、司馬光等人交遊唱和。,77
7383,王子韶,宋,王子韶（0-0），宋人，蓬萊人，為官者。,王子韶，宋人，籍貫蓬萊。生於0年，卒於0年。為官者。一生主要活動於蓬萊、陽曲、兩浙西路。與王安石、祖無擇、畢仲游、蘇軾、沈括等人交遊唱和。,69
8006,錢惟演,宋,錢惟演（977-1034），宋人，開封人，武將、宰執。,錢惟演，宋人，籍貫開封。生於977年，卒於1034年。為武將、宰執。一生主要活動於開封、錢塘。與歐陽修、丁謂、楊氏(趙恆妃)、寇準等人交遊唱和。,72
8074,李至,宋,李至（947-1001），宋人，管城人，好學、宰執。,李至，宋人，籍貫管城。生於947年，卒於1001年。為好學、宰執。一生主要活動於真定、管城。與崔偓佺、張茂直、王禹偁等人交遊唱和。,65
8084,梁燾,宋,梁燾（1034-1097），宋人，須城人，宰執、入元祐黨籍者。,梁燾，宋人，籍貫須城。生於1034年，卒於1097年。為宰執、入元祐黨籍者。一生主要活動於須城。與釋宗杲、華鎮、鮑極、晁補之等人交遊唱和。,69
8094,樓炤,宋,樓炤，宋人，永康人，宰執。,樓炤，宋人，籍貫永康。為宰執。一生主要活動於永康、明州。與盛修己、王晞韓、秦檜、傅忠信等人交遊唱和。,50
8104,孟忠厚,宋,孟忠厚（?- 1157），宋人，洺州人，外戚、宰執。,孟忠厚，宋人，籍貫洺州。卒於1157年。為外戚、宰執。一生主要活動於長洲、洺州、吳縣、開封。與秦檜等人交遊唱和。,56
8151,王剛中,宋,王剛中（1103-1165），宋人，樂平人，宰執。,王剛中，宋人，籍貫樂平。生於1103年，卒於1165年。為宰執。一生主要活動於樂平。與王十朋、陳傅良、洪适、衛博、秦檜等人交遊唱和。,66
8154,王巖叟,宋,王巖叟（1043-1093），宋人，清平人，宰執、入元祐黨籍者。,王巖叟，宋人，籍貫清平。生於1043年，卒於1093年。為宰執、入元祐黨籍者。一生主要活動於清平。與朱熹、劉克莊、蔡確、甯智先、劉摯等人交遊唱和。,73
9013,趙擴,宋,趙擴（1168-1224），宋人，錢塘人，宗子、統治者、理學家。,趙擴，宋人，籍貫錢塘。生於1168年，卒於1224年。為宗子、統治者、理學家。一生主要活動於錢塘。與陳傅良、趙汝愚、劉宰、程珌、易如剛等人交遊唱和。,74
10051,蔡淵,宋,蔡淵（1156-1236），宋人，建陽人，農民、收徒講學。,蔡淵，宋人，籍貫建陽。生於1156年，卒於1236年。為農民、收徒講學。一生主要活動於建陽。與朱熹、熊剛大、熊慶冑、熊酉、葉采等人交遊唱和。,70
10061,蔡杭,宋,蔡杭（1193-1259），宋人，建陽人，史學家、理學家、博學之人。,蔡杭，宋人，籍貫建陽。生於1193年，卒於1259年。為史學家、理學家、博學之人。一生主要活動於建陽。與朱熹、劉逢源、柳貫、方大琮等人交遊唱和。,72
10189,龔頤正,宋,龔頤正（0-0），宋人，吳縣人，結社、考據學家、為官者。,龔頤正，宋人，籍貫吳縣。生於0年，卒於0年。為結社、考據學家、為官者。一生主要活動於歷陽、吳縣。與呂存中、張孝祥、周必大等人交遊唱和。,67
10242,王埜,宋,王埜（?- 1260），宋人，金華人，財政官員、宰執。,王埜，宋人，籍貫金華。卒於1260年。為財政官員、宰執。一生主要活動於金華。與劉克莊、真德秀、謝方叔、方大琮等人交遊唱和。,61
10613,林成季,宋,林成季（0-0），宋人，莆田人，為官者。,林成季，宋人，籍貫莆田。生於0年，卒於0年。為官者。一生主要活動於莆田。與朱熹、劉克莊、周必大、趙汝愚、呂祖謙等人交遊唱和。,62
10623,劉筠,宋,劉筠（970-1030），宋人，元城人，詩人、為官者。,劉筠，宋人，籍貫元城。生於970年，卒於1030年。為詩人、為官者。一生主要活動於元城、大名。與宋祁、李遵勗、丁謂、陳越、楊億等人交遊唱和。,70
10765,包揚,宋,包揚（0-0），宋人，南城人，理學家、士人。,包揚，宋人，籍貫南城。生於0年，卒於0年。為理學家、士人。一生主要活動於南城。與朱熹、陸九淵、鞠巖、包恢、歐陽守道等人交遊唱和。,64
11135,余象,宋,余象（0-0），宋人，仙遊人，為官者。,余象，宋人，籍貫仙遊。生於0年，卒於0年。為官者。一生主要活動於仙遊。與范純仁、呂公著、王安石、錢公輔、司馬光等人交遊唱和。,62
11427,方審權,宋,方審權（1180-1264），宋人，莆田人，農民、家有田產、藏書家。,方審權，宋人，籍貫莆田。生於1180年，卒於1264年。為農民、家有田產、藏書家。一生主要活動於莆田。與劉克莊等人交遊唱和。,62
11457,林同,宋,林同（0-1276），宋人，福清人，死國難、隱士。,林同，宋人，籍貫福清。生於0年，卒於1276年。為死國難、隱士。一生主要活動於福清。與劉克莊、方大琮、林希逸等人交遊唱和。,61
11465,林虙,宋,林虙，宋人，吳縣人，為官者。,林虙，宋人，籍貫吳縣。為官者。一生主要活動於吳縣、福清。與胡嶧、富延年、朱熹等人交遊唱和。,45
11470,林雷龍,宋,林雷龍（1235-1293），宋人，仙遊人，天文學家（星象家）、史學家、遺民。,林雷龍，宋人，籍貫仙遊。生於1235年，卒於1293年。為天文學家（星象家）、史學家、遺民。一生主要活動於仙遊。與方應發等人交遊唱和。,67
11655,焦千之,宋,焦千之（0-0），宋人，汝陰人，主動放棄科舉、為官者。,焦千之，宋人，籍貫汝陰。生於0年，卒於0年。為主動放棄科舉、為官者。一生主要活動於丹徒、汝陰。與歐陽修、劉攽、潘約等人交遊唱和。,64
12077,衛宗武,宋,衛宗武（?- 1289），宋人，華亭人，為官者。,衛宗武，宋人，籍貫華亭。卒於1289年。為官者。一生主要活動於華亭。與釋谷泉、釋知賾、洪應辰、潘得剛、張楧等人交遊唱和。,60
13341,詹儀之,宋,詹儀之（0-0），宋人，遂安人，理學家、財政官員。,詹儀之，宋人，籍貫遂安。生於0年，卒於0年。為理學家、財政官員。一生主要活動於遂安。與朱熹、呂祖謙等人交遊唱和。,56
13591,王則,宋,王則（?- 1048），宋人，涿州人，叛臣。,王則，宋人，籍貫涿州。卒於1048年。為叛臣。一生主要活動於涿州、貝州。與明鎬、董元亨等人交遊唱和。,50
13940,朱晞顏,宋,朱晞顏（1135-1200），宋人，休寧人，為官者。,朱晞顏，宋人，籍貫休寧。生於1135年，卒於1200年。為官者。一生主要活動於休寧。與談鑰、應孟明、陸九淵、周必大、王希呂等人交遊唱和。,68
14074,章友直,宋,章友直（1006-1062），宋人，浦城人，書法家、畫家、業進士。,章友直，宋人，籍貫浦城。生於1006年，卒於1062年。為書法家、畫家、業進士。一生主要活動於浦城。與周必大、王安石等人交遊唱和。,65
14447,李訦,宋,李訦（1144-1220），宋人，晉江人，為官者、良吏;循吏、財政官員。,李訦，宋人，籍貫晉江。生於1144年，卒於1220年。為官者、良吏;循吏、財政官員。一生主要活動於晉江。與朱熹、傅伯成、真德秀、歐陽澈、周必大等人交遊唱和。,78
14811,趙以夫,宋,趙以夫（1189-1256），宋人，長樂人，財政官員、宰執。,趙以夫，宋人，籍貫長樂。生於1189年，卒於1256年。為財政官員、宰執。一生主要活動於長樂。與劉克莊、鄭與言、包恢、趙庚夫等人交遊唱和。,69
15213,陳文龍,宋,陳文龍（1232-1277），宋人，莆田人，比丘尼、宰執。,陳文龍，宋人，籍貫莆田。生於1232年，卒於1277年。為比丘尼、宰執。一生主要活動於莆田。與賈似道、范文虎、陸秀夫、文天祥等人交遊唱和。,69
15218,趙范,宋,趙范（0-0），宋人，衡山人，武官。,趙范，宋人，籍貫衡山。生於0年，卒於0年。為武官。一生主要活動於衡山。與胡穎、應後、史彌遠、趙善湘、程珌等人交遊唱和。,59
15347,鄭興裔,宋,鄭興裔（1126-1199），宋人，錢塘人，武官。,鄭興裔，宋人，籍貫錢塘。生於1126年，卒於1199年。為武官。一生主要活動於開封府、錢塘。與周必大、陸九淵、朱熹、尚大伸等人交遊唱和。,68
15396,宋白,宋,宋白（936-1012），宋人，管城人，詞人、為官者。,宋白，宋人，籍貫管城。生於936年，卒於1012年。為詞人、為官者。一生主要活動於大名、管城。與王禹偁等人交遊唱和。,58
16647,胡沂,宋,胡沂（1107-1174），宋人，餘姚人，為官者。,胡沂，宋人，籍貫餘姚。生於1107年，卒於1174年。為官者。一生主要活動於餘姚。與龍大淵、曾覿、成閔、汪應辰、周必大等人交遊唱和。,66
16669,朱敦儒,宋,朱敦儒（1081-1159），宋人，保昌人，畫家、詩人、經世學者。,朱敦儒，宋人，籍貫保昌。生於1081年，卒於1159年。為畫家、詩人、經世學者。一生主要活動於保昌、洛陽。與陸游、朱熹、汪莘、周必大等人交遊唱和。,73
16937,方逢振,宋,方逢振（0-0），宋人，淳安人，收徒講學、隱居授徒、為官者。,方逢振，宋人，籍貫淳安。生於0年，卒於0年。為收徒講學、隱居授徒、為官者。一生主要活動於淳安。與何夢桂、盛如梓、汪巽元、方夔、鮮于樞等人交遊唱和。,73
17073,高元之,宋,高元之（1142-1197），宋人，鄞縣人，落第士人、士人。,高元之，宋人，籍貫鄞縣。生於1142年，卒於1197年。為落第士人、士人。一生主要活動於鄞縣。與傅伯成、鄭沆、周必大、曾丰、曾耒等人交遊唱和。,71
17480,劉安節,宋,劉安節（1068-1116），宋人，永嘉人，為官者。,劉安節，宋人，籍貫永嘉。生於1068年，卒於1116年。為官者。一生主要活動於永嘉。與劉安上、許景衡、程頤、留元剛、宋之珍等人交遊唱和。,68
17530,吳錫疇,宋,吳錫疇（1215-1276），宋人，休寧人，理學家、士人、思想家。,吳錫疇，宋人，籍貫休寧。生於1215年，卒於1276年。為理學家、士人、思想家。一生主要活動於休寧。與程若庸、陸夢發、呂午、宇文十朋、羅椅等人交遊唱和。,76
17604,曾集,宋,曾集（0-0），宋人，山陰人，為官者。,曾集，宋人，籍貫山陰。生於0年，卒於0年。為官者。一生主要活動於山陰、虔州。與朱熹、曾幾、呂祖謙等人交遊唱和。,55
18486,檀固,宋,檀固（0-0），宋人，建德人，為官者、入元祐黨籍者。,檀固，宋人，籍貫建德。生於0年，卒於0年。為官者、入元祐黨籍者。一生主要活動於建德。與范純仁、蘇轍、章惇、曾肇、蔡卞等人交遊唱和。,65
19075,任伋,宋,任伋（1018-1081），宋人，眉山人，為官者。,任伋，宋人，籍貫眉山。生於1018年，卒於1081年。為官者。一生主要活動於眉山。與朱熹、蘇轍、蘇洵、蘇軾等人交遊唱和。,60
19076,任伯雨,宋,任伯雨（1047-1119），宋人，眉山人，結社、為官者、入元祐黨籍者。,任伯雨，宋人，籍貫眉山。生於1047年，卒於1119年。為結社、為官者、入元祐黨籍者。一生主要活動於眉山。與陸游、魏了翁、林彖、曾布、蘇軾等人交遊唱和。,76
19078,任希夷,宋,任希夷（0-0），宋人，邵武人，理學家、宰執。,任希夷，宋人，籍貫邵武。生於0年，卒於0年。為理學家、宰執。一生主要活動於眉州、邵武。與朱熹、魏了翁、度正、程顥、程頤等人交遊唱和。,66
19158,李經,宋,李經（0-0），宋人，邵武人，理學家、經學家—禮經、考據學家。,李經，宋人，籍貫邵武。生於0年，卒於0年。為理學家、經學家—禮經、考據學家。一生主要活動於邵武。與朱熹等人交遊唱和。,58
19162,李方子,宋,李方子（0-0），宋人，光澤人，理學家、為官者。,李方子，宋人，籍貫光澤。生於0年，卒於0年。為理學家、為官者。一生主要活動於光澤。與朱熹、吳梅卿、魏了翁等人交遊唱和。,59
19481,郭磊卿,宋,郭磊卿（0-0），宋人，仙居人，為官者。,郭磊卿，宋人，籍貫仙居。生於0年，卒於0年。為官者。一生主要活動於仙居。與史嵩之、趙昀、朱熹、林宓、劉漢弼等人交遊唱和。,60
19567,李正民,宋,李正民（?- 1151），宋人，海鹽人，為官者。,李正民，宋人，籍貫海鹽。卒於1151年。為官者。一生主要活動於海鹽、揚州、江都。與蔡襄、祝師龍、畢良史等人交遊唱和。,58
19687,呂勝己,宋,呂勝己（0-0），宋人，邵武人，書法家、收徒講學、理學家。,呂勝己，宋人，籍貫邵武。生於0年，卒於0年。為書法家、收徒講學、理學家。一生主要活動於建陽、邵武。與朱熹等人交遊唱和。,59
19726,李迪,宋,李迪（0-0），宋人，錢塘人，畫家。,李迪，宋人，籍貫錢塘。生於0年，卒於0年。為畫家。一生主要活動於錢塘、河陽、濟源。與戚仲、衛光遠等人交遊唱和。,55
19965,舒衍,宋,舒衍（1163-1213），宋人，鄞縣人，孝子/孝女、落第士人、思想家。,舒衍，宋人，籍貫鄞縣。生於1163年，卒於1213年。為孝子/孝女、落第士人、思想家。一生主要活動於鄞縣。與呂祖儉、袁燮、沈煥等人交遊唱和。,70
20450,劉季孫,宋,劉季孫（0-0），宋人，開封人，好金石、武將、詩人。,劉季孫，宋人，籍貫開封。生於0年，卒於0年。為好金石、武將、詩人。一生主要活動於開封、祥符。與蘇軾、黃庭堅、米芾、王安石、黃伯思等人交遊唱和。,71
20591,吳漸,宋,吳漸（1124-1183），宋人，臨川人，士人。,吳漸，宋人，籍貫臨川。生於1124年，卒於1183年。為士人。一生主要活動於金谿、臨川。與許及之、蘇總龜、曾季貍、陸九淵等人交遊唱和。,67
20654,呂文德,宋,呂文德（0-0），宋人，安豐人，史學家、武將、財政官員。,呂文德，宋人，籍貫安豐。生於0年，卒於0年。為史學家、武將、財政官員。一生主要活動於安豐、江州。與蒲澤之、李曾伯等人交遊唱和。,63
21016,施宿,宋,施宿（0-0），宋人，長興人，為官者、史學家、財政官員。,施宿，宋人，籍貫長興。生於0年，卒於0年。為官者、史學家、財政官員。一生主要活動於長興。與陸游、傅穉、沈作賓、趙不迹等人交遊唱和。,65
21214,魏野,宋,魏野（960-1019），宋人，夏縣人，精於某種樂器、士人、不求仕。,魏野，宋人，籍貫夏縣。生於960年，卒於1019年。為精於某種樂器、士人、不求仕。一生主要活動於夏縣、陝縣。與史溫、宋澥、張荷、馮亞、何詠等人交遊唱和。,76
22241,王泰來,宋,王泰來（1236-1308），宋人，華亭人，拒絕出仕、太學生、徵至京師。,王泰來，宋人，籍貫華亭。生於1236年，卒於1308年。為拒絕出仕、太學生、徵至京師。一生主要活動於華亭、建康府。與趙孟頫、程鉅夫、戴表元、吾衍等人交遊唱和。,79
22819,俞烈,宋,俞烈（?- 1213），宋人，臨安人，為官者。,俞烈，宋人，籍貫臨安。卒於1213年。為官者。一生主要活動於錢塘、臨安。與程珌、韓侂胄、洪咨夔、葉適、俞德鄰等人交遊唱和。,61
24763,蔣傅,宋,蔣傅（0-0），宋人，上饒人，大學生、未參加科舉而卒。,蔣傅，宋人，籍貫上饒。生於0年，卒於0年。為大學生、未參加科舉而卒。一生主要活動於上饒。與楊宏中、趙汝愚、周端朝、林仲麟、韓侂胄等人交遊唱和。,71
24839,李浩,宋,李浩（1116-1176），宋人，臨川人，為官者。,李浩，宋人，籍貫臨川。生於1116年，卒於1176年。為官者。一生主要活動於建昌、臨川。與陸游、陸九淵、查籥等人交遊唱和。,61
25108,劉堯夫,宋,劉堯夫（0-0），宋人，金谿人，理學家、為官者。,劉堯夫，宋人，籍貫金谿。生於0年，卒於0年。為理學家、為官者。一生主要活動於金谿。與陸九淵、朱熹、陸九臯、陸九齡、呂祖謙等人交遊唱和。,67
25133,祝禹圭,宋,祝禹圭（0-0），宋人，信安人，為官者、理學家、學官。,祝禹圭，宋人，籍貫信安。生於0年，卒於0年。為官者、理學家、學官。一生主要活動於信安、休寧、常山。與朱熹等人交遊唱和。,59
25412,趙士褭,宋,趙士褭，宋人，建安人，好學、武官。,趙士褭，宋人，籍貫建安。為好學、武官。一生主要活動於建安、開封。與秦檜、岳飛等人交遊唱和。,45
26022,柴中行,宋,柴中行（0-0），宋人，餘干人，儒學、收徒講學、理學家。,柴中行，宋人，籍貫餘干。生於0年，卒於0年。為儒學、收徒講學、理學家。一生主要活動於餘干。與韓侂胄、湯漢、朱熹、湯師中等人交遊唱和。,66
26804,唐震,宋,唐震（0-1275），宋人，嵊縣人，死國難、良吏;循吏、為官者。,唐震，宋人，籍貫嵊縣。生於0年，卒於1275年。為死國難、良吏;循吏、為官者。一生主要活動於嵊縣。與胡應之、胡廷桂、黃溍、賈似道等人交遊唱和。,71
26839,陳良翰,宋,陳良翰（1108-1172），宋人，臨海人，孝子/孝女、良吏;循吏、為官者。,陳良翰，宋人，籍貫臨海。生於1108年，卒於1172年。為孝子/孝女、良吏;循吏、為官者。一生主要活動於臨海。與朱熹、周必大、湯思退、戴表元、葉適等人交遊唱和。,80
26915,程振,宋,程振（1071-1127），宋人，樂平人，為官者。,程振，宋人，籍貫樂平。生於1071年，卒於1127年。為官者。一生主要活動於樂平。與沈積中、魏了翁、馬廷鸞、洪咨夔、安扶等人交遊唱和。,67
27438,李椿,宋,李椿（1111-1183），宋人，衡陽人，經學家—易經、為官者。,李椿，宋人，籍貫衡陽。生於1111年，卒於1183年。為經學家—易經、為官者。一生主要活動於衡陽、永年。與朱熹、魏了翁等人交遊唱和。,66
27702,陳藻,宋,陳藻，宋人，福清人，收徒講學、處士。,陳藻，宋人，籍貫福清。為收徒講學、處士。一生主要活動於福清。與林萬頃、劉克莊、林亦之、林鶚翁、黃自信等人交遊唱和。,57
27711,廖行之,宋,廖行之（1137-1189），宋人，衡陽人，經世學者、為官者。,廖行之，宋人，籍貫衡陽。生於1137年，卒於1189年。為經世學者、為官者。一生主要活動於衡陽。與宋若水、戴溪、魯詧、丁南金、孟程等人交遊唱和。,72
27779,倪樸,宋,倪樸（0-0），宋人，浦江人，地理學家、地方士人/鄉紳、士人。,倪樸，宋人，籍貫浦江。生於0年，卒於0年。為地理學家、地方士人/鄉紳、士人。一生主要活動於浦江。與鄭伯熊、周葵、吳萊、宋濂等人交遊唱和。,68
27928,劉黼,宋,劉黼（0-0），宋人，吉水人，理學家、為官者。,劉黼，宋人，籍貫吉水。生於0年，卒於0年。為理學家、為官者。一生主要活動於吉水、廬陵。與朱熹、呂祖謙等人交遊唱和。,57
30219,胡夢昱,宋,胡夢昱（1185-1226），宋人，吉水人，為官者。,胡夢昱，宋人，籍貫吉水。生於1185年，卒於1226年。為官者。一生主要活動於吉水。與胡利用、袁桷、劉岳申等人交遊唱和。,60
33319,李從周,宋,李從周（0-0），宋人，彭山人，士人。,李從周，宋人，籍貫彭山。生於0年，卒於0年。為士人。一生主要活動於彭山、臨邛。與魏了翁等人交遊唱和。,50
35015,杜斿,宋,杜斿（0-0），宋人，蘭溪人，布衣、理學家、校堪學家。,杜斿，宋人，籍貫蘭溪。生於0年，卒於0年。為布衣、理學家、校堪學家。一生主要活動於婺州、蘭溪。與吳師道、朱熹、辛棄疾等人交遊唱和。,65
35111,吳可,宋,吳可（0-0），宋人，江寧人，詩人、為官者。,吳可，宋人，籍貫江寧。生於0年，卒於0年。為詩人、為官者。一生主要活動於江寧。與李之儀、蘇軾、榮天和等人交遊唱和。,57
37681,林靈素,宋,林靈素，宋人，永嘉人，詩人、道士。,林靈素，宋人，籍貫永嘉。為詩人、道士。一生主要活動於永嘉。與徐知常、釋永道、蘇軾、傅崧卿、雍孝聞等人交遊唱和。,55
38746,張俞,宋,張俞（0-0），宋人，郫縣人，落第士人、業進士。,張俞，宋人，籍貫郫縣。生於0年，卒於0年。為落第士人、業進士。一生主要活動於郫縣。與文彥博、何郯、明鎬、田況、呂夷簡等人交遊唱和。,65
38761,王遇,宋,王遇（1142-1211），宋人，龍溪人，為官者、理學家。,王遇，宋人，籍貫龍溪。生於1142年，卒於1211年。為官者、理學家。一生主要活動於龍溪。與朱熹、韓侂胄、呂祖謙等人交遊唱和。,63
39816,朱淑真,宋,朱淑真（1095-1131），宋女，錢塘人，詞人。,朱淑真，宋女，籍貫錢塘。生於1095年，卒於1131年。為詞人。一生主要活動於錢塘、鹽官。與汪莘、許玉瑑、魏仲恭、丁丙、黃丕烈等人交遊唱和。,70
41251,吳復古,宋,吳復古，宋人，揭陽人，隱士。,吳復古，宋人，籍貫揭陽。為隱士。一生主要活動於揭陽。與蘇軾、鄭俠、蘇轍等人交遊唱和。,42
43145,周謨,宋,周謨（1141-1202），宋人，建昌人，儒學、收徒講學、理學家。,周謨，宋人，籍貫建昌。生於1141年，卒於1202年。為儒學、收徒講學、理學家。一生主要活動於會稽、建昌。與朱熹、余伯秀等人交遊唱和。,67
43174,胡穎,宋,胡穎（?- 1270），宋人，湘潭人，為官者、財政官員。,胡穎，宋人，籍貫湘潭。卒於1270年。為官者、財政官員。一生主要活動於湘潭。與文天祥、趙范、劉克莊等人交遊唱和。,56
44530,柳申錫,宋,柳申錫，宋人，潼川府人，天文學家（星象家）、儒學、陰陽家。,柳申錫，宋人，籍貫潼川府。為天文學家（星象家）、儒學、陰陽家。一生主要活動於潼川府。與魏了翁、度正等人交遊唱和。,56
45416,許堅,宋,許堅，宋人，句容人，煉丹家、隱士、詩人。,許堅，宋人，籍貫句容。為煉丹家、隱士、詩人。一生主要活動於江南東路、句容、吉州、廬江、星子。與李溉、范諤昌等人交遊唱和。,60
49086,傅夢泉,宋,傅夢泉，宋人，南城人，收徒講學。,傅夢泉，宋人，籍貫南城。為收徒講學。一生主要活動於南城。與陸九淵、朱熹、林希逸、袁燮、周必大等人交遊唱和。,53
49959,鄒應龍,宋,鄒應龍（1172-1244），宋人，泰寧人，良吏;循吏。,鄒應龍，宋人，籍貫泰寧。生於1172年，卒於1244年。為良吏;循吏。一生主要活動於泰寧。與莫子純、姚師虎、李昴英、韓侂胄、高斯得等人交遊唱和。,72
51829,劉槩,宋,劉槩，宋人，壽光人，詩人、好學、好金石。,劉槩，宋人，籍貫壽光。為詩人、好學、好金石。一生主要活動於壽光。與范仲淹、文彥博、种放、富弼、呂大臨等人交遊唱和。,57
53069,釋元淨,宋,釋元淨，宋人，僧人。,釋元淨，宋人。為僧人。與蘇軾、蘇轍、趙抃等人交遊唱和。,27
575284,釋智深,宋,釋智深（1019-1100），宋人，修武人，僧人。,釋智深，宋人，籍貫修武。生於1019年，卒於1100年。為僧人。一生主要活動於修武。與釋道英、釋某某(釋智深之弟子)、繆潛、釋靜熙等人交遊唱和。,72
77,陳升之,宋,陳升之（1011-1079），宋人，丹徒人，財政官員、宰執。,陳升之，宋人，籍貫丹徒。生於1011年，卒於1079年。為財政官員、宰執。一生主要活動於丹徒、建安。與王安石、呂公弼等人交遊唱和。,65
352,趙瞻,宋,趙瞻（1019-1090），宋人，盩厔人，良吏;循吏、財政官員、入元祐黨籍者。,趙瞻，宋人，籍貫盩厔。生於1019年，卒於1090年。為良吏;循吏、財政官員、入元祐黨籍者。一生主要活動於盩厔、永城。與范祖禹、晁說之等人交遊唱和。,74
556,樊光遠,宋,樊光遠（1102-1164），宋人，錢塘人，財政官員。,樊光遠，宋人，籍貫錢塘。生於1102年，卒於1164年。為財政官員。一生主要活動於錢塘、清湘。與釋宗杲、汪應辰、方導、林光朝、王十朋等人交遊唱和。,73
562,范沖,宋,范沖（1067-1141），宋人，華陽人，史學家、經學家—左傳、財政官員。,范沖，宋人，籍貫華陽。生於1067年，卒於1141年。為史學家、經學家—左傳、財政官員。一生主要活動於華陽、常山、開封。與尹焞、司馬光、呂頤浩、蘇軾等人交遊唱和。,81
753,徐禧,宋,徐禧（1043-1082），宋人，分寧人，布衣、財政官員。,徐禧，宋人，籍貫分寧。生於1043年，卒於1082年。為布衣、財政官員。一生主要活動於分寧。與呂惠卿、王安石、黃庭堅、陸游、种諤等人交遊唱和。,71
803,薛奎,宋,薛奎（967-1034），宋人，正平人，財政官員、宰執。,薛奎，宋人，籍貫正平。生於967年，卒於1034年。為財政官員、宰執。一生主要活動於正平。與歐陽修、方偕、高繼宣、范仲淹等人交遊唱和。,67
962,來之邵,宋,來之邵，宋人，咸平人，財政官員。,來之邵，宋人，籍貫咸平。為財政官員。一生主要活動於咸平。與張商英、蘇軾、范純仁、蘇頌、安燾等人交遊唱和。,52
964,郎簡,宋,郎簡（975-1063），宋人，臨安人，為官者、行醫、結社。,郎簡，宋人，籍貫臨安。生於975年，卒於1063年。為官者、行醫、結社。一生主要活動於臨安。與王安石、范說、周守中等人交遊唱和。,64
1079,李士衡,宋,李士衡（959-1032），宋人，長安人，武將、富豪、財政官員。,李士衡，宋人，籍貫長安。生於959年，卒於1032年。為武將、富豪、財政官員。一生主要活動於長安、成紀。與吳元載、寇準、范仲淹等人交遊唱和。,70
1096,李迪,宋,李迪（971-1047），宋人，開封人，財政官員、宰執。,李迪，宋人，籍貫開封。生於971年，卒於1047年。為財政官員、宰執。一生主要活動於開封、鄄城、幽州、趙州。與林特、范仲淹、張方平、宋祁等人交遊唱和。,75
1195,劉奉世,宋,劉奉世（1041-1113），宋人，開封人，好金石、財政官員、入元祐黨籍者。,劉奉世，宋人，籍貫開封。生於1041年，卒於1113年。為好金石、財政官員、入元祐黨籍者。一生主要活動於新喻、開封。與周必大、章惇、董逌、畢仲游、蘇軾等人交遊唱和。,82
1226,劉式,宋,劉式（949-997），宋人，開封人，經學家—春秋、財政官員。,劉式，宋人，籍貫開封。生於949年，卒於997年。為經學家—春秋、財政官員。一生主要活動於開封、新喻。與朱熹、張佖、楊億等人交遊唱和。,67
1238,劉岑,宋,劉岑（1087-1167），宋人，溧陽人，財政官員。,劉岑，宋人，籍貫溧陽。生於1087年，卒於1167年。為財政官員。一生主要活動於溧陽。與秦檜、釋宗杲、周必大、洪中孚等人交遊唱和。,65
1437,邵必,宋,邵必，宋人，丹陽人，書法家、財政官員。,邵必，宋人，籍貫丹陽。為書法家、財政官員。一生主要活動於丹陽。與劉攽、王安石、徐積、歐陽修等人交遊唱和。,52
1565,宋咸,宋,宋咸（0-0），宋人，建陽人，家有田產、財政官員。,宋咸，宋人，籍貫建陽。生於0年，卒於0年。為家有田產、財政官員。一生主要活動於建陽。與宋祁、歐陽修、狄青等人交遊唱和。,59
1661,蔡挺,宋,蔡挺（1014-1079），宋人，宋城人，財政官員、宰執。,蔡挺，宋人，籍貫宋城。生於1014年，卒於1079年。為財政官員、宰執。一生主要活動於宋城。與張方平、范仲淹、周必大、范純仁、蘇轍等人交遊唱和。,72
1724,杜純,宋,杜純（1032-1095），宋人，鄄城人，王安石新法反對者、財政官員、入元祐黨籍者。,杜純，宋人，籍貫鄄城。生於1032年，卒於1095年。為王安石新法反對者、財政官員、入元祐黨籍者。一生主要活動於鄄城。與晁補之、范純仁、文彥博、石輅、王安石等人交遊唱和。,85
1726,杜莘老,宋,杜莘老（1107-1164），宋人，江津人，財政官員。,杜莘老，宋人，籍貫江津。生於1107年，卒於1164年。為財政官員。一生主要活動於江津、青神。與王十朋、查籥、張去為等人交遊唱和。,65
1872,王師心,宋,王師心（1097-1169），宋人，金華人，為官者、良吏;循吏、財政官員。,王師心，宋人，籍貫金華。生於1097年，卒於1169年。為官者、良吏;循吏、財政官員。一生主要活動於金華。與王十朋、汪應辰、秦檜、張孝祥等人交遊唱和。,75
1875,王時雍,宋,王時雍（0-0），宋人，仁壽人，財政官員。,王時雍，宋人，籍貫仁壽。生於0年，卒於0年。為財政官員。一生主要活動於仁壽、四川。與馮汝舟、聶昌、趙子崧、張邦昌、趙叔向等人交遊唱和。,67
1877,王曙,宋,王曙（963-1034），宋人，洛陽人，財政官員、宰執。,王曙，宋人，籍貫洛陽。生於963年，卒於1034年。為財政官員、宰執。一生主要活動於洛陽、上黨。與尹洙、寇準、釋警玄、歐陽修等人交遊唱和。,69
1925,王炎,宋,王炎（1115-1178），宋人，廬陵人，財政官員、宰執。,王炎，宋人，籍貫廬陵。生於1115年，卒於1178年。為財政官員、宰執。一生主要活動於安陽、廬陵。與薛季宣、朱熹、周必大、袁燮、陸游等人交遊唱和。,73
2020,楊蟠,宋,楊蟠（0-0），宋人，臨海人，財政官員。,楊蟠，宋人，籍貫臨海。生於0年，卒於0年。為財政官員。一生主要活動於臨海、錢塘。與釋契嵩、歐陽修、蘇軾、蔡襄、王安石等人交遊唱和。,65
3012,晁迥,宋,晁迥（951-1034），宋人，彭州人，經學家—易經、習於道術、好學。,晁迥，宋人，籍貫彭州。生於951年，卒於1034年。為經學家—易經、習於道術、好學。一生主要活動於彭城、清豐、彭州、開封。與孫繼鄴、夏竦、王禹偁等人交遊唱和。,79
3028,晁詠之,宋,晁詠之，宋人，開封人，文人、元符上書入籍者、為官者。,晁詠之，宋人，籍貫開封。為文人、元符上書入籍者、為官者。一生主要活動於鉅野、開封。與蘇軾、晁說之、黃庭堅、曾布等人交遊唱和。,62
3256,朱服,宋,朱服（0-0），宋人，烏程人，為官者。,朱服，宋人，籍貫烏程。生於0年，卒於0年。為官者。一生主要活動於烏程、浦江。與蘇軾、章惇、徐子美、華鎮、鄭俠等人交遊唱和。,61
3364,蕭服,宋,蕭服（1059-1114），宋人，吉水人，為官者。,蕭服，宋人，籍貫吉水。生於1059年，卒於1114年。為官者。一生主要活動於吉水、廬陵。與周必大、章縡、章綖、沈畸等人交遊唱和。,64
3503,李孝壽,宋,李孝壽（0-0），宋人，開封人，酷吏、為官者。,李孝壽，宋人，籍貫開封。生於0年，卒於0年。為酷吏、為官者。一生主要活動於濮州、開封。與章惇、呂嘉問、陳正彙、蔡卞等人交遊唱和。,64
3541,李宗諤,宋,李宗諤（965-1013），宋人，饒陽人，書法家、藏書家、為官者。,李宗諤，宋人，籍貫饒陽。生於965年，卒於1013年。為書法家、藏書家、為官者。一生主要活動於饒陽。與歐陽修、龔識、石保吉、王禹偁、楊億等人交遊唱和。,75
3543,李端懿,宋,李端懿（1013-1060），宋人，開封人，天文學家（星象家）、書法家、畫家。,李端懿，宋人，籍貫開封。生於1013年，卒於1060年。為天文學家（星象家）、書法家、畫家。一生主要活動於開封。與歐陽修、蔡襄等人交遊唱和。,70
3552,李郁,宋,李郁（1086-1150），宋人，光澤人，收徒講學。,李郁，宋人，籍貫光澤。生於1086年，卒於1150年。為收徒講學。一生主要活動於光澤。與朱熹、秦檜等人交遊唱和。,56
3656,呂祖泰,宋,呂祖泰，宋人，宜興人，處士、為官者、思想家。,呂祖泰，宋人，籍貫宜興。為處士、為官者、思想家。一生主要活動於宜興、金華。與周必大、韓侂胄、陳自強、蘇師旦等人交遊唱和。,60
3678,莫濟,宋,莫濟（0-0），宋人，歸安人，財政官員。,莫濟，宋人，籍貫歸安。生於0年，卒於0年。為財政官員。一生主要活動於歸安。與周必大、王希呂等人交遊唱和。,52
3947,王震,宋,王震（1046-1095），宋人，莘縣人，為官者。,王震，宋人，籍貫莘縣。生於1046年，卒於1095年。為官者。一生主要活動於莘縣、開封府。與周必大、章惇、蓋漸等人交遊唱和。,62
7060,歐陽棐,宋,歐陽棐（1047-1113），宋人，清江人，為官者、入元祐黨籍者。,歐陽棐，宋人，籍貫清江。生於1047年，卒於1113年。為官者、入元祐黨籍者。一生主要活動於清江、原武、廬陵。與歐陽修、畢仲游、蘇轍、曾布等人交遊唱和。,76
7404,葉濤,宋,葉濤（0-0），宋人，龍泉人，入元祐黨籍者、為官者。,葉濤，宋人，籍貫龍泉。生於0年，卒於0年。為入元祐黨籍者、為官者。一生主要活動於龍泉。與曾布、呂大防、王安石、安燾、歐陽修等人交遊唱和。,68
8049,韓億,宋,韓億，宋人，雍邱人，宰執。,韓億，宋人，籍貫雍邱。為宰執。一生主要活動於雍邱、靈壽。與蘇舜欽、張方平、范仲淹、韓綜等人交遊唱和。,50
8067,洪遵,宋,洪遵（1120-1174），宋人，鄱陽人，農民、宰執。,洪遵，宋人，籍貫鄱陽。生於1120年，卒於1174年。為農民、宰執。一生主要活動於鄱陽。與周必大、魏了翁、洪适、程珌等人交遊唱和。,65
8090,劉沆,宋,劉沆（995-1060），宋人，永新人，宰執。,劉沆，宋人，籍貫永新。生於995年，卒於1060年。為宰執。一生主要活動於永新。與周必大、吳中復等人交遊唱和。,55
8099,呂好問,宋,呂好問（1064-1131），宋人，開封人，宰執。,呂好問，宋人，籍貫開封。生於1064年，卒於1131年。為宰執。一生主要活動於壽州、武義、開封。與田腴、尹焞、呂祖謙、蔡卞、晁說之等人交遊唱和。,72
8107,畢士安,宋,畢士安（938-1005），宋人，管城人，宰執。,畢士安，宋人，籍貫管城。生於938年，卒於1005年。為宰執。一生主要活動於管城、崞縣、雲中。與劉摯、畢仲游、楊億、王禹偁等人交遊唱和。,68
8115,蘇易簡,宋,蘇易簡（958-996），宋人，開封人，宰執。,蘇易簡，宋人，籍貫開封。生於958年，卒於996年。為宰執。一生主要活動於銅山、開封。與易延慶、錢昭度、周必大、康戩、錢易等人交遊唱和。,68
8135,曹瑋,宋,曹瑋（973-1030），宋人，靈壽人，武將、宰執。,曹瑋，宋人，籍貫靈壽。生於973年，卒於1030年。為武將、宰執。一生主要活動於靈壽。與祝維岳、寇準、丁謂、王安石等人交遊唱和。,64
8145,王舉正,宋,王舉正，宋人，真定人，宰執。,王舉正，宋人，籍貫真定。為宰執。一生主要活動於真定。與歐陽修、晁說之、蘇頌、李徽之、宋祁等人交遊唱和。,51
8165,吳育,宋,吳育（1004-1058），宋人，新鄭人，宰執。,吳育，宋人，籍貫新鄭。生於1004年，卒於1058年。為宰執。一生主要活動於浦城、新鄭。與歐陽修、魏了翁、真德秀、沈遘、司馬光等人交遊唱和。,70
8173,宇文虛中,宋,宇文虛中（1063-1130），宋人，雙流人，宰執、為官者。,宇文虛中，宋人，籍貫雙流。生於1063年，卒於1130年。為宰執、為官者。一生主要活動於雙流、華陽。與劉克莊、周必大、折克行等人交遊唱和。,69
9003,趙恆,宋,趙恆（968-1022），宋人，開封人，統治者、皇帝。,趙恆，宋人，籍貫開封。生於968年，卒於1022年。為統治者、皇帝。一生主要活動於開封。與歐陽修、高斯得、歐陽守道、王安石、唐士恥等人交遊唱和。,72
10416,趙子晝,宋,趙子晝（1089-1142），宋人，西安人，書法家、強記;博學強記、為官者。,趙子晝，宋人，籍貫西安。生於1089年，卒於1142年。為書法家、強記;博學強記、為官者。一生主要活動於西安、信安、開封。與江緯等人交遊唱和。,71
10582,袁溉,宋,袁溉（0-0），宋人，江陵人，博學之人、圍棋棋手、收徒講學。,袁溉，宋人，籍貫江陵。生於0年，卒於0年。為博學之人、圍棋棋手、收徒講學。一生主要活動於江陵、汝陰、邢州。與薛翁、薛季宣、程頤等人交遊唱和。,70
10704,王瀚,宋,王瀚，宋人，金華人，理學家、為官者。,王瀚，宋人，籍貫金華。為理學家、為官者。一生主要活動於金華。與寇準、朱熹、呂祖謙、項詵老、黃溍等人交遊唱和。,54
10876,晁冲之,宋,晁冲之（0-0），宋人，鉛山人，詩人、結社、入元祐黨籍者。,晁冲之，宋人，籍貫鉛山。生於0年，卒於0年。為詩人、結社、入元祐黨籍者。一生主要活動於鉅野、鉛山。與劉克莊等人交遊唱和。,60
11125,潘植,宋,潘植，宋人，懷安人，史學家、理學家、工於文。,潘植，宋人，籍貫懷安。為史學家、理學家、工於文。一生主要活動於懷安。與朱熹等人交遊唱和。,44
11541,潘大臨,宋,潘大臨（0-0），宋人，長樂人，士人。,潘大臨，宋人，籍貫長樂。生於0年，卒於0年。為士人。一生主要活動於長樂、黃岡。與黃庭堅、蘇軾等人交遊唱和。,53
11840,真志道,宋,真志道（0-0），宋人，浦城人，財政官員。,真志道，宋人，籍貫浦城。生於0年，卒於0年。為財政官員。一生主要活動於浦城。與真德秀、劉克莊、方大琮等人交遊唱和。,57
13084,郭雍,宋,郭雍（1091-1187），宋人，夷陵人，孝子/孝女、士人、拒絕出仕。,郭雍，宋人，籍貫夷陵。生於1091年，卒於1187年。為孝子/孝女、士人、拒絕出仕。一生主要活動於夷陵、洛陽。與曾穜、陸游、郭忠孝、趙善譽、朱熹等人交遊唱和。,79
13240,劉靖之,宋,劉靖之（1128-1178），宋人，清江人，孝子/孝女、為官者、思想家。,劉靖之，宋人，籍貫清江。生於1128年，卒於1178年。為孝子/孝女、為官者、思想家。一生主要活動於清江。與羅願、朱熹、鄭俠、趙抃、周必大等人交遊唱和。,76
13255,曾三異,宋,曾三異（1156-0），宋人，新淦人，理學家、校堪學家、為官者。,曾三異，宋人，籍貫新淦。生於1156年，卒於0年。為理學家、校堪學家、為官者。一生主要活動於新淦。與朱熹、周必大、魏了翁等人交遊唱和。,67
13425,石斗文,宋,石斗文（1129-1189），宋人，新昌人，為官者。,石斗文，宋人，籍貫新昌。生於1129年，卒於1189年。為官者。一生主要活動於新昌。與朱熹、史浩、陸九淵、呂祖謙等人交遊唱和。,63
13477,王佐,宋,王佐（1129-1191），宋人，山陰人，財政官員。,王佐，宋人，籍貫山陰。生於1129年，卒於1191年。為財政官員。一生主要活動於山陰。與陸游、秦檜、朱熹、林光朝、陳傅良等人交遊唱和。,67
15074,陳敏,宋,陳敏（0-0），宋人，無錫人，為官者。,陳敏，宋人，籍貫無錫。生於0年，卒於0年。為官者。一生主要活動於無錫。與司馬光、袁默、王安石、蘇軾等人交遊唱和。,56
15188,林大中,宋,林大中（1131-1208），宋人，永康人，宰執。,林大中，宋人，籍貫永康。生於1131年，卒於1208年。為宰執。一生主要活動於永康。與韓侂胄、姚汝賢、袁燮等人交遊唱和。,60
16142,蔣璿,宋,蔣璿（0-0），宋人，奉化人，為官者。,蔣璿，宋人，籍貫奉化。生於0年，卒於0年。為官者。一生主要活動於奉化、鄞縣。與汪思溫、王次翁、高閌、徐彥老、陳先等人交遊唱和。,63
16571,仇悆,宋,仇悆（0-1146），宋人，鄞縣人，良吏;循吏、財政官員。,仇悆，宋人，籍貫鄞縣。生於0年，卒於1146年。為良吏;循吏、財政官員。一生主要活動於鄞縣、益都。與秦檜、范宗尹、閻僅等人交遊唱和。,66
16681,朱弁,宋,朱弁（?- 1144），宋人，錢塘人，為官者、武官、大學生。,朱弁，宋人，籍貫錢塘。卒於1144年。為官者、武官、大學生。一生主要活動於錢塘、婺源。與朱熹、洪适等人交遊唱和。,56
16846,曹佾,宋,曹佾，宋人，靈壽人，詩人、外戚、音樂學家。,曹佾，宋人，籍貫靈壽。為詩人、外戚、音樂學家。一生主要活動於靈壽。與蘇頌、范純仁等人交遊唱和。,47
17444,王伯庠,宋,王伯庠（1106-1173），宋人，章丘人，為官者。,王伯庠，宋人，籍貫章丘。生於1106年，卒於1173年。為官者。一生主要活動於章丘、鄞縣。與陸游、員興宗等人交遊唱和。,59
18203,潘友文,宋,潘友文（0-0），宋人，上虞人，財政官員。,潘友文，宋人，籍貫上虞。生於0年，卒於0年。為財政官員。一生主要活動於上虞、金華。與朱熹、陸九淵、薛季宣等人交遊唱和。,59
18299,趙叔盎,宋,趙叔盎（0-0），宋人，開封人，畫家、武官。,趙叔盎，宋人，籍貫開封。生於0年，卒於0年。為畫家、武官。一生主要活動於開封。與黃庭堅、米芾、蘇軾、薛紹彭等人交遊唱和。,60
18843,錢世雄,宋,錢世雄（0-0），宋人，武進人，詩人、為官者。,錢世雄，宋人，籍貫武進。生於0年，卒於0年。為詩人、為官者。一生主要活動於晉陵、武進。與蘇軾、范祖禹等人交遊唱和。,57
19405,趙善湘,宋,趙善湘（0-0），宋人，鄞縣人，為官者。,趙善湘，宋人，籍貫鄞縣。生於0年，卒於0年。為官者。一生主要活動於鄞縣。與衛涇、趙范、彭義斌等人交遊唱和。,53
19868,李冲元,宋,李冲元（0-0），宋人，桐城人，書法家、為官者。,李冲元，宋人，籍貫桐城。生於0年，卒於0年。為書法家、為官者。一生主要活動於桐城。與黃庭堅、周必大、洪朋、李亮工等人交遊唱和。,63
20316,劉應李,宋,劉應李（0-0），宋人，建陽人，為官者、隱居（有隱德）。,劉應李，宋人，籍貫建陽。生於0年，卒於0年。為官者、隱居（有隱德）。一生主要活動於建陽。與熊禾、李重峰、詹君履、眞德秀等人交遊唱和。,66
20555,危稹,宋,危稹，宋人，臨川人，地方士人/鄉紳、為邑里所重、為官者。,危稹，宋人，籍貫臨川。為地方士人/鄉紳、為邑里所重、為官者。一生主要活動於臨川。與洪邁、羅椅、袁桷、羅必元等人交遊唱和。,60
20862,邵古,宋,邵古（986-1064），宋人，共城人，隱士、孝子/孝女、小學家。,邵古，宋人，籍貫共城。生於986年，卒於1064年。為隱士、孝子/孝女、小學家。一生主要活動於武邑、衛州、共城、范陽、洛陽。,62
21142,杜知仁,宋,杜知仁（0-0），宋人，黃巖人，儒學、隱士、經學家。,杜知仁，宋人，籍貫黃巖。生於0年，卒於0年。為儒學、隱士、經學家。一生主要活動於黃巖。與朱熹、項采、林表民、趙師夏等人交遊唱和。,64
21153,林鼐,宋,林鼐（1144-1192），宋人，黃巖人，理學家、為官者。,林鼐，宋人，籍貫黃巖。生於1144年，卒於1192年。為理學家、為官者。一生主要活動於黃巖。與葉適、朱熹等人交遊唱和。,59
21630,竇儼,宋,竇儼（919-960），宋人，洛陽人，工於文、為官者。,竇儼，宋人，籍貫洛陽。生於919年，卒於960年。為工於文、為官者。一生主要活動於浚儀、魚陽、臨沂、河南、洛陽。與竇僖、史匡翰等人交遊唱和。,70
22487,楊方,宋,楊方，宋人，長汀人，理學家、孝子/孝女、財政官員。,楊方，宋人，籍貫長汀。為理學家、孝子/孝女、財政官員。一生主要活動於長汀。與朱熹、趙汝愚等人交遊唱和。,51
24398,田述古,宋,田述古（1031-1100），宋人，洛陽人，學官。,田述古，宋人，籍貫洛陽。生於1031年，卒於1100年。為學官。一生主要活動於安邱、洛陽。與程顥、程頤、邵雍、司馬光等人交遊唱和。,65
24399,譙定,宋,譙定（0-0），宋人，涪陵人，士人、拒絕出仕。,譙定，宋人，籍貫涪陵。生於0年，卒於0年。為士人、拒絕出仕。一生主要活動於涪陵。與程頤、劉勉之等人交遊唱和。,54
24752,楊宏中,宋,楊宏中，宋人，侯官人，為官者。,楊宏中，宋人，籍貫侯官。為官者。一生主要活動於侯官。與趙汝愚、韓侂胄、鄧驛、周端朝、林仲麟等人交遊唱和。,52
24757,周端朝,宋,周端朝（1172-1234），宋人，永嘉人，為官者。,周端朝，宋人，籍貫永嘉。生於1172年，卒於1234年。為官者。一生主要活動於永嘉。與趙汝愚、楊宏中、林仲麟等人交遊唱和。,61
24758,林仲麟,宋,林仲麟（0-0），宋人，寧德人，為官者、大學生。,林仲麟，宋人，籍貫寧德。生於0年，卒於0年。為官者、大學生。一生主要活動於寧德。與韓侂胄、趙汝愚、楊宏中、周端朝等人交遊唱和。,63
24832,汪革,宋,汪革，宋人，臨川人，為官者。,汪革，宋人，籍貫臨川。為官者。一生主要活動於臨川。與黎確、劉克莊、晁說之等人交遊唱和。,43
24873,余端禮,宋,余端禮（1135-1201），宋人，龍遊人，宰執。,余端禮，宋人，籍貫龍遊。生於1135年，卒於1201年。為宰執。一生主要活動於龍遊。與韓侂胄、李存道等人交遊唱和。,57
24903,蘇昞,宋,蘇昞（0-0），宋人，奉新人，結社、為官者、入元祐黨籍者。,蘇昞，宋人，籍貫奉新。生於0年，卒於0年。為結社、為官者、入元祐黨籍者。一生主要活動於奉新、武功。與呂大忠、呂大防、程顥、程頤、蘇昕等人交遊唱和。,73
25203,趙粹中,宋,趙粹中（1124-1187），宋人，鄞縣人，為官者。,趙粹中，宋人，籍貫鄞縣。生於1124年，卒於1187年。為官者。一生主要活動於鄞縣、會稽。與王安石、司馬光、岳飛、史浩等人交遊唱和。,66
26139,趙燁,宋,趙燁（1138-1185），宋人，閩縣人，理學家、為官者。,趙燁，宋人，籍貫閩縣。生於1138年，卒於1185年。為理學家、為官者。一生主要活動於開封府、閩縣。與呂祖謙、朱熹、蔡戡、周必大等人交遊唱和。,71
26511,王尚恭,宋,王尚恭（1007-1084），宋人，河南府人，為官者。,王尚恭，宋人，籍貫河南府。生於1007年，卒於1084年。為官者。一生主要活動於河南府、萬年、果州。與司馬光、范純仁、文彥博等人交遊唱和。,69
27757,戴復古,宋,戴復古（0-0），宋人，黃巖人，士人。,戴復古，宋人，籍貫黃巖。生於0年，卒於0年。為士人。一生主要活動於黃巖。與劉克莊、丁石、陸游、曾原一、杜耒等人交遊唱和。,60
38389,王容,宋,王容（0-0），宋人，湘陰人，為官者、史學家。,王容，宋人，籍貫湘陰。生於0年，卒於0年。為官者、史學家。一生主要活動於湘陰。與石宗萬、趙崇樸、田慈龍、柴景望、康仲穎等人交遊唱和。,66
38443,王繼恩,宋,王繼恩（?- 999），宋人，陝州人，武將、宦官、結社。,王繼恩，宋人，籍貫陝州。卒於999年。為武將、宦官、結社。一生主要活動於陝州。與田敏、潘閬、韓守英等人交遊唱和。,56
38511,木待問,宋,木待問（0-0），宋人，永嘉人，為官者。,木待問，宋人，籍貫永嘉。生於0年，卒於0年。為官者。一生主要活動於永嘉。與江史、傅伯壽、胡瑑、莫叔光、鄭伯熊等人交遊唱和。,61
40097,宋甡,宋,宋甡（1152-1196），宋人，新建人，為官者、門客。,宋甡，宋人，籍貫新建。生於1152年，卒於1196年。為官者、門客。一生主要活動於新建、金華。與真德秀、周必大、丘崈等人交遊唱和。,65
40845,李中吉,宋,李中吉（992-1075），宋人，河南人，武官。,李中吉，宋人，籍貫河南。生於992年，卒於1075年。為武官。一生主要活動於河南、洛陽。與明鎬、范仲淹、劉公平、魏氏(李昭凝之妻)等人交遊唱和。,72
41499,李鶚,宋,李鶚（1156-1215），宋人，奉化人，詩人、詞人、工於作賦。,李鶚，宋人，籍貫奉化。生於1156年，卒於1215年。為詩人、詞人、工於作賦。一生主要活動於奉化、金谿。與沈煥、袁燮等人交遊唱和。,65
41588,吳燧,宋,吳燧（1200-1264），宋人，同安人，為官者。,吳燧，宋人，籍貫同安。生於1200年，卒於1264年。為官者。一生主要活動於晉江、同安。與劉克莊、董宋臣等人交遊唱和。,59
42062,林自,宋,林自，宋人，興化人，為官者。,林自，宋人，籍貫興化。為官者。一生主要活動於興化。與司馬光、方天若、蔡卞等人交遊唱和。,43
42064,呂思恭,宋,呂思恭（1150-1201），宋人，餘杭人。,呂思恭，宋人，籍貫餘杭。生於1150年，卒於1201年。一生主要活動於東平府、餘杭、鄆州。與宋之瑞、劉德秀、高文虎等人交遊唱和。,64
42101,錢時,宋,錢時，宋人，淳安人，史學家、理學家、主書院講席。,錢時，宋人，籍貫淳安。為史學家、理學家、主書院講席。一生主要活動於淳安。與洪揚祖、呂人龍等人交遊唱和。,51
42179,余應球,宋,余應球，宋人，弋陽人，為官者、好金石。,余應球，宋人，籍貫弋陽。為官者、好金石。一生主要活動於弋陽。與童貫、蔡攸、朱勔、黃伯思等人交遊唱和。,50
42629,林憲卿,宋,林憲卿（1148-1217），宋人，懷安人，地方士人/鄉紳、為邑里所重、鄉先生。,林憲卿，宋人，籍貫懷安。生於1148年，卒於1217年。為地方士人/鄉紳、為邑里所重、鄉先生。一生主要活動於懷安。與朱熹等人交遊唱和。,67
43523,俞紫琳,宋,俞紫琳，宋人，金華人，僧人、音樂學家、詞人。,俞紫琳，宋人，籍貫金華。為僧人、音樂學家、詞人。一生主要活動於金華。與黃庭堅、王安石、李之儀等人交遊唱和。,53
43687,郭藥師,宋,郭藥師，宋人，鐵州人，武將、叛臣。,郭藥師，宋人，籍貫鐵州。為武將、叛臣。一生主要活動於鐵州。與高世宣、詹度、蔡攸等人交遊唱和。,46
45555,曹建,宋,曹建（?- 1183），宋人，餘干人，武官、理學家、孝子/孝女。,曹建，宋人，籍貫餘干。卒於1183年。為武官、理學家、孝子/孝女。一生主要活動於餘干。與朱熹、陸九淵等人交遊唱和。,57
46247,徐霖,宋,徐霖，宋人，西安人，經學家、經學家—禮經、思想家。,徐霖，宋人，籍貫西安。為經學家、經學家—禮經、思想家。一生主要活動於西安。與史嵩之、馬廷鸞、齊德勝、李昴英等人交遊唱和。,60
46642,張庚,宋,張庚（999-1049），宋人，洛陽人。,張庚，宋人，籍貫洛陽。生於999年，卒於1049年。一生主要活動於河南府、和州、洛陽。與錢惟演、王沿、何郯、王尚恭、張琇等人交遊唱和。,67
49664,㬊淵,宋,㬊淵，宋人，涪陵人，理學家。,㬊淵，宋人，籍貫涪陵。為理學家。一生主要活動於涪陵。與陽枋、朱熹、度正、陽岊等人交遊唱和。,45
108888,舒岳祥,宋,舒岳祥（1219-1298），宋人，寧海人，詩人。,舒岳祥，宋人，籍貫寧海。生於1219年，卒於1298年。為詩人。一生主要活動於寧海、奉化州。與戴表元、胡長孺、袁桷等人交遊唱和。,64
578252,韓樞,宋,韓樞（989-1069），宋人，開封人。,韓樞，宋人，籍貫開封。生於989年，卒於1069年。一生主要活動於洛陽、開封、常山郡。與富弼、榮諲、李蹇、韓復古、趙淉等人交遊唱和。,66
164,楚建中,宋,楚建中（1010-1090），宋人，洛陽人，良吏;循吏、財政官員。,楚建中，宋人，籍貫洛陽。生於1010年，卒於1090年。為良吏;循吏、財政官員。一生主要活動於洛陽。與文彥博、司馬光、范純仁、周麟之、胡氏(王汲妻)等人交遊唱和。,81
420,李誡,宋,李誡（?- 1110），宋人，管城人，書法家、畫家、藏書家。,李誡，宋人，籍貫管城。卒於1110年。為書法家、畫家、藏書家。一生主要活動於管城。與董逌、趙明誠、趙九成等人交遊唱和。,59
449,賈黯,宋,賈黯，宋人，南陽人，財政官員。,賈黯，宋人，籍貫南陽。為財政官員。一生主要活動於穰縣、南陽。與劉攽、譚必、劉克莊、歐陽修等人交遊唱和。,51
575,范如圭,宋,范如圭（1102-1160），宋人，建陽人，為官者。,范如圭，宋人，籍貫建陽。生於1102年，卒於1160年。為官者。一生主要活動於建陽。與朱熹、秦檜、真德秀等人交遊唱和。,59
624,傅崧卿,宋,傅崧卿（0-0），宋人，山陰人，史學家、財政官員。,傅崧卿，宋人，籍貫山陰。生於0年，卒於0年。為史學家、財政官員。一生主要活動於山陰。與陸游、袁燮、林靈素、侯延慶等人交遊唱和。,63
688,賀允中,宋,賀允中（1090-1168），宋人，臨海人，財政官員、宰執。,賀允中，宋人，籍貫臨海。生於1090年，卒於1168年。為財政官員、宰執。一生主要活動於臨海、汝陽。與呂頤浩、王十朋、秦檜、劉知過等人交遊唱和。,72
826,胡松年,宋,胡松年（1087-1146），宋人，武進人，結社、財政官員、宰執。,胡松年，宋人，籍貫武進。生於1087年，卒於1146年。為結社、財政官員、宰執。一生主要活動於武進、懷仁。與李遠、岳飛、秦檜等人交遊唱和。,69
859,黃祖舜,宋,黃祖舜（0-0），宋人，福清人，財政官員、宰執。,黃祖舜，宋人，籍貫福清。生於0年，卒於0年。為財政官員、宰執。一生主要活動於福清。與林彖、秦熺、秦檜、鄭俠、朱熹等人交遊唱和。,63
1092,李大臨,宋,李大臨，宋人，華陽人，財政官員。,李大臨，宋人，籍貫華陽。為財政官員。一生主要活動於華陽。與張方平、宇文、度正、歐陽修、蘇軾等人交遊唱和。,52
1097,李定,宋,李定（1028-1087），宋人，江都人，財政官員。,李定，宋人，籍貫江都。生於1028年，卒於1087年。為財政官員。一生主要活動於江都。與王安石、丁隲、蘇軾、范育、度正等人交遊唱和。,66
1161,林勳,宋,林勳（0-0），宋人，臨賀人，理學家、良吏;循吏、農學家。,林勳，宋人，籍貫臨賀。生於0年，卒於0年。為理學家、良吏;循吏、農學家。一生主要活動於臨賀。與薛季宣、朱熹等人交遊唱和。,60
1169,林特,宋,林特（0-0），宋人，順昌人，財政官員。,林特，宋人，籍貫順昌。生於0年，卒於0年。為財政官員。一生主要活動於順昌。與寇準、劉承珪、王欽若、呂蒙正、丁謂等人交遊唱和。,62
1200,劉庠,宋,劉庠（1023-1086），宋人，彭城人，財政官員。,劉庠，宋人，籍貫彭城。生於1023年，卒於1086年。為財政官員。一生主要活動於彭城。與石延年、王安石、王舉元等人交遊唱和。,62
1230,劉述,宋,劉述，宋人，長興人，財政官員。,劉述，宋人，籍貫長興。為財政官員。一生主要活動於歸安、長興。與釋懷賢、劉摯、詹象先、魏了翁、錢顗等人交遊唱和。,55
1292,呂溱,宋,呂溱，宋人，歙縣人，經學家—禮經、財政官員。,呂溱，宋人，籍貫歙縣。為經學家—禮經、財政官員。一生主要活動於揚州、江寧、歙縣。與歐陽修、米芾、司馬光等人交遊唱和。,58
1389,潘美,宋,潘美（921-987），宋人，元城人，財政官員。,潘美，宋人，籍貫元城。生於921年，卒於987年。為財政官員。一生主要活動於元城、大名。與崔希甫、李重誨等人交遊唱和。,59
1455,沈邈,宋,沈邈（1002-1047），宋人，弋陽人，財政官員。,沈邈，宋人，籍貫弋陽。生於1002年，卒於1047年。為財政官員。一生主要活動於弋陽、洛陽、延州。與歐陽修、夏竦、呂夷簡、張湍、錢景裕等人交遊唱和。,74
1525,孫何,宋,孫何（961-1004），宋人，汝陽人，為官者、小學家、語言學家。,孫何，宋人，籍貫汝陽。生於961年，卒於1004年。為官者、小學家、語言學家。一生主要活動於汝陽。與王禹偁、丁謂、孫暨、楊徽之等人交遊唱和。,70
1583,宋㬇,宋,宋㬇（1086-1161），宋人，新建人，財政官員。,宋㬇，宋人，籍貫新建。生於1086年，卒於1161年。為財政官員。一生主要活動於新建、雍邱。與周必大等人交遊唱和。,57
1668,曹耜,宋,曹耜（1137-1197），宋人，天台人，為官者、孝子/孝女、好學。,曹耜，宋人，籍貫天台。生於1137年，卒於1197年。為官者、孝子/孝女、好學。一生主要活動於天台、祥符。與周必大等人交遊唱和。,64
1792,王秬,宋,王秬（?- 1173），宋人，晉江人，財政官員。,王秬，宋人，籍貫晉江。卒於1173年。為財政官員。一生主要活動於晉江、晉城、定州。與魏了翁、陸游等人交遊唱和。,55
1828,王益柔,宋,王益柔（1015-1086），宋人，洛陽人，好學、財政官員。,王益柔，宋人，籍貫洛陽。生於1015年，卒於1086年。為好學、財政官員。一生主要活動於洛陽。與蔡襄、歐陽修、侯紹曾、張方平、尹洙等人交遊唱和。,72
1955,翁挺,宋,翁挺（0-0），宋人，崇安人，好金石、財政官員。,翁挺，宋人，籍貫崇安。生於0年，卒於0年。為好金石、財政官員。一生主要活動於崇安。與黃伯思、劉子翬等人交遊唱和。,56
1996,楊椿,宋,楊椿（1095-1167），宋人，彭山人，財政官員、宰執。,楊椿，宋人，籍貫彭山。生於1095年，卒於1167年。為財政官員、宰執。一生主要活動於眉山、彭山。與陳良祐、程鉅夫、秦檜、晁公遡、王十朋等人交遊唱和。,75
2113,元書,宋,元書（0-0），宋人，財政官員。,元書，宋人。生於0年，卒於0年。為財政官員。與陳造、詹體仁、文天祥、釋道璨、薛季宣等人交遊唱和。,48
3025,晁端友,宋,晁端友，宋人，鉅野人，宗子、詩人、為官者。,晁端友，宋人，籍貫鉅野。為宗子、詩人、為官者。一生主要活動於鉅野。與蘇軾、晁補之、高旦、黃庭堅等人交遊唱和。,54
3092,陳自強,宋,陳自強（0-0），宋人，長樂人，宰執。,陳自強，宋人，籍貫長樂。生於0年，卒於0年。為宰執。一生主要活動於閩縣、長樂。與林行可、王益祥、韓侂胄、呂祖泰、湯璹等人交遊唱和。,65
3132,張忠恕,宋,張忠恕（1174-1230），宋人，衡陽人，財政官員。,張忠恕，宋人，籍貫衡陽。生於1174年，卒於1230年。為財政官員。一生主要活動於綿竹、衡陽。與魏了翁、史彌遠、蔡戡等人交遊唱和。,65
3242,周希孟,宋,周希孟（0-0），宋人，侯官人，經學家、為官者。,周希孟，宋人，籍貫侯官。生於0年，卒於0年。為經學家、為官者。一生主要活動於侯官。與潘鯁、曾伉、蔡襄等人交遊唱和。,57
3481,李繼隆,宋,李繼隆（950-1005），宋人，開封人，外戚、經學家—左傳、音樂學家。,李繼隆，宋人，籍貫開封。生於950年，卒於1005年。為外戚、經學家—左傳、音樂學家。一生主要活動於上黨、開封。與楊億、李處疇等人交遊唱和。,70
3618,樓异,宋,樓异（0-0），宋人，鄞縣人，富豪、為官者。,樓异，宋人，籍貫鄞縣。生於0年，卒於0年。為富豪、為官者。一生主要活動於奉化、鄞縣。與許景衡等人交遊唱和。,53
3674,毛友,宋,毛友（0-0），宋人，江山人，為官者。,毛友，宋人，籍貫江山。生於0年，卒於0年。為官者。一生主要活動於西安、江山。與劉達夫、朱勔、張嵲、折克行、方臘等人交遊唱和。,62
3699,龐謙孺,宋,龐謙孺（1117-1167），宋人，烏程人，為官者。,龐謙孺，宋人，籍貫烏程。生於1117年，卒於1167年。為官者。一生主要活動於烏程、單州、成武。,48
3712,上官均,宋,上官均，宋人，邵武人，結社、工於作賦、為官者。,上官均，宋人，籍貫邵武。為結社、工於作賦、為官者。一生主要活動於邵武。與李清臣、蔡確、崔台符、上官憕等人交遊唱和。,57
3816,譚章,宋,譚章（1059-1144），宋人，長沙人，天文學家（星象家）、經學家、博學之人。,譚章，宋人，籍貫長沙。生於1059年，卒於1144年。為天文學家（星象家）、經學家、博學之人。一生主要活動於衡陽、長沙。,60
3828,唐坰,宋,唐坰（0-0），宋人，錢塘人，為官者。,唐坰，宋人，籍貫錢塘。生於0年，卒於0年。為官者。一生主要活動於錢塘。與蘇軾、王安石、周必大等人交遊唱和。,53
3968,王雱,宋,王雱（1044-1076），宋人，臨川人，為官者、思想家。,王雱，宋人，籍貫臨川。生於1044年，卒於1076年。為官者、思想家。一生主要活動於臨川。與王安石、陸佃、杜炤、許允成、吳孝宗等人交遊唱和。,70
4008,吳津,宋,吳津（1133-1196），宋人，仙居人，隱居（有隱德）、孝子/孝女、博學之人。,吳津，宋人，籍貫仙居。生於1133年，卒於1196年。為隱居（有隱德）、孝子/孝女、博學之人。一生主要活動於仙居。與朱熹等人交遊唱和。,67
4027,吳則禮,宋,吳則禮（?- 1121），宋人，永興人，削籍官員、為官者。,吳則禮，宋人，籍貫永興。卒於1121年。為削籍官員、為官者。一生主要活動於永興、南昌。與米芾、歐陽修、曾肇、富弼、曾布等人交遊唱和。,66
4033,翁彥深,宋,翁彥深（1079-1141），宋人，崇安人，好金石、為官者。,翁彥深，宋人，籍貫崇安。生於1079年，卒於1141年。為好金石、為官者。一生主要活動於崇安。與劉勉之、黃伯思、梁師成、劉子翬等人交遊唱和。,70
4058,姚闢,宋,姚闢（0-0），宋人，金壇人，經學家、為官者。,姚闢，宋人，籍貫金壇。生於0年，卒於0年。為經學家、為官者。一生主要活動於金壇。與蘇洵、歐陽修、王安石等人交遊唱和。,58
4117,閻文應,宋,閻文應（0-1039），宋人，開封人，宦官。,閻文應，宋人，籍貫開封。生於0年，卒於1039年。為宦官。一生主要活動於開封。與呂夷簡、晏殊、郭氏(趙禎妻)、范雍、岑保正等人交遊唱和。,68
4183,歐陽觀,宋,歐陽觀（952-1010），宋人，廬陵人，孝子/孝女、為官者。,歐陽觀，宋人，籍貫廬陵。生於952年，卒於1010年。為孝子/孝女、為官者。一生主要活動於廬陵、永豐。與歐陽修、蘇頌等人交遊唱和。,65
7159,章綡,宋,章綡（1062-1125），宋人，浦城人，為官者。,章綡，宋人，籍貫浦城。生於1062年，卒於1125年。為官者。一生主要活動於吳縣、浦城、平江府。與張商英、蕭服、方臘等人交遊唱和。,65
7248,徐鐸,宋,徐鐸（0-0），宋人，平陽人，為官者。,徐鐸，宋人，籍貫平陽。生於0年，卒於0年。為官者。一生主要活動於平陽、莆田。與方天若、豐稷、蹇序辰、華鎮等人交遊唱和。,59
7363,曾易占,宋,曾易占（969-1047），宋人，南豐人，良吏;循吏、為官者。,曾易占，宋人，籍貫南豐。生於969年，卒於1047年。為良吏;循吏、為官者。一生主要活動於南豐。與王安石、蘇軾等人交遊唱和。,62
7373,王仲嶷,宋,王仲嶷（0-0），宋人，長洲人，削籍官員、為官者。,王仲嶷，宋人，籍貫長洲。生於0年，卒於0年。為削籍官員、為官者。一生主要活動於長洲、吳縣、華陽、東明。與秦檜等人交遊唱和。,61
7375,王庠,宋,王庠（1071-0），宋人，榮德人，拒絕出仕、孝子/孝女、處士。,王庠，宋人，籍貫榮德。生於1071年，卒於0年。為拒絕出仕、孝子/孝女、處士。一生主要活動於榮德。與黃庭堅、蘇軾等人交遊唱和。,63
7391,文及甫,宋,文及甫（0-0），宋人，解縣人，史學家、入元祐黨籍者、為官者。,文及甫，宋人，籍貫解縣。生於0年，卒於0年。為史學家、入元祐黨籍者、為官者。一生主要活動於解縣、介休。與畢仲游等人交遊唱和。,62
8053,何執中,宋,何執中（1044-1117），宋人，龍泉人，宰執。,何執中，宋人，籍貫龍泉。生於1044年，卒於1117年。為宰執。一生主要活動於龍泉。與洪彥昇、徐勣、劉攽、梁固等人交遊唱和。,62
8081,李邦彥,宋,李邦彥（?- 1130），宋人，懷州人，削籍官員、宰執。,李邦彥，宋人，籍貫懷州。卒於1130年。為削籍官員、宰執。一生主要活動於嘉興、懷州、河內。與雷觀、鄭億年、林表民等人交遊唱和。,63
8101,呂蒙正,宋,呂蒙正（946-1011），宋人，洛陽人，宰執。,呂蒙正，宋人，籍貫洛陽。生於946年，卒於1011年。為宰執。一生主要活動於洛陽。與富弼、袁逢吉、林特、王禹偁等人交遊唱和。,62
